url_key	raw_url	company	role	report_num	outcome	timestamp	run_id	notes
https://thales.wd3.myworkdayjobs.com/Careers/job/Toulouse/Consultant-Cloud-Finops-H-F_R0333505-2	https://thales.wd3.myworkdayjobs.com/Careers/job/Toulouse/Consultant-Cloud-Finops-H-F_R0333505-2	Thales	Consultant Cloud/Finops H/F	594	in-progress	2026-09-01T22:19:01.690Z	fm-2026-09-02-rehearsal	
https://thales.wd3.myworkdayjobs.com/Careers/job/Toulouse/Consultant-Cloud-Finops-H-F_R0333505-2	https://thales.wd3.myworkdayjobs.com/Careers/job/Toulouse/Consultant-Cloud-Finops-H-F_R0333505-2	Thales	Consultant Cloud/Finops H/F	594	validation-failed	2026-09-01T22:30:10.791Z	fm-2026-09-02-rehearsal	Phase 8 rehearsal: stopped deliberately before Submit at the user's instruction. No application sent.
https://thales.wd3.myworkdayjobs.com/Careers/job/Toulouse/Consultant-Cloud-Finops-H-F_R0333505-2	https://thales.wd3.myworkdayjobs.com/Careers/job/Toulouse/Consultant-Cloud-Finops-H-F_R0333505-2	Thales	Consultant Cloud/Finops H/F	594	in-progress	2026-09-01T23:07:48.382Z	fm-2026-09-02-live	reclaimed after validation-failed
https://thales.wd3.myworkdayjobs.com/Careers/job/Toulouse/Consultant-Cloud-Finops-H-F_R0333505-2	https://thales.wd3.myworkdayjobs.com/Careers/job/Toulouse/Consultant-Cloud-Finops-H-F_R0333505-2	Thales	Consultant Cloud/Finops H/F	594	submitted	2026-09-01T23:47:15.838Z	fm-2026-09-02-live	Full auto. Workday Job_Application_ID=affe741fbd2490011f6b266baaf40000
https://www.viseo.com/fr/nos-offres-demploi/data-engineer-confirme-cloud-gcp-f-h	https://www.viseo.com/fr/nos-offres-demploi/data-engineer-confirme-cloud-gcp-f-h/	VISEO	Data Engineer Confirmé (Cloud GCP) F/H	-	in-progress	2026-09-01T23:57:51.493Z	fm-2026-09-02-viseo	
https://www.viseo.com/fr/nos-offres-demploi/data-engineer-confirme-cloud-gcp-f-h	https://www.viseo.com/fr/nos-offres-demploi/data-engineer-confirme-cloud-gcp-f-h/	VISEO	Data Engineer Confirmé (Cloud GCP) F/H	-	submitted	2026-09-02T00:05:46.474Z	fm-2026-09-02-viseo	Full auto on a custom (non-ATS) company form. Confirmation page reached.
https://www.welcometothejungle.com/en/companies/thales/jobs/ingenieur-cloud-devsecops-h-f_toulouse	https://www.welcometothejungle.com/en/companies/thales/jobs/ingenieur-cloud-devsecops-h-f_toulouse	Thales	Ingénieur Cloud & DevSecOps (H/F)	502	in-progress	2026-09-06T21:33:44.126Z	fm-2026-09-06-live	
https://www.welcometothejungle.com/en/companies/thales/jobs/ingenieur-cloud-devsecops-h-f_toulouse	https://www.welcometothejungle.com/en/companies/thales/jobs/ingenieur-cloud-devsecops-h-f_toulouse	Thales	Ingénieur Cloud & DevSecOps (H/F)	502	submitted	2026-09-06T21:43:51.509Z	fm-2026-09-06-live	Full auto on careers.thalesgroup.com (Radancy 4-step wizard proxying Workday). Job_Application_ID=72dd06632cb99000802991ac7fc40000 candidateId=CAND7462746. CV: cv-mohammad-machaka-thales-cloud-devsecops.pdf
https://thales.wd3.myworkdayjobs.com/Careers/job/Carquefou/Ingnieur-DevOps-cloud--H-F-_R0339203-1	https://thales.wd3.myworkdayjobs.com/Careers/job/Carquefou/Ingnieur-DevOps-cloud--H-F-_R0339203-1	Thales	Ingénieur DevOps cloud (H/F)	1112	in-progress	2026-09-06T21:44:47.938Z	fm-2026-09-06-live	
https://thales.wd3.myworkdayjobs.com/Careers/job/Carquefou/Ingnieur-DevOps-cloud--H-F-_R0339203-1	https://thales.wd3.myworkdayjobs.com/Careers/job/Carquefou/Ingnieur-DevOps-cloud--H-F-_R0339203-1	Thales	Ingénieur DevOps cloud (H/F)	1112	errored	2026-09-06T21:51:30.956Z	fm-2026-09-06-live	Thales ATS returned status=alreadyApplied at step-1 Next (Job_Application_ID=undefined, candidateId=CAND7462746). Nothing submitted. Tenant dedupes by candidate email across requisitions.
https://jobs.ashbyhq.com/alan/77e5ab0e-b939-4179-9461-e2e4b5ac9cbb	https://jobs.ashbyhq.com/alan/77e5ab0e-b939-4179-9461-e2e4b5ac9cbb	Alan	Senior Platform Engineer - Data Retention & Privacy	-	in-progress	2026-09-06T21:59:46.578Z	fm-2026-09-06-live	
https://jobs.ashbyhq.com/alan/77e5ab0e-b939-4179-9461-e2e4b5ac9cbb	https://jobs.ashbyhq.com/alan/77e5ab0e-b939-4179-9461-e2e4b5ac9cbb	Alan	Senior Platform Engineer - Data Retention & Privacy	-	validation-failed	2026-09-06T21:59:46.782Z	fm-2026-09-06-live	DRY RUN (no-submit session): Ashby form filled 100% incl. all optional fields, 2 essays from apply-essays.yml, 4 radio groups, CV uploaded. Stopped deliberately before Submit. Nothing sent.
https://job-boards.greenhouse.io/artefact/jobs/4127331002	https://job-boards.greenhouse.io/artefact/jobs/4127331002	Artefact	Senior Software Engineer	-	in-progress	2026-09-06T22:14:55.913Z	fm-2026-09-06-live	
https://job-boards.greenhouse.io/artefact/jobs/4127331002	https://job-boards.greenhouse.io/artefact/jobs/4127331002	Artefact	Senior Software Engineer	-	validation-failed	2026-09-06T22:14:56.098Z	fm-2026-09-06-live	DRY RUN (no-submit): Greenhouse native form filled 100% incl. optional CV + manually-entered cover letter, 2 ARIA comboboxes expanded and picked, 2 consent checkboxes. Stopped before Submit.
https://apply.workable.com/huggingface/j/F4C096B22E	https://apply.workable.com/huggingface/j/F4C096B22E	Hugging Face	Low-level Senior Software Engineer, Xet Storage	-	in-progress	2026-09-06T22:20:09.907Z	fm-2026-09-06-live	
https://apply.workable.com/huggingface/j/F4C096B22E	https://apply.workable.com/huggingface/j/F4C096B22E	Hugging Face	Low-level Senior Software Engineer, Xet Storage	-	errored	2026-09-06T22:20:10.137Z	fm-2026-09-06-live	Deliberately NOT filled: integrity attestation + JD-phrase automation tripwire + required GitHub URL not in user layer. See docs/freemotion-ats-findings.md G9/G10.
https://jobs.smartrecruiters.com/Ubisoft2/744000146483219	https://jobs.smartrecruiters.com/Ubisoft2/744000146483219	Ubisoft	Team Lead (F/M/NB) Bordeaux	-	in-progress	2026-09-06T22:35:54.322Z	fm-2026-09-06-live	
https://jobs.smartrecruiters.com/Ubisoft2/744000146483219	https://jobs.smartrecruiters.com/Ubisoft2/744000146483219	Ubisoft	Team Lead (F/M/NB) Bordeaux	-	validation-failed	2026-09-06T22:35:54.421Z	fm-2026-09-06-live	DRY RUN (no-submit): SmartRecruiters Easy Apply, entire form in shadow DOM (1814 open roots). Filled all required + optional profile fields, CV uploaded, message written. Stopped before Next/Submit.
https://thales.wd3.myworkdayjobs.com/Careers/job/Carquefou/Ingnieur-DevOps-cloud--H-F-_R0339203-1	https://thales.wd3.myworkdayjobs.com/Careers/job/Carquefou/Ingnieur-DevOps-cloud--H-F-_R0339203-1	Thales	Ingénieur DevOps cloud (H/F)	1112	already-applied	2026-09-07T19:00:39.429Z	fm-2026-09-06-live	Tenant dedupes by candidate email across requisitions: status=alreadyApplied at step-1 Next. Nothing submitted. Re-stated from errored 2026-09-07.
https://jobs.ashbyhq.com/alan/77e5ab0e-b939-4179-9461-e2e4b5ac9cbb	https://jobs.ashbyhq.com/alan/77e5ab0e-b939-4179-9461-e2e4b5ac9cbb	Alan	Senior Platform Engineer - Data Retention & Privacy	-	rehearsal	2026-09-07T19:00:39.590Z	fm-2026-09-06-live	No-submit dry run: form filled to completion incl. optional fields, stopped before Submit. Re-stated from validation-failed 2026-09-07.
https://job-boards.greenhouse.io/artefact/jobs/4127331002	https://job-boards.greenhouse.io/artefact/jobs/4127331002	Artefact	Senior Software Engineer	-	rehearsal	2026-09-07T19:00:39.729Z	fm-2026-09-06-live	No-submit dry run: form filled to completion incl. optional fields, stopped before Submit. Re-stated from validation-failed 2026-09-07.
https://jobs.smartrecruiters.com/Ubisoft2/744000146483219	https://jobs.smartrecruiters.com/Ubisoft2/744000146483219	Ubisoft	Team Lead (F/M/NB) Bordeaux	-	rehearsal	2026-09-07T19:00:39.908Z	fm-2026-09-06-live	No-submit dry run: form filled to completion incl. optional fields, stopped before Submit. Re-stated from validation-failed 2026-09-07.
https://job-boards.greenhouse.io/artefact/jobs/4127328002	https://job-boards.greenhouse.io/artefact/jobs/4127328002	Artefact	Senior Data Consultant (H/F) - CDI - Paris	-	in-progress	2026-09-07T19:03:44.245Z	fm-2026-09-07-parked	
https://jobs.ashbyhq.com/alan/a5a9392e-76b4-4fad-bba5-357f57bacca5	https://jobs.ashbyhq.com/alan/a5a9392e-76b4-4fad-bba5-357f57bacca5	Alan	Fullstack Software Engineer - AI Developer Tools	-	in-progress	2026-09-07T19:03:44.725Z	fm-2026-09-07-parked	
https://jobs.ashbyhq.com/alan/77e5ab0e-b939-4179-9461-e2e4b5ac9cbb	https://jobs.ashbyhq.com/alan/77e5ab0e-b939-4179-9461-e2e4b5ac9cbb	Alan	Senior Platform Engineer - Data Retention & Privacy	-	in-progress	2026-09-07T19:03:45.061Z	fm-2026-09-07-parked	reclaimed after rehearsal
https://jobs.ashbyhq.com/alan/0ff78ea3-64c0-4b4e-ad0f-72d54175b132	https://jobs.ashbyhq.com/alan/0ff78ea3-64c0-4b4e-ad0f-72d54175b132	Alan	Fullstack Software Engineer - Care Expert Copilot	-	in-progress	2026-09-07T19:03:45.389Z	fm-2026-09-07-parked	
https://jobs.ashbyhq.com/alan/7258aeb9-4ed5-4365-90ab-3206d30e622f	https://jobs.ashbyhq.com/alan/7258aeb9-4ed5-4365-90ab-3206d30e622f	Alan	Fullstack Software Engineer - Global Billing Platform	-	in-progress	2026-09-07T19:03:45.793Z	fm-2026-09-07-parked	
https://job-boards.greenhouse.io/artefact/jobs/4127331002	https://job-boards.greenhouse.io/artefact/jobs/4127331002	Artefact	Senior Software Engineer - Paris	-	in-progress	2026-09-07T19:15:23.662Z	fm-2026-09-07-parked	reclaimed after rehearsal
https://job-boards.greenhouse.io/doctolib/jobs/7534394003	https://job-boards.greenhouse.io/doctolib/jobs/7534394003	Doctolib	Senior Data Engineer (x/f/m)	-	in-progress	2026-09-07T23:03:01.865Z	fm-2026-09-08-parked	
https://job-boards.greenhouse.io/doctolib/jobs/7675665003	https://job-boards.greenhouse.io/doctolib/jobs/7675665003	Doctolib	Staff DataOps Engineer (x/f/m)	-	in-progress	2026-09-07T23:03:02.362Z	fm-2026-09-08-parked	
https://job-boards.greenhouse.io/doctolib/jobs/7692278003	https://job-boards.greenhouse.io/doctolib/jobs/7692278003	Doctolib	Senior MLOps Engineer - Data Ingestion	-	in-progress	2026-09-07T23:03:02.879Z	fm-2026-09-08-parked	
https://jobs.ashbyhq.com/pennylane/88b4a6e4-85cd-4179-ad4e-5ca2445adc18	https://jobs.ashbyhq.com/pennylane/88b4a6e4-85cd-4179-ad4e-5ca2445adc18	Pennylane	Senior Data Engineer - Analytics	-	in-progress	2026-09-07T23:03:03.369Z	fm-2026-09-08-parked	
https://job-boards.greenhouse.io/doctolib/jobs/7534394003	https://job-boards.greenhouse.io/doctolib/jobs/7534394003	Doctolib	Senior Data Engineer (x/f/m)	-	rehearsal	2026-09-07T23:07:36.165Z	fm-2026-09-08-parked	Parked for user submit: Greenhouse form filled 100% incl. optional CV + tailored cover letter, demographics declined per profile, GDPR retention consent given. Text passed lib/voice-check.mjs.
https://job-boards.greenhouse.io/doctolib/jobs/7675665003	https://job-boards.greenhouse.io/doctolib/jobs/7675665003	Doctolib	Staff DataOps Engineer (x/f/m)	-	rehearsal	2026-09-07T23:07:36.338Z	fm-2026-09-08-parked	Parked for user submit: Greenhouse form filled 100% incl. optional CV + tailored cover letter, demographics declined per profile, GDPR retention consent given. Text passed lib/voice-check.mjs.
https://job-boards.greenhouse.io/doctolib/jobs/7692278003	https://job-boards.greenhouse.io/doctolib/jobs/7692278003	Doctolib	Senior MLOps Engineer - Data Ingestion	-	rehearsal	2026-09-07T23:10:29.776Z	fm-2026-09-08-parked	Parked for user submit: Greenhouse, CV + tailored cover letter, voice-check clean.
https://jobs.ashbyhq.com/pennylane/88b4a6e4-85cd-4179-ad4e-5ca2445adc18	https://jobs.ashbyhq.com/pennylane/88b4a6e4-85cd-4179-ad4e-5ca2445adc18	Pennylane	Senior Data Engineer - Analytics	-	rehearsal	2026-09-07T23:10:29.927Z	fm-2026-09-08-parked	Parked for user submit: Ashby, all fields incl. optional, CV, visa position stated plainly in the location free-text (posting says no sponsorship; candidate has current French work authorisation). voice-check clean.
https://job-boards.greenhouse.io/artefact/jobs/4127331002	https://job-boards.greenhouse.io/artefact/jobs/4127331002	Artefact	Senior Software Engineer - Paris	-	submitted	2026-09-08T21:18:42.124Z	fm-2026-09-07-parked	Submitted by the user from the parked tab. Confirmation page reached. Gender went as 'Prefer not to say' (submitted before the male instruction); French answered Fluent; EN cover letter, voice-check clean.
https://www.welcometothejungle.com/en/companies/intent-technologies/jobs/sre-devops-f-h_toulouse	https://www.welcometothejungle.com/en/companies/intent-technologies/jobs/sre-devops-f-h_toulouse	Intent Technologies	SRE / DevOps F/H	1179	in-progress	2026-09-12T13:33:21.073Z	fm-2026-09-12-aws25	
https://www.welcometothejungle.com/en/companies/napta/jobs/e8fd6066-faa7-4055-95fe-1d9008b9ef41	https://www.welcometothejungle.com/en/companies/napta/jobs/e8fd6066-faa7-4055-95fe-1d9008b9ef41	Napta	Senior DevSecOps	1185	in-progress	2026-09-12T13:36:01.820Z	fm-2026-09-12-aws25	
https://www.welcometothejungle.com/en/companies/napta/jobs/c43ae5f8-63f9-4603-bc37-284371085d63	https://www.welcometothejungle.com/en/companies/napta/jobs/c43ae5f8-63f9-4603-bc37-284371085d63	Napta	Lead Cloud Infrastructure & Security	1191	in-progress	2026-09-12T13:40:43.988Z	fm-2026-09-12-aws25	
https://www.welcometothejungle.com/en/companies/infomil/jobs/architecte-cloud-h-f_toulouse	https://www.welcometothejungle.com/en/companies/infomil/jobs/architecte-cloud-h-f_toulouse	Infomil	Architecte Cloud H/F	1180	in-progress	2026-09-12T13:42:34.138Z	fm-2026-09-12-aws25	
https://www.welcometothejungle.com/en/companies/illuin-tech/jobs/senior-devops-sre-lead-infrastructure_paris	https://www.welcometothejungle.com/en/companies/illuin-tech/jobs/senior-devops-sre-lead-infrastructure_paris	ILLUIN Technology	Senior DevOps / SRE – Lead Infrastructure	1187	in-progress	2026-09-12T13:45:07.227Z	fm-2026-09-12-aws25	
https://www.welcometothejungle.com/en/companies/sopra-steria/jobs/expert-observabilite-dynatrace-ile-de-france_courbevoie	https://www.welcometothejungle.com/en/companies/sopra-steria/jobs/expert-observabilite-dynatrace-ile-de-france_courbevoie	Sopra Steria	Expert(e) Observabilité - Dynatrace - Île-de-France	1188	in-progress	2026-09-12T13:46:06.482Z	fm-2026-09-12-aws25	
https://www.welcometothejungle.com/en/companies/sopra-steria/jobs/ingenieur-devsecops-defense-securite-ile-de-france_courbevoie_SS_PjXJkpl	https://www.welcometothejungle.com/en/companies/sopra-steria/jobs/ingenieur-devsecops-defense-securite-ile-de-france_courbevoie_SS_PjXJkpl	Sopra Steria	Ingénieur(e) DevSecOps - Défense & Sécurité - Ile-de-France	1201	in-progress	2026-09-12T13:50:34.795Z	fm-2026-09-12-aws25	
https://www.welcometothejungle.com/en/companies/lifen/jobs/senior-platform-engineer_paris	https://www.welcometothejungle.com/en/companies/lifen/jobs/senior-platform-engineer_paris	Lifen	Senior Platform Engineer	1194	in-progress	2026-09-12T13:59:18.201Z	fm-2026-09-12-aws25	
https://www.welcometothejungle.com/en/companies/groupe-credit-agricole/jobs/architect-cloud-et-devops-h-f_montrouge	https://www.welcometothejungle.com/en/companies/groupe-credit-agricole/jobs/architect-cloud-et-devops-h-f_montrouge	Crédit Agricole	Architect Cloud et Data H/F	1184	in-progress	2026-09-12T15:13:56.629Z	fm-2026-09-12-aws25	
https://www.welcometothejungle.com/en/companies/oodrive/jobs/platform-engineering-manager_paris	https://www.welcometothejungle.com/en/companies/oodrive/jobs/platform-engineering-manager_paris	Oodrive	Lead Platform Engineer	1195	in-progress	2026-09-12T15:18:56.593Z	fm-2026-09-12-aws25	
https://www.welcometothejungle.com/en/companies/deezer/jobs/senior-expert-platform-engineer-m-f-d_paris	https://www.welcometothejungle.com/en/companies/deezer/jobs/senior-expert-platform-engineer-m-f-d_paris	Deezer	Senior Expert Platform Engineer (m/f/d)	1196	in-progress	2026-09-12T15:19:58.369Z	fm-2026-09-12-aws25	
https://www.welcometothejungle.com/en/companies/deezer/jobs/senior-data-platform-engineer-data-operations-team-m-f-d_paris	https://www.welcometothejungle.com/en/companies/deezer/jobs/senior-data-platform-engineer-data-operations-team-m-f-d_paris	Deezer	Senior Data Platform Engineer - Data Operations Team (m/f/d)	1197	in-progress	2026-09-12T15:23:50.295Z	fm-2026-09-12-aws25	
https://www.welcometothejungle.com/en/companies/converteo/jobs/senior-cloud-architect-h-f-cdi_paris	https://www.welcometothejungle.com/en/companies/converteo/jobs/senior-cloud-architect-h-f-cdi_paris	Converteo	Consultant Architecte Cloud (Confirmé) H/F - CDI	1203	in-progress	2026-09-12T15:25:10.388Z	fm-2026-09-12-aws25	
https://www.welcometothejungle.com/en/companies/delubac/jobs/ingenieur-devops_paris	https://www.welcometothejungle.com/en/companies/delubac/jobs/ingenieur-devops_paris	Banque Delubac & Cie	Ingénieur Devops	1199	in-progress	2026-09-12T15:26:17.425Z	fm-2026-09-12-aws25	
https://www.welcometothejungle.com/en/companies/ratp-digital-innovation/jobs/ingenieur-devops-expert-conteneurisation-h-f_paris_RDI_1ZDX5rx	https://www.welcometothejungle.com/en/companies/ratp-digital-innovation/jobs/ingenieur-devops-expert-conteneurisation-h-f_paris_RDI_1ZDX5rx	RATP Digital & Innovation	Ingénieur DevOps Expert Conteneurisation (H/F)	1192	in-progress	2026-09-12T15:30:29.647Z	fm-2026-09-12-aws25	
https://www.welcometothejungle.com/en/companies/edf/jobs/ingenieur-ingenieure-finops-plateforme-data-ia-groupe_nanterre	https://www.welcometothejungle.com/en/companies/edf/jobs/ingenieur-ingenieure-finops-plateforme-data-ia-groupe_nanterre	EDF	Ingénieur/Ingénieure Finops Plateforme Data & IA Groupe	1202	in-progress	2026-09-12T15:37:52.926Z	fm-2026-09-12-aws25	
https://www.welcometothejungle.com/en/companies/intent-technologies/jobs/sre-devops-f-h_toulouse	https://www.welcometothejungle.com/en/companies/intent-technologies/jobs/sre-devops-f-h_toulouse	Intent Technologies	SRE / DevOps F/H	17	in-progress	2026-09-14T23:27:42.523Z	fm-1789428462184-14d9a809	reclaimed after in-progress
https://www.welcometothejungle.com/en/companies/intent-technologies/jobs/sre-devops-f-h_toulouse	https://www.welcometothejungle.com/en/companies/intent-technologies/jobs/sre-devops-f-h_toulouse	Intent Technologies	SRE / DevOps F/H	1179	in-progress	2026-09-18T08:17:40.472Z	fm-2026-09-17-agy-monitored	reclaimed after in-progress
https://www.welcometothejungle.com/en/companies/napta/jobs/e8fd6066-faa7-4055-95fe-1d9008b9ef41	https://www.welcometothejungle.com/en/companies/napta/jobs/e8fd6066-faa7-4055-95fe-1d9008b9ef41	Napta	Senior DevSecOps	1185	in-progress	2026-09-18T08:18:56.770Z	fm-2026-09-17-agy-monitored	reclaimed after in-progress
https://www.welcometothejungle.com/en/companies/intent-technologies/jobs/sre-devops-f-h_toulouse	https://www.welcometothejungle.com/en/companies/intent-technologies/jobs/sre-devops-f-h_toulouse	Intent Technologies	SRE / DevOps F/H	1179	errored	2026-09-18T08:20:58.180Z	fm-2026-09-17-agy-monitored	Playwright MCP session was unavailable in the current agent environment. Abandoning form-fill per policy.
https://www.welcometothejungle.com/en/companies/napta/jobs/e8fd6066-faa7-4055-95fe-1d9008b9ef41	https://www.welcometothejungle.com/en/companies/napta/jobs/e8fd6066-faa7-4055-95fe-1d9008b9ef41	Napta	Senior DevSecOps	1185	errored	2026-09-18T08:22:09.849Z	fm-2026-09-17-agy-monitored	Playwright MCP session was unavailable in the current agent environment. Abandoning form-fill per policy.
https://www.welcometothejungle.com/en/companies/intent-technologies/jobs/sre-devops-f-h_toulouse	https://www.welcometothejungle.com/en/companies/intent-technologies/jobs/sre-devops-f-h_toulouse	Intent Technologies	SRE / DevOps F/H	1179	in-progress	2026-09-18T08:44:05.042Z	fm-2026-09-18-agy-apply	reclaimed after errored
https://www.welcometothejungle.com/en/companies/intent-technologies/jobs/sre-devops-f-h_toulouse	https://www.welcometothejungle.com/en/companies/intent-technologies/jobs/sre-devops-f-h_toulouse	Intent Technologies	SRE / DevOps F/H	1179	captcha	2026-09-18T08:51:24.430Z	fm-2026-09-18-agy-apply	CAPTCHA detected on WTTJ registration page.
https://www.apec.fr/candidat/recherche-emploi.html/emploi/detail-offre/179390704W	https://www.apec.fr/candidat/recherche-emploi.html/emploi/detail-offre/179390704W	Eurofiber France	Data Engineer	-	in-progress	2026-09-19T20:19:13.047Z	fm-2026-09-19-tls25	
https://www.welcometothejungle.com/en/companies/sopra-steria/jobs/architecte-technique-solutions-air-traffic-management-atm-toulouse_colomiers_SS_YormXk2	https://www.welcometothejungle.com/en/companies/sopra-steria/jobs/architecte-technique-solutions-air-traffic-management-atm-toulouse_colomiers_SS_YormXk2	Sopra Steria	Architecte Technique/Solutions - Air Traffic Management (ATM) - Toulouse	-	in-progress	2026-09-19T20:25:23.484Z	fm-2026-09-19-tls25	
https://www.welcometothejungle.com/en/companies/sopra-steria/jobs/architecte-technique-solutions-air-traffic-management-atm-toulouse_colomiers_SS_YormXk2	https://www.welcometothejungle.com/en/companies/sopra-steria/jobs/architecte-technique-solutions-air-traffic-management-atm-toulouse_colomiers_SS_YormXk2	Sopra Steria	Architecte Technique/Solutions - Air Traffic Management (ATM) - Toulouse	-	submitted	2026-09-19T20:31:42.232Z	fm-2026-09-19-tls25	SmartRecruiters oneclick: 'Votre candidature a bien été envoyée !' 2026-09-19. Motivation message by agy (1 draft + 1 revision), fact-checked. RQTH declined.
https://www.welcometothejungle.com/en/companies/sopra-steria/jobs/ingenieur-back-end-cloud-senior-ia-generative-toulouse_colomiers	https://www.welcometothejungle.com/en/companies/sopra-steria/jobs/ingenieur-back-end-cloud-senior-ia-generative-toulouse_colomiers	Sopra Steria	Ingénieur(e) Back-End Cloud Senior IA Générative - Toulouse	-	in-progress	2026-09-19T20:34:04.584Z	fm-2026-09-19-tls25	
https://www.welcometothejungle.com/en/companies/sopra-steria/jobs/ingenieur-back-end-cloud-senior-ia-generative-toulouse_colomiers	https://www.welcometothejungle.com/en/companies/sopra-steria/jobs/ingenieur-back-end-cloud-senior-ia-generative-toulouse_colomiers	Sopra Steria	Ingénieur(e) Back-End Cloud Senior IA Générative - Toulouse	-	submitted	2026-09-19T20:35:42.117Z	fm-2026-09-19-tls25	Submitted 2026-09-19 via SmartRecruiters oneclick: 'Votre candidature a bien été envoyée !'. Motivation message by agy (1 draft + 1 revision fixing a latency attribution), fact-checked. RQTH declined.
https://www.welcometothejungle.com/en/companies/nexton-consulting/jobs/data-engineer-aws-h-f_paris_NEXTO_Nlw6Vr3	https://www.welcometothejungle.com/en/companies/nexton-consulting/jobs/data-engineer-aws-h-f_paris_NEXTO_Nlw6Vr3	NEXTON	Data Engineer AWS H/F	-	in-progress	2026-09-19T20:38:03.460Z	fm-2026-09-19-tls25	
https://www.welcometothejungle.com/en/companies/nexton-consulting/jobs/data-engineer-aws-h-f_paris_NEXTO_Nlw6Vr3	https://www.welcometothejungle.com/en/companies/nexton-consulting/jobs/data-engineer-aws-h-f_paris_NEXTO_Nlw6Vr3	NEXTON	Data Engineer AWS H/F	-	submitted	2026-09-19T20:39:11.641Z	fm-2026-09-19-tls25	Submitted 2026-09-19 via SmartRecruiters oneclick: 'Votre candidature a bien été envoyée !'. Paris. Message by agy (1 draft + 1 revision) plus two fact-check edits (relocation stated as readiness, AWS infra is the client's). Privacy consent was caught empty by the DOM gate and fixed before send.
https://www.welcometothejungle.com/en/companies/wavestone/jobs/consultant-e-confirme-e-data-platform-engineer-h-f_puteaux	https://www.welcometothejungle.com/en/companies/wavestone/jobs/consultant-e-confirme-e-data-platform-engineer-h-f_puteaux	Wavestone	Consultant.e Confirmé.e - Data Platform Engineer (H/F)	-	in-progress	2026-09-19T20:42:44.719Z	fm-2026-09-19-tls25	
https://www.welcometothejungle.com/en/companies/wavestone/jobs/consultant-e-confirme-e-data-platform-engineer-h-f_puteaux	https://www.welcometothejungle.com/en/companies/wavestone/jobs/consultant-e-confirme-e-data-platform-engineer-h-f_puteaux	Wavestone	Consultant.e Confirmé.e - Data Platform Engineer (H/F)	-	submitted	2026-09-19T20:48:08.742Z	fm-2026-09-19-tls25	Submitted 2026-09-19 via SmartRecruiters oneclick: 'Votre candidature a bien été envoyée !'. Paris (backup for Shom). Screening: French B1-B2, English C2, 3-6 yrs, Master (universitaire), ISAE/Supaéro, residence-permit support Oui, heard via Autre, no accommodations, willing to move to Paris. Message by agy (1 draft + 1 revision removing a false 'moving soon' claim).
https://www.apec.fr/candidat/recherche-emploi.html/emploi/detail-offre/179400050W	https://www.apec.fr/candidat/recherche-emploi.html/emploi/detail-offre/179400050W	Avelsen (via Collective)	Architecte Logiciel et Système d'Information	-	in-progress	2026-09-19T20:48:59.185Z	fm-2026-09-19-tls25	
https://www.apec.fr/candidat/recherche-emploi.html/emploi/detail-offre/179400050W	https://www.apec.fr/candidat/recherche-emploi.html/emploi/detail-offre/179400050W	Avelsen (via Collective)	Architecte Logiciel et Système d'Information	-	submitted	2026-09-19T20:50:17.660Z	fm-2026-09-19-tls25	Submitted 2026-09-19 via APEC -> xtramile -> collective.work quick apply: 'Candidature envoyée. Votre candidature a été envoyée'. Toulouse CDI 45-65k, client = real-estate agent network HQ. Collective auto-created an account (profiling: CDI, LinkedIn). No letter field.
https://www.apec.fr/candidat/recherche-emploi.html/emploi/detail-offre/179392829W	https://www.apec.fr/candidat/recherche-emploi.html/emploi/detail-offre/179392829W	Collective client (Data & IA)	Data & IA Engineer - Confirmé - Expert - CDI	-	in-progress	2026-09-19T20:50:18.162Z	fm-2026-09-19-tls25	
https://www.apec.fr/candidat/recherche-emploi.html/emploi/detail-offre/179390704W	https://www.apec.fr/candidat/recherche-emploi.html/emploi/detail-offre/179390704W	Eurofiber France	Data Engineer	-	submitted	2026-09-19T20:58:34.154Z	fm-2026-09-19-tls25	Submitted 2026-09-19 via APEC -> Flatchr. Page redirected to eurofiber.com with no status text (G35); confirmed by acknowledgement email 'Confirmation de votre candidature' from mail.flatchr.io at 22:24. Cover letter PDF by agy (1 draft + 1 revision), fact-checked.
https://www.apec.fr/candidat/recherche-emploi.html/emploi/detail-offre/179392829W	https://www.apec.fr/candidat/recherche-emploi.html/emploi/detail-offre/179392829W	Collective client (Data & IA)	Data & IA Engineer - Confirmé - Expert - CDI	-	submitted	2026-09-19T21:00:18.934Z	fm-2026-09-19-tls25	Submitted 2026-09-19 via APEC -> xtramile -> collective.work (logged-in flow, confirm dialog): 'Candidature envoyée'. Toulouse CDI 55-65k, client = Toulouse data/AI consultancy. Optional 'réalisations' left empty.
https://www.apec.fr/candidat/recherche-emploi.html/emploi/detail-offre/179258201W	https://www.apec.fr/candidat/recherche-emploi.html/emploi/detail-offre/179258201W	Convergent Network Services	Ingénieur Automatisation des Infrastructures IT - Toulouse	-	in-progress	2026-09-19T21:00:36.183Z	fm-2026-09-19-tls25	
https://www.apec.fr/candidat/recherche-emploi.html/emploi/detail-offre/179258201W	https://www.apec.fr/candidat/recherche-emploi.html/emploi/detail-offre/179258201W	Convergent Network Services	Ingénieur Automatisation des Infrastructures IT - Toulouse	-	submitted	2026-09-19T21:02:37.273Z	fm-2026-09-19-tls25	Submitted 2026-09-19 via APEC -> Teamtailor (join.cns-com.com): 'Merci pour votre candidature. Nous avons reçu votre candidature'. Toulouse, 50-75k, 3 yrs asked. No letter field. Future-opportunities consent: yes.
https://www.apec.fr/candidat/recherche-emploi.html/emploi/detail-offre/179432493W	https://www.apec.fr/candidat/recherche-emploi.html/emploi/detail-offre/179432493W	KLANIK	Cloud Engineer / Cloud Developer AWS	-	in-progress	2026-09-19T21:02:45.919Z	fm-2026-09-19-tls25	
https://www.apec.fr/candidat/recherche-emploi.html/emploi/detail-offre/179432493W	https://www.apec.fr/candidat/recherche-emploi.html/emploi/detail-offre/179432493W	KLANIK	Cloud Engineer / Cloud Developer AWS	-	submitted	2026-09-19T21:07:17.618Z	fm-2026-09-19-tls25	Submitted 2026-09-19 via APEC -> jobposting.pro: 'Nous accusons réception de votre candidature'; follow-up questionnaire completed (Monsieur, dispo 1-2 mois, 3-5 ans, BAC+4/5, 40-45k, skills keywords). Toulouse 40-47k. Message by agy (1 draft + 1 revision fixing the latency attribution).
https://www.apec.fr/candidat/recherche-emploi.html/emploi/detail-offre/179396064W	https://www.apec.fr/candidat/recherche-emploi.html/emploi/detail-offre/179396064W	KLANIK	Ingénieur Kubernetes / OpenShift - DevOps	-	in-progress	2026-09-19T21:07:18.244Z	fm-2026-09-19-tls25	
https://www.apec.fr/candidat/recherche-emploi.html/emploi/detail-offre/179396064W	https://www.apec.fr/candidat/recherche-emploi.html/emploi/detail-offre/179396064W	KLANIK	Ingénieur Kubernetes / OpenShift - DevOps	-	submitted	2026-09-19T21:08:11.416Z	fm-2026-09-19-tls25	Submitted 2026-09-19 via APEC -> jobposting.pro: 'Nous accusons réception de votre candidature' + questionnaire. Toulouse 43-55k, asks 4 yrs + OpenShift (stretch). Message by agy (1 draft + 1 revision fixing SLA attribution and Mastère status).
https://www.apec.fr/candidat/recherche-emploi.html/emploi/detail-offre/179389264W	https://www.apec.fr/candidat/recherche-emploi.html/emploi/detail-offre/179389264W	SOHOFT	Administrateur Kubernetes / OpenShift	-	in-progress	2026-09-19T21:08:11.972Z	fm-2026-09-19-tls25	
https://www.apec.fr/candidat/recherche-emploi.html/emploi/detail-offre/179389264W	https://www.apec.fr/candidat/recherche-emploi.html/emploi/detail-offre/179389264W	SOHOFT	Administrateur Kubernetes / OpenShift	-	submitted	2026-09-19T21:09:10.990Z	fm-2026-09-19-tls25	Submitted 2026-09-19 via APEC -> jobposting.pro: 'Nous accusons réception de votre candidature' + questionnaire. Toulouse. Stretch: OpenShift, 3 yrs K8s admin asked. Message by agy (1 draft + 1 revision removing a false 'ingénieur diplômé ISAE' claim).
https://www.welcometothejungle.com/en/companies/link-consulting/jobs/devops-expert-openstack-h-f_toulouse	https://www.welcometothejungle.com/en/companies/link-consulting/jobs/devops-expert-openstack-h-f_toulouse	Link Consulting	DevOps Expert OpenStack (H/F)	-	in-progress	2026-09-19T21:09:21.160Z	fm-2026-09-19-tls25	
https://www.welcometothejungle.com/en/companies/link-consulting/jobs/devops-expert-openstack-h-f_toulouse	https://www.welcometothejungle.com/en/companies/link-consulting/jobs/devops-expert-openstack-h-f_toulouse	Link Consulting	DevOps Expert OpenStack (H/F)	-	submitted	2026-09-19T21:13:50.371Z	fm-2026-09-19-tls25	Submitted 2026-09-19 via WTTJ -> jobaffinity: 'Candidature sauvegardée, Merci ! A bientôt chez Link'. Toulouse 50-60k, 5 yrs + OpenStack asked (stretch). Available from 18/11/2026. Comment by agy (1 draft + 1 revision).
https://www.welcometothejungle.com/en/companies/link-consulting/jobs/data-engineer-h-f-cdi_toulouse	https://www.welcometothejungle.com/en/companies/link-consulting/jobs/data-engineer-h-f-cdi_toulouse	Link Consulting	Data Engineer (H/F) - CDI	-	in-progress	2026-09-19T21:13:51.069Z	fm-2026-09-19-tls25	
https://www.welcometothejungle.com/en/companies/link-consulting/jobs/data-engineer-h-f-cdi_toulouse	https://www.welcometothejungle.com/en/companies/link-consulting/jobs/data-engineer-h-f-cdi_toulouse	Link Consulting	Data Engineer (H/F) - CDI	-	submitted	2026-09-19T21:14:46.439Z	fm-2026-09-19-tls25	Submitted 2026-09-19 via WTTJ -> jobaffinity: landed on /newcandidate/saved/1106765?app=110642042 (same success page as #1342) then auto-redirected before the text could be read. Toulouse 40-45k, 3-5 yrs. Comment by agy (1 draft + 1 revision fixing an invented SQL claim and a cert-SLA link). Inbox confirmation pending.
https://www.apec.fr/candidat/recherche-emploi.html/emploi/detail-offre/179393622W	https://www.apec.fr/candidat/recherche-emploi.html/emploi/detail-offre/179393622W	Atos	Ingénieur DevSecOps F/H	-	in-progress	2026-09-19T21:15:07.257Z	fm-2026-09-19-tls25	
https://www.apec.fr/candidat/recherche-emploi.html/emploi/detail-offre/179393622W	https://www.apec.fr/candidat/recherche-emploi.html/emploi/detail-offre/179393622W	Atos	Ingénieur DevSecOps F/H	-	in-progress	2026-09-20T03:23:57.096Z	fm-2026-09-19-tls25	reclaimed after in-progress
https://www.apec.fr/candidat/recherche-emploi.html/emploi/detail-offre/179393622W	https://www.apec.fr/candidat/recherche-emploi.html/emploi/detail-offre/179393622W	Atos	Ingénieur DevSecOps F/H	-	errored	2026-09-20T03:25:20.689Z	fm-2026-09-19-tls25	agy trial 2026-09-20: agy had no Playwright browser installed, started downloading one as a background task, then exited and killed it. Nothing opened, nothing submitted.
https://www.welcometothejungle.com/en/companies/cgi/jobs/architecte-solution-digital-cloud-devops-f-h_toulouse	https://www.welcometothejungle.com/en/companies/cgi/jobs/architecte-solution-digital-cloud-devops-f-h_toulouse	CGI	Architecte Solution Digital / Cloud / DevOps F/H	-	in-progress	2026-09-20T03:25:43.762Z	fm-2026-09-19-tls25	
https://www.welcometothejungle.com/en/companies/cgi/jobs/architecte-solution-digital-cloud-devops-f-h_toulouse	https://www.welcometothejungle.com/en/companies/cgi/jobs/architecte-solution-digital-cloud-devops-f-h_toulouse	CGI	Architecte Solution Digital / Cloud / DevOps F/H	-	blocked-waf	2026-09-20T04:33:50.064Z	fm-2026-09-19-tls25	CGI njoyn WAF blocked the session after the cookie banner was declined and the page reloaded: 'Unauthorized Activity Detected / Unauthorized Request Blocked'. njoyn skipped for the rest of this run.
https://www.apec.fr/candidat/recherche-emploi.html/emploi/detail-offre/179392580W	https://www.apec.fr/candidat/recherche-emploi.html/emploi/detail-offre/179392580W	Atos	Ingénieur DevOps / OpenShift F/H	-	in-progress	2026-09-20T04:33:50.449Z	fm-2026-09-19-tls25	
https://www.apec.fr/candidat/recherche-emploi.html/emploi/detail-offre/179393622W	https://www.apec.fr/candidat/recherche-emploi.html/emploi/detail-offre/179393622W	Atos	Ingénieur DevSecOps F/H	-	captcha	2026-09-20T04:36:00.049Z	fm-2026-09-19-tls25	Atos apply routes to career5.successfactors.eu; the 'Connexion' dialog for the existing account carries a reCAPTCHA. Aborted per policy; SuccessFactors/Atos skipped for the rest of the run. Role: Ingénieur DevSecOps F/H
https://www.apec.fr/candidat/recherche-emploi.html/emploi/detail-offre/179392580W	https://www.apec.fr/candidat/recherche-emploi.html/emploi/detail-offre/179392580W	Atos	Ingénieur DevOps / OpenShift F/H	-	captcha	2026-09-20T04:36:00.172Z	fm-2026-09-19-tls25	Atos apply routes to career5.successfactors.eu; the 'Connexion' dialog for the existing account carries a reCAPTCHA. Aborted per policy; SuccessFactors/Atos skipped for the rest of the run. Role: Ingénieur DevOps / OpenShift F/H
https://www.welcometothejungle.com/en/companies/berger-levrault/jobs/ingenieur-de-recherche-f-h_labege	https://www.welcometothejungle.com/en/companies/berger-levrault/jobs/ingenieur-de-recherche-f-h_labege	Berger-Levrault	Ingénieur IA Data - F/H	-	in-progress	2026-09-20T04:36:00.431Z	fm-2026-09-19-tls25	
https://www.welcometothejungle.com/en/companies/berger-levrault/jobs/ingenieur-de-recherche-f-h_labege	https://www.welcometothejungle.com/en/companies/berger-levrault/jobs/ingenieur-de-recherche-f-h_labege	Berger-Levrault	Ingénieur IA Data - F/H	-	errored	2026-09-20T04:36:30.362Z	fm-2026-09-19-tls25	Berger-Levrault careers site returned HTTP 500 'Database Error' on the offer page (2026-09-20 06:36). Their side, not ours. Worth a retry later.
https://www.welcometothejungle.com/en/companies/sacem/jobs/sysops-aws-h-f_neuilly-sur-seine_SACEM_dDJNR47	https://www.welcometothejungle.com/en/companies/sacem/jobs/sysops-aws-h-f_neuilly-sur-seine_SACEM_dDJNR47	Sacem	SysOps AWS	-	in-progress	2026-09-20T04:36:30.615Z	fm-2026-09-19-tls25	
https://www.welcometothejungle.com/en/companies/sacem/jobs/sysops-aws-h-f_neuilly-sur-seine_SACEM_dDJNR47	https://www.welcometothejungle.com/en/companies/sacem/jobs/sysops-aws-h-f_neuilly-sur-seine_SACEM_dDJNR47	Sacem	SysOps AWS	-	submitted	2026-09-20T04:45:36.303Z	fm-2026-09-19-tls25	Submitted 2026-09-20 via WTTJ -> sacem.profils.org (Cegid/Talentsoft). Account created + email verified automatically; the submit returned to the offer page with no status text, confirmed by email 'Votre candidature Sacem - offre DSI-SYSOPS-CDI-2323' at 06:44. Métier: Ingénieur Technique (Système/Réseau/Sécurité), CDI, temps complet, 3-6 ans, mobilité France. Handicap and SACEM-member declarations left unticked (neither true).
https://www.welcometothejungle.com/en/companies/safran-aircraft-engines/jobs/ingenieur-finops-aws-f-h_moissy-cramayel	https://www.welcometothejungle.com/en/companies/safran-aircraft-engines/jobs/ingenieur-finops-aws-f-h_moissy-cramayel	Safran Aircraft Engines	Ingénieur FinOps AWS F/H	-	in-progress	2026-09-20T04:45:53.297Z	fm-2026-09-19-tls25	
https://www.welcometothejungle.com/en/companies/safran-aircraft-engines/jobs/ingenieur-finops-aws-f-h_moissy-cramayel	https://www.welcometothejungle.com/en/companies/safran-aircraft-engines/jobs/ingenieur-finops-aws-f-h_moissy-cramayel	Safran Aircraft Engines	Ingénieur FinOps AWS F/H	-	submitted	2026-09-20T05:10:00.605Z	fm-2026-09-19-tls25	Votre candidature à l’offre 2026-185111 – Ingénieur FinOPS AWS F/H a bien été envoyée
https://www.welcometothejungle.com/en/companies/kiiro/jobs/ingenieur-e-cloud-aws-software-fullstack-confirme-hybride-cdi	https://www.welcometothejungle.com/en/companies/kiiro/jobs/ingenieur-e-cloud-aws-software-fullstack-confirme-hybride-cdi	Kiiro	Ingénieur Cloud AWS / Architecte Logiciel & Cloud	-	in-progress	2026-09-20T05:10:13.783Z	fm-2026-09-19-tls25	
https://careers.groupeadp.fr/emploi/orly/data-ingenieur-f-h/43519/69389201920	https://careers.groupeadp.fr/emploi/orly/data-ingenieur-f-h/43519/69389201920	Groupe ADP	Data Ingénieur	-	in-progress	2026-09-20T05:13:29.554Z	fm-2026-09-19-tls25	
https://www.hellowork.com/fr-fr/emplois/44365751.html	https://www.hellowork.com/fr-fr/emplois/44365751.html	Hellowork	AWS Cloud Architect	-	in-progress	2026-09-20T05:14:07.871Z	fm-2026-09-19-tls25	
https://www.hellowork.com/fr-fr/emplois/43336798.html	https://www.hellowork.com/fr-fr/emplois/43336798.html	Hellowork	Ingénieur DevOps	-	in-progress	2026-09-20T05:14:40.102Z	fm-2026-09-19-tls25	
https://www.hellowork.com/fr-fr/emplois/44335552.html	https://www.hellowork.com/fr-fr/emplois/44335552.html	Hellowork	Ingénieur Système - MBD	-	in-progress	2026-09-20T05:15:02.063Z	fm-2026-09-19-tls25	
https://www.hellowork.com/fr-fr/emplois/83445268.html	https://www.hellowork.com/fr-fr/emplois/83445268.html	Devoteam	AWS Cloud Architect	-	in-progress	2026-09-20T17:12:26.248Z	loop-1789924346247	
https://www.hellowork.com/fr-fr/emplois/83445268.html	https://www.hellowork.com/fr-fr/emplois/83445268.html	Devoteam	AWS Cloud Architect	-	errored	2026-09-20T17:12:46.970Z	loop-1789924346247	
https://www.hellowork.com/fr-fr/emplois/83445268.html	https://www.hellowork.com/fr-fr/emplois/83445268.html	Devoteam	AWS Cloud Architect	-	in-progress	2026-09-20T17:14:20.932Z	loop-1789924460931	reclaimed after errored
https://www.hellowork.com/fr-fr/emplois/83445268.html	https://www.hellowork.com/fr-fr/emplois/83445268.html	Devoteam	AWS Cloud Architect	-	errored	2026-09-20T17:19:26.894Z	loop-1789924460931	
https://www.hellowork.com/fr-fr/emplois/83445268.html	https://www.hellowork.com/fr-fr/emplois/83445268.html	Devoteam	AWS Cloud Architect	-	in-progress	2026-09-20T17:20:37.476Z	loop-1789924837474	reclaimed after errored
https://www.hellowork.com/fr-fr/emplois/83445268.html	https://www.hellowork.com/fr-fr/emplois/83445268.html	Devoteam	AWS Cloud Architect	-	errored	2026-09-20T17:27:21.697Z	loop-1789924837474	
https://www.hellowork.com/fr-fr/emplois/83445268.html	https://www.hellowork.com/fr-fr/emplois/83445268.html	Devoteam	AWS Cloud Architect	-	in-progress	2026-09-20T17:29:20.877Z	loop-1789925360866	reclaimed after errored
https://www.hellowork.com/fr-fr/emplois/83445268.html	https://www.hellowork.com/fr-fr/emplois/83445268.html	Devoteam	AWS Cloud Architect	-	errored	2026-09-20T17:32:00.953Z	loop-1789925360866	
https://www.hellowork.com/fr-fr/emplois/83445268.html	https://www.hellowork.com/fr-fr/emplois/83445268.html	Devoteam	AWS Cloud Architect	-	in-progress	2026-09-20T17:33:02.532Z	loop-1789925582531	reclaimed after errored
https://www.hellowork.com/fr-fr/emplois/83445268.html	https://www.hellowork.com/fr-fr/emplois/83445268.html	Devoteam	AWS Cloud Architect	-	errored	2026-09-20T17:41:01.435Z	loop-1789925582531	
https://www.hellowork.com/fr-fr/emplois/83445268.html	https://www.hellowork.com/fr-fr/emplois/83445268.html	Devoteam	AWS Cloud Architect	-	in-progress	2026-09-20T17:42:19.664Z	loop-1789926139645	reclaimed after errored
https://www.hellowork.com/fr-fr/emplois/83445268.html	https://www.hellowork.com/fr-fr/emplois/83445268.html	Devoteam	AWS Cloud Architect	-	rehearsal	2026-09-20T17:50:26.259Z	loop-1789926139645	
https://www.hellowork.com/fr-fr/emplois/83445268.html	https://www.hellowork.com/fr-fr/emplois/83445268.html	Devoteam	AWS Cloud Architect	-	in-progress	2026-09-20T17:53:35.107Z	loop-1789926815105	reclaimed after rehearsal
https://www.hellowork.com/fr-fr/emplois/83445268.html	https://www.hellowork.com/fr-fr/emplois/83445268.html	Devoteam	AWS Cloud Architect	-	errored	2026-09-20T17:54:38.074Z	loop-1789926815105	
https://www.hellowork.com/fr-fr/emplois/83445268.html	https://www.hellowork.com/fr-fr/emplois/83445268.html	Devoteam	AWS Cloud Architect	-	in-progress	2026-09-20T17:55:46.623Z	loop-1789926946621	reclaimed after errored
https://www.hellowork.com/fr-fr/emplois/83445268.html	https://www.hellowork.com/fr-fr/emplois/83445268.html	Devoteam	AWS Cloud Architect	-	rehearsal	2026-09-20T17:58:43.032Z	loop-1789926946621	
https://www.hellowork.com/fr-fr/emplois/83445268.html	https://www.hellowork.com/fr-fr/emplois/83445268.html	Devoteam	AWS Cloud Architect	-	in-progress	2026-09-20T20:40:34.744Z	loop-1789936834736	reclaimed after rehearsal
https://www.hellowork.com/fr-fr/emplois/83445268.html	https://www.hellowork.com/fr-fr/emplois/83445268.html	Devoteam	AWS Cloud Architect	-	rehearsal	2026-09-20T20:43:38.397Z	loop-1789936834736	
https://www.hellowork.com/fr-fr/emplois/83445268.html	https://www.hellowork.com/fr-fr/emplois/83445268.html	Devoteam	AWS Cloud Architect	-	in-progress	2026-09-20T21:06:42.593Z	loop-1789938402585	reclaimed after rehearsal
https://www.hellowork.com/fr-fr/emplois/83445268.html	https://www.hellowork.com/fr-fr/emplois/83445268.html	Devoteam	AWS Cloud Architect	-	rehearsal	2026-09-20T21:11:32.742Z	loop-1789938402585	
https://www.hellowork.com/fr-fr/emplois/83445268.html	https://www.hellowork.com/fr-fr/emplois/83445268.html	Devoteam	AWS Cloud Architect	-	in-progress	2026-09-20T22:30:42.321Z	loop-1789943442315	reclaimed after rehearsal
https://www.hellowork.com/fr-fr/emplois/83445268.html	https://www.hellowork.com/fr-fr/emplois/83445268.html	Devoteam	AWS Cloud Architect	-	errored	2026-09-20T22:38:38.422Z	loop-1789943442315	stale claim: run aborted before the browser launched
https://www.hellowork.com/fr-fr/emplois/83445268.html	https://www.hellowork.com/fr-fr/emplois/83445268.html	Devoteam	AWS Cloud Architect	-	in-progress	2026-09-20T22:38:46.544Z	loop-1789943926540	reclaimed after errored
https://www.hellowork.com/fr-fr/emplois/83445268.html	https://www.hellowork.com/fr-fr/emplois/83445268.html	Devoteam	AWS Cloud Architect	-	errored	2026-09-20T22:40:03.253Z	loop-1789943442315	
https://www.hellowork.com/fr-fr/emplois/83445268.html	https://www.hellowork.com/fr-fr/emplois/83445268.html	Devoteam	AWS Cloud Architect	-	rehearsal	2026-09-20T22:42:47.033Z	loop-1789943926540	
https://www.hellowork.com/fr-fr/emplois/83445268.html	https://www.hellowork.com/fr-fr/emplois/83445268.html	Devoteam	AWS Cloud Architect	-	in-progress	2026-09-20T22:43:57.986Z	loop-1789944237981	reclaimed after rehearsal
https://www.hellowork.com/fr-fr/emplois/83445268.html	https://www.hellowork.com/fr-fr/emplois/83445268.html	Devoteam	AWS Cloud Architect	-	rehearsal	2026-09-20T22:48:30.754Z	loop-1789944237981	
https://www.hellowork.com/fr-fr/emplois/83445268.html	https://www.hellowork.com/fr-fr/emplois/83445268.html	Devoteam	AWS Cloud Architect	-	in-progress	2026-09-20T22:49:37.300Z	loop-1789944577295	reclaimed after rehearsal
https://www.hellowork.com/fr-fr/emplois/83445268.html	https://www.hellowork.com/fr-fr/emplois/83445268.html	Devoteam	AWS Cloud Architect	-	rehearsal	2026-09-20T22:53:11.092Z	loop-1789944577295	
https://www.hellowork.com/fr-fr/emplois/83400192.html	https://www.hellowork.com/fr-fr/emplois/83400192.html	Hellowork posting	Ingénieur DevOps	-	in-progress	2026-09-20T23:29:18.756Z	loop-1789946958749	
https://www.hellowork.com/fr-fr/emplois/83400192.html	https://www.hellowork.com/fr-fr/emplois/83400192.html	Hellowork posting	Ingénieur DevOps	-	rehearsal	2026-09-20T23:32:38.789Z	loop-1789946958749	
https://www.hellowork.com/fr-fr/emplois/83245703.html	https://www.hellowork.com/fr-fr/emplois/83245703.html	Hellowork posting	Ingénieur Système MBD	-	in-progress	2026-09-20T23:32:38.969Z	loop-1789947158964	
https://www.hellowork.com/fr-fr/emplois/83245703.html	https://www.hellowork.com/fr-fr/emplois/83245703.html	Hellowork posting	Ingénieur Système MBD	-	rehearsal	2026-09-20T23:36:09.675Z	loop-1789947158964	
https://www.welcometothejungle.com/en/companies/skiils/jobs/devops-engineer-gcp-h-f-paris_suresnes	https://www.welcometothejungle.com/en/companies/skiils/jobs/devops-engineer-gcp-h-f-paris_suresnes	Skiils	DevOps Engineer GCP	-	in-progress	2026-09-20T23:36:09.840Z	loop-1789947369835	
https://www.welcometothejungle.com/en/companies/skiils/jobs/devops-engineer-gcp-h-f-paris_suresnes	https://www.welcometothejungle.com/en/companies/skiils/jobs/devops-engineer-gcp-h-f-paris_suresnes	Skiils	DevOps Engineer GCP	-	errored	2026-09-20T23:45:33.268Z	loop-1789947369835	
https://www.welcometothejungle.com/en/companies/metanext/jobs/consultant-e-cloud-aws-devops-h-f_lyon	https://www.welcometothejungle.com/en/companies/metanext/jobs/consultant-e-cloud-aws-devops-h-f_lyon	Metanext	Consultant Cloud AWS	-	in-progress	2026-09-20T23:45:33.427Z	loop-1789947933423	
https://www.welcometothejungle.com/en/companies/metanext/jobs/consultant-e-cloud-aws-devops-h-f_lyon	https://www.welcometothejungle.com/en/companies/metanext/jobs/consultant-e-cloud-aws-devops-h-f_lyon	Metanext	Consultant Cloud AWS	-	errored	2026-09-20T23:45:46.196Z	loop-1789947933423	
https://www.welcometothejungle.com/en/companies/groupe-adp/jobs/data-ingenieur-f-h_orly	https://www.welcometothejungle.com/en/companies/groupe-adp/jobs/data-ingenieur-f-h_orly	Groupe ADP	Data Ingénieur	-	in-progress	2026-09-20T23:45:46.341Z	loop-1789947946335	
https://www.welcometothejungle.com/en/companies/groupe-adp/jobs/data-ingenieur-f-h_orly	https://www.welcometothejungle.com/en/companies/groupe-adp/jobs/data-ingenieur-f-h_orly	Groupe ADP	Data Ingénieur	-	errored	2026-09-20T23:45:58.399Z	loop-1789947946335	
https://www.welcometothejungle.com/en/companies/metanext/jobs/consultant-e-cloud-aws-devops-h-f_lyon	https://www.welcometothejungle.com/en/companies/metanext/jobs/consultant-e-cloud-aws-devops-h-f_lyon	Metanext	Consultant Cloud AWS	-	in-progress	2026-09-21T01:41:53.899Z	loop-1789954913894	reclaimed after errored
https://www.welcometothejungle.com/en/companies/metanext/jobs/consultant-e-cloud-aws-devops-h-f_lyon	https://www.welcometothejungle.com/en/companies/metanext/jobs/consultant-e-cloud-aws-devops-h-f_lyon	Metanext	Consultant Cloud AWS	-	errored	2026-09-21T01:43:08.877Z	loop-1789954913894	
https://www.welcometothejungle.com/en/companies/groupe-adp/jobs/data-ingenieur-f-h_orly	https://www.welcometothejungle.com/en/companies/groupe-adp/jobs/data-ingenieur-f-h_orly	Groupe ADP	Data Ingénieur	-	in-progress	2026-09-21T01:43:09.055Z	loop-1789954989050	reclaimed after errored
https://localhost:8787/	http://localhost:8787/	Fake Employer SARL	Ingénieur Cloud	-	in-progress	2026-09-21T01:43:34.454Z	loop-1789955014447	
https://localhost:8787/	http://localhost:8787/	Fake Employer SARL	Ingénieur Cloud	-	unknown	2026-09-21T01:46:25.174Z	loop-1789955014447	
https://www.welcometothejungle.com/en/companies/groupe-adp/jobs/data-ingenieur-f-h_orly	https://www.welcometothejungle.com/en/companies/groupe-adp/jobs/data-ingenieur-f-h_orly	Groupe ADP	Data Ingénieur	-	errored	2026-09-21T01:46:29.822Z	loop-1789954989050	
https://www.welcometothejungle.com/en/companies/skiils/jobs/devops-engineer-gcp-h-f-paris_suresnes	https://www.welcometothejungle.com/en/companies/skiils/jobs/devops-engineer-gcp-h-f-paris_suresnes	Skiils	DevOps Engineer GCP	-	in-progress	2026-09-21T01:46:30.022Z	loop-1789955190018	reclaimed after errored
https://www.welcometothejungle.com/en/companies/skiils/jobs/devops-engineer-gcp-h-f-paris_suresnes	https://www.welcometothejungle.com/en/companies/skiils/jobs/devops-engineer-gcp-h-f-paris_suresnes	Skiils	DevOps Engineer GCP	-	errored	2026-09-21T01:48:19.570Z	loop-1789955190018	
https://localhost:8787/	http://localhost:8787/	Fake Employer SARL	Ingénieur Cloud	-	in-progress	2026-09-21T01:49:42.492Z	loop-1789955382486	reclaimed after unknown
https://localhost:8787/	http://localhost:8787/	Fake Employer SARL	Ingénieur Cloud	-	errored	2026-09-21T01:55:05.457Z	loop-1789955382486	
https://localhost:8787/	http://localhost:8787/	Fake Employer SARL	Ingénieur Cloud	-	in-progress	2026-09-21T01:55:44.111Z	loop-1789955744108	reclaimed after errored
https://localhost:8787/	http://localhost:8787/	Fake Employer SARL	Ingénieur Cloud	-	submitted	2026-09-21T01:57:56.161Z	loop-1789955744108	
https://localhost:8787/?mode=refuse	http://localhost:8787/?mode=refuse	Fake Employer refuse	Ingénieur Cloud	-	in-progress	2026-09-21T01:58:17.218Z	loop-1789955897214	
https://localhost:8787/?mode=refuse	http://localhost:8787/?mode=refuse	Fake Employer refuse	Ingénieur Cloud	-	errored	2026-09-21T01:59:10.291Z	loop-1789955897214	
https://localhost:8787/?mode=quiet	http://localhost:8787/?mode=quiet	Fake Employer quiet	Ingénieur Cloud	-	in-progress	2026-09-21T01:59:10.506Z	loop-1789955950501	
https://localhost:8787/?mode=quiet	http://localhost:8787/?mode=quiet	Fake Employer quiet	Ingénieur Cloud	-	unknown	2026-09-21T02:01:50.287Z	loop-1789955950501	
https://localhost:8787/?mode=refuse	http://localhost:8787/?mode=refuse	Fake Employer refuse	Ingénieur Cloud	-	in-progress	2026-09-21T02:02:19.515Z	loop-1789956139511	reclaimed after errored
https://localhost:8787/?mode=refuse	http://localhost:8787/?mode=refuse	Fake Employer refuse	Ingénieur Cloud	-	already-applied	2026-09-21T02:04:53.997Z	loop-1789956139511	
https://www.welcometothejungle.com/en/companies/skiils/jobs/devops-engineer-gcp-h-f-paris_suresnes	https://www.welcometothejungle.com/en/companies/skiils/jobs/devops-engineer-gcp-h-f-paris_suresnes	Skiils	DevOps Engineer GCP	-	in-progress	2026-09-21T02:15:14.653Z	loop-1789956914650	reclaimed after errored
https://www.welcometothejungle.com/en/companies/skiils/jobs/devops-engineer-gcp-h-f-paris_suresnes	https://www.welcometothejungle.com/en/companies/skiils/jobs/devops-engineer-gcp-h-f-paris_suresnes	Skiils	DevOps Engineer GCP	-	errored	2026-09-21T02:16:34.519Z	loop-1789956914650	
https://www.hellowork.com/fr-fr/emplois/83445268.html	https://www.hellowork.com/fr-fr/emplois/83445268.html	Devoteam	AWS Cloud Architect	-	in-progress	2026-09-21T08:21:19.102Z	loop-1789978879096	reclaimed after rehearsal
https://www.hellowork.com/fr-fr/emplois/83445268.html	https://www.hellowork.com/fr-fr/emplois/83445268.html	Devoteam	AWS Cloud Architect	-	errored	2026-09-21T08:22:45.666Z	stopped-by-user	stopped by the user mid-rehearsal
https://www.hellowork.com/fr-fr/emplois/83445268.html	https://www.hellowork.com/fr-fr/emplois/83445268.html	Devoteam	AWS Cloud Architect	-	in-progress	2026-09-21T08:25:33.798Z	loop-1789979133794	reclaimed after errored
https://www.hellowork.com/fr-fr/emplois/83445268.html	https://www.hellowork.com/fr-fr/emplois/83445268.html	Devoteam	AWS Cloud Architect	-	errored	2026-09-21T08:30:42.446Z	loop-1789979133794	
https://www.welcometothejungle.com/en/companies/intent-technologies/jobs/sre-devops-f-h_toulouse	https://www.welcometothejungle.com/en/companies/intent-technologies/jobs/sre-devops-f-h_toulouse	Intent Technologies	SRE / DevOps F/H	1179	in-progress	2026-09-21T10:10:03.120Z	dryrun-check	reclaimed after captcha
https://www.welcometothejungle.com/en/companies/napta/jobs/e8fd6066-faa7-4055-95fe-1d9008b9ef41	https://www.welcometothejungle.com/en/companies/napta/jobs/e8fd6066-faa7-4055-95fe-1d9008b9ef41	Napta	Senior DevSecOps	1185	in-progress	2026-09-21T10:10:03.412Z	dryrun-check	reclaimed after errored
https://www.welcometothejungle.com/en/companies/groupe-credit-agricole/jobs/architect-cloud-et-devops-h-f_montrouge	https://www.welcometothejungle.com/en/companies/groupe-credit-agricole/jobs/architect-cloud-et-devops-h-f_montrouge	Crédit Agricole	Architect Cloud et Data H/F	1184	in-progress	2026-09-21T10:10:03.653Z	dryrun-check	reclaimed after in-progress
https://www.welcometothejungle.com/en/companies/illuin-tech/jobs/senior-devops-sre-lead-infrastructure_paris	https://www.welcometothejungle.com/en/companies/illuin-tech/jobs/senior-devops-sre-lead-infrastructure_paris	ILLUIN Technology	Senior DevOps / SRE – Lead Infrastructure	1187	in-progress	2026-09-21T10:10:03.887Z	dryrun-check	reclaimed after in-progress
https://www.welcometothejungle.com/en/companies/napta/jobs/c43ae5f8-63f9-4603-bc37-284371085d63	https://www.welcometothejungle.com/en/companies/napta/jobs/c43ae5f8-63f9-4603-bc37-284371085d63	Napta	Lead Cloud Infrastructure & Security	1191	in-progress	2026-09-21T10:10:04.111Z	dryrun-check	reclaimed after in-progress
https://www.apec.fr/candidat/recherche-emploi.html/emploi/detail-offre/179378701W	https://www.apec.fr/candidat/recherche-emploi.html/emploi/detail-offre/179378701W	CCL CONSULTING	Ingénieur Systèmes (F/H)	1257	in-progress	2026-09-21T10:10:04.322Z	dryrun-check	
https://www.welcometothejungle.com/en/companies/intent-technologies/jobs/sre-devops-f-h_toulouse	https://www.welcometothejungle.com/en/companies/intent-technologies/jobs/sre-devops-f-h_toulouse	Intent Technologies	SRE / DevOps F/H	1179	rehearsal	2026-09-21T10:10:20.151Z	dryrun-check	eligibility check only; no browser opened, nothing sent
https://www.welcometothejungle.com/en/companies/napta/jobs/e8fd6066-faa7-4055-95fe-1d9008b9ef41	https://www.welcometothejungle.com/en/companies/napta/jobs/e8fd6066-faa7-4055-95fe-1d9008b9ef41	Napta	Senior DevSecOps	1185	rehearsal	2026-09-21T10:10:20.225Z	dryrun-check	eligibility check only; no browser opened, nothing sent
https://www.welcometothejungle.com/en/companies/groupe-credit-agricole/jobs/architect-cloud-et-devops-h-f_montrouge	https://www.welcometothejungle.com/en/companies/groupe-credit-agricole/jobs/architect-cloud-et-devops-h-f_montrouge	Crédit Agricole	Architect Cloud et Data H/F	1184	rehearsal	2026-09-21T10:10:20.301Z	dryrun-check	eligibility check only; no browser opened, nothing sent
https://www.welcometothejungle.com/en/companies/illuin-tech/jobs/senior-devops-sre-lead-infrastructure_paris	https://www.welcometothejungle.com/en/companies/illuin-tech/jobs/senior-devops-sre-lead-infrastructure_paris	ILLUIN Technology	Senior DevOps / SRE – Lead Infrastructure	1187	rehearsal	2026-09-21T10:10:20.372Z	dryrun-check	eligibility check only; no browser opened, nothing sent
https://www.welcometothejungle.com/en/companies/napta/jobs/c43ae5f8-63f9-4603-bc37-284371085d63	https://www.welcometothejungle.com/en/companies/napta/jobs/c43ae5f8-63f9-4603-bc37-284371085d63	Napta	Lead Cloud Infrastructure & Security	1191	rehearsal	2026-09-21T10:10:20.454Z	dryrun-check	eligibility check only; no browser opened, nothing sent
https://www.apec.fr/candidat/recherche-emploi.html/emploi/detail-offre/179378701W	https://www.apec.fr/candidat/recherche-emploi.html/emploi/detail-offre/179378701W	CCL CONSULTING	Ingénieur Systèmes (F/H)	1257	rehearsal	2026-09-21T10:10:20.535Z	dryrun-check	eligibility check only; no browser opened, nothing sent
https://job-boards.greenhouse.io/algolia/jobs/6187901004	https://job-boards.greenhouse.io/algolia/jobs/6187901004	Algolia	Senior Site Reliability Engineer - Search	-	in-progress	2026-09-21T13:56:44.762Z	fm-2026-09-21-mix25	
https://job-boards.greenhouse.io/algolia/jobs/6187901004	https://job-boards.greenhouse.io/algolia/jobs/6187901004	Algolia	Senior Site Reliability Engineer - Search	1357	rehearsal	2026-09-21T13:58:24.557Z	fm-2026-09-21-mix25	stopped: agy was on Chromium, not Camoufox; nothing sent
https://job-boards.greenhouse.io/algolia/jobs/6187901004	https://job-boards.greenhouse.io/algolia/jobs/6187901004	Algolia	Senior Site Reliability Engineer - Search	-	in-progress	2026-09-21T14:00:13.474Z	fm-2026-09-21-mix25	reclaimed after rehearsal
https://job-boards.greenhouse.io/algolia/jobs/6187901004	https://job-boards.greenhouse.io/algolia/jobs/6187901004	Algolia	Senior Site Reliability Engineer - Search	-	submitted	2026-09-21T14:11:45.730Z	fm-2026-09-21-mix25	Thank you for applying. Your application has been received.
https://jobs.ashbyhq.com/adaption/75df104c-b7c0-4337-a324-0d472da34153	https://jobs.ashbyhq.com/adaption/75df104c-b7c0-4337-a324-0d472da34153	Adaption	Platform Engineer, APIs and Security	-	in-progress	2026-09-21T14:12:06.398Z	fm-2026-09-21-mix25	
https://jobs.ashbyhq.com/adaption/75df104c-b7c0-4337-a324-0d472da34153	https://jobs.ashbyhq.com/adaption/75df104c-b7c0-4337-a324-0d472da34153	Adaption	Platform Engineer, APIs and Security	-	submitted	2026-09-21T14:16:02.144Z	fm-2026-09-21-mix25	Success. Thank you for choosing to spend some time embarking on this adventure.
https://job-boards.greenhouse.io/blockchain/jobs/8147215	https://job-boards.greenhouse.io/blockchain/jobs/8147215	Blockchain.com	Infrastructure Security Engineer	-	in-progress	2026-09-21T14:16:31.220Z	fm-2026-09-21-mix25	
https://job-boards.greenhouse.io/blockchain/jobs/8147215	https://job-boards.greenhouse.io/blockchain/jobs/8147215	Blockchain.com	Infrastructure Security Engineer	-	submitted	2026-09-21T14:18:29.608Z	fm-2026-09-21-mix25	Your Application Has Been Submitted. Thank you for applying!
https://job-boards.greenhouse.io/gresearch/jobs/6016147	https://job-boards.greenhouse.io/gresearch/jobs/6016147	G-Research	Network Software Engineer (Golang)	-	in-progress	2026-09-21T14:18:49.035Z	fm-2026-09-21-mix25	
https://job-boards.greenhouse.io/gresearch/jobs/6016147	https://job-boards.greenhouse.io/gresearch/jobs/6016147	G-Research	Network Software Engineer (Golang)	-	submitted	2026-09-21T14:19:30.302Z	fm-2026-09-21-mix25	Failed: 404 Not Found
https://jobs.ashbyhq.com/swarm/6edef6b7-3b2d-4bfb-bdc3-1dceebf44359	https://jobs.ashbyhq.com/swarm/6edef6b7-3b2d-4bfb-bdc3-1dceebf44359	Swarm	Embedded Linux & C/C++ Developer	-	in-progress	2026-09-21T14:19:48.698Z	fm-2026-09-21-mix25	
https://jobs.ashbyhq.com/swarm/6edef6b7-3b2d-4bfb-bdc3-1dceebf44359	https://jobs.ashbyhq.com/swarm/6edef6b7-3b2d-4bfb-bdc3-1dceebf44359	Swarm	Embedded Linux & C/C++ Developer	-	submitted	2026-09-21T14:20:37.956Z	fm-2026-09-21-mix25	Failed: 404 Page not found
https://job-boards.greenhouse.io/gresearch/jobs/6016147	https://job-boards.greenhouse.io/gresearch/jobs/6016147	G-Research	Network Software Engineer (Golang)	-	errored	2026-09-21T14:22:04.702Z	fm-2026-09-21-mix25	correction: posting was 404, nothing sent; not on the batch list; wrongly recorded as submitted by agy
https://jobs.ashbyhq.com/swarm/6edef6b7-3b2d-4bfb-bdc3-1dceebf44359	https://jobs.ashbyhq.com/swarm/6edef6b7-3b2d-4bfb-bdc3-1dceebf44359	Swarm	Embedded Linux & C/C++ Developer	-	errored	2026-09-21T14:22:04.882Z	fm-2026-09-21-mix25	correction: posting was 404, nothing sent; not on the batch list; wrongly recorded as submitted by agy
https://jobs.ashbyhq.com/cohere/24cdb030-3913-4c38-a7db-8f31c3c91ee6	https://jobs.ashbyhq.com/cohere/24cdb030-3913-4c38-a7db-8f31c3c91ee6	Cohere	Forward Deployed Engineer, Infrastructure Specialist (France)	-	in-progress	2026-09-21T14:52:46.561Z	fm-2026-09-21-mix25	
https://jobs.ashbyhq.com/cohere/24cdb030-3913-4c38-a7db-8f31c3c91ee6	https://jobs.ashbyhq.com/cohere/24cdb030-3913-4c38-a7db-8f31c3c91ee6	Cohere	Forward Deployed Engineer, Infrastructure Specialist (France)	-	submitted	2026-09-21T14:58:02.597Z	fm-2026-09-21-mix25	Success Your application has been submitted! Thank you for your interest in a career growth opportunity at Cohere!
https://jobs.ashbyhq.com/alan/38020c1c-0ea4-4495-990f-e32d622e9c9d	https://jobs.ashbyhq.com/alan/38020c1c-0ea4-4495-990f-e32d622e9c9d	Alan	Platform Engineer (x/f/m) - Tech Foundations	-	in-progress	2026-09-21T14:59:01.487Z	fm-2026-09-21-mix25	
https://jobs.ashbyhq.com/alan/38020c1c-0ea4-4495-990f-e32d622e9c9d	https://jobs.ashbyhq.com/alan/38020c1c-0ea4-4495-990f-e32d622e9c9d	Alan	Platform Engineer (x/f/m) - Tech Foundations	1361	already-applied	2026-09-21T15:03:40.144Z	fm-2026-09-21-mix25	Alan refused: an application was submitted within the last 180 days; form was complete and checked
https://job-boards.eu.greenhouse.io/proton/jobs/4953832101	https://job-boards.eu.greenhouse.io/proton/jobs/4953832101	Proton	Senior DevOps Engineer - Platform	-	in-progress	2026-09-21T15:06:36.468Z	fm-2026-09-21-mix25	
https://job-boards.eu.greenhouse.io/proton/jobs/4953832101	https://job-boards.eu.greenhouse.io/proton/jobs/4953832101	Proton	Senior DevOps Engineer - Platform	-	submitted	2026-09-21T15:15:29.884Z	fm-2026-09-21-mix25	Thank you for applying. Your application has been received.
https://job-boards.greenhouse.io/dataiku/jobs/6148066004	https://job-boards.greenhouse.io/dataiku/jobs/6148066004	Dataiku	Senior Infrastructure Engineer	-	in-progress	2026-09-21T15:17:37.305Z	fm-2026-09-21-mix25	
https://job-boards.greenhouse.io/dataiku/jobs/6148066004	https://job-boards.greenhouse.io/dataiku/jobs/6148066004	Dataiku	Senior Infrastructure Engineer	-	submitted	2026-09-21T15:24:27.360Z	fm-2026-09-21-mix25	Thank you for applying. Your application has been received.
https://careers.soprasteria.fr/job/ingenieur-e-devops-aeroline-toulouse-in-colomiers-france-jid-549	https://careers.soprasteria.fr/job/ingenieur-e-devops-aeroline-toulouse-in-colomiers-france-jid-549	Sopra Steria	Ingénieur(e) DevOps - Aeroline - Toulouse	-	in-progress	2026-09-21T15:25:02.316Z	fm-2026-09-21-mix25	
https://careers.soprasteria.fr/job/ingenieur-e-devops-aeroline-toulouse-in-colomiers-france-jid-549	https://careers.soprasteria.fr/job/ingenieur-e-devops-aeroline-toulouse-in-colomiers-france-jid-549	Sopra Steria	Ingénieur(e) DevOps - Aeroline - Toulouse	1364	errored	2026-09-21T16:02:03.455Z	fm-2026-09-21-mix25	stuck 30 min on CV upload (file chooser timeout), browser then stopped responding; pre-submit check had caught the missing CV; nothing sent
https://careers.soprasteria.fr/job/data-engineer-gcp-services-financiers-toulouse-in-colomiers-france-jid-9125	https://careers.soprasteria.fr/job/data-engineer-gcp-services-financiers-toulouse-in-colomiers-france-jid-9125	Sopra Steria	Data Engineer GCP - Services Financiers - Toulouse	-	in-progress	2026-09-21T16:02:34.509Z	fm-2026-09-21-mix25	
https://careers.soprasteria.fr/job/data-engineer-gcp-services-financiers-toulouse-in-colomiers-france-jid-9125	https://careers.soprasteria.fr/job/data-engineer-gcp-services-financiers-toulouse-in-colomiers-france-jid-9125	Sopra Steria	Data Engineer GCP - Services Financiers - Toulouse	1365	blocked-waf	2026-09-21T16:06:19.396Z	fm-2026-09-21-mix25	SmartRecruiters returned 403 with a DataDome hard block; form never reached; nothing sent
https://www.apec.fr/candidat/recherche-emploi.html/emploi/detail-offre/179371999W	https://www.apec.fr/candidat/recherche-emploi.html/emploi/detail-offre/179371999W	Proaxian	Ingénieur infrastructure AWS et DevOps F/H	-	in-progress	2026-09-21T16:06:19.785Z	fm-2026-09-21-mix25	
https://www.apec.fr/candidat/recherche-emploi.html/emploi/detail-offre/179425569W	https://www.apec.fr/candidat/recherche-emploi.html/emploi/detail-offre/179425569W	Externatic	Ingénieur(e) / Administrateur(trice) Systèmes & Infrastructures — CDI F/H	-	in-progress	2026-09-21T16:07:57.595Z	fm-2026-09-21-mix25	
https://www.apec.fr/candidat/recherche-emploi.html/emploi/detail-offre/179371999W	https://www.apec.fr/candidat/recherche-emploi.html/emploi/detail-offre/179371999W	Proaxian	Ingénieur infrastructure AWS et DevOps F/H	1366	errored	2026-09-21T16:08:03.536Z	fm-2026-09-21-mix25	posting closed: offre plus disponible; nothing sent
https://www.apec.fr/candidat/recherche-emploi.html/emploi/detail-offre/179425569W	https://www.apec.fr/candidat/recherche-emploi.html/emploi/detail-offre/179425569W	Externatic	Ingénieur(e) / Administrateur(trice) Systèmes & Infrastructures — CDI F/H	1367	errored	2026-09-21T16:09:19.542Z	fm-2026-09-21-mix25	APEC page said offre plus disponible; nothing sent
https://www.apec.fr/candidat/recherche-emploi.html/emploi/detail-offre/179435108W	https://www.apec.fr/candidat/recherche-emploi.html/emploi/detail-offre/179435108W	Devoteam	Aws Cloud Architect F/H	-	in-progress	2026-09-21T16:09:19.990Z	fm-2026-09-21-mix25	
https://www.apec.fr/candidat/recherche-emploi.html/emploi/detail-offre/179435108W	https://www.apec.fr/candidat/recherche-emploi.html/emploi/detail-offre/179435108W	Devoteam	Aws Cloud Architect F/H	1368	errored	2026-09-21T16:26:20.472Z	fm-2026-09-21-mix25	internet dropped mid-fill (DNS failure); form not submitted
https://www.hellowork.com/fr-fr/emplois/83445268.html	https://www.hellowork.com/fr-fr/emplois/83445268.html	Devoteam (via Hellowork)	Aws Cloud Architect F/H	-	in-progress	2026-09-21T17:19:41.154Z	fm-2026-09-21-mix25	reclaimed after errored
https://www.hellowork.com/fr-fr/emplois/83445268.html	https://www.hellowork.com/fr-fr/emplois/83445268.html	Devoteam (via Hellowork)	Aws Cloud Architect F/H	1368	errored	2026-09-21T17:41:32.810Z	fm-2026-09-21-mix25	second try: agy lost its connection to Google (network), hit the 20-min limit; not submitted
https://www.apec.fr/candidat/recherche-emploi.html/emploi/detail-offre/179371999W	https://www.apec.fr/candidat/recherche-emploi.html/emploi/detail-offre/179371999W	Proaxian	Ingénieur infrastructure AWS et DevOps F/H	1366	errored	2026-09-21T20:10:43.029Z	fm-2026-09-21-mix25	CORRECTION: posting is LIVE (user checked); applying needs an APEC account; agy misread it as closed
https://www.apec.fr/candidat/recherche-emploi.html/emploi/detail-offre/179425569W	https://www.apec.fr/candidat/recherche-emploi.html/emploi/detail-offre/179425569W	Externatic	Ingénieur(e) / Administrateur(trice) Systèmes & Infrastructures — CDI F/H	1367	errored	2026-09-21T20:10:43.144Z	fm-2026-09-21-mix25	CORRECTION: posting is LIVE (user checked); applying needs an APEC account; agy misread it as closed
https://www.welcometothejungle.com/en/companies/loft-orbital/jobs/senior-cloud-infrastructure-engineer_occitanie	https://www.welcometothejungle.com/en/companies/loft-orbital/jobs/senior-cloud-infrastructure-engineer_occitanie	Loft Orbital	Cloud Infrastructure Engineer	-	in-progress	2026-09-21T20:16:51.502Z	fm-2026-09-21-mix25	
https://www.welcometothejungle.com/en/companies/loft-orbital/jobs/senior-cloud-infrastructure-engineer_occitanie	https://www.welcometothejungle.com/en/companies/loft-orbital/jobs/senior-cloud-infrastructure-engineer_occitanie	Loft Orbital	Cloud Infrastructure Engineer	-	captcha	2026-09-21T20:19:10.034Z	fm-2026-09-21-mix25	Welcome to the Jungle sign-in requires reCAPTCHA
https://www.welcometothejungle.com/en/companies/theodo-cloud/jobs/sre-devops-cdi_paris	https://www.welcometothejungle.com/en/companies/theodo-cloud/jobs/sre-devops-cdi_paris	Theodo Cloud	SRE - CDI Paris - Theodo Cloud	-	in-progress	2026-09-21T20:19:32.414Z	fm-2026-09-21-mix25	
https://www.welcometothejungle.com/en/companies/theodo-cloud/jobs/sre-devops-cdi_paris	https://www.welcometothejungle.com/en/companies/theodo-cloud/jobs/sre-devops-cdi_paris	Theodo Cloud	SRE - CDI Paris - Theodo Cloud	-	submitted	2026-09-21T20:26:53.600Z	fm-2026-09-21-mix25	Application submitted! RETURN TO THE MAIN PAGE
https://www.welcometothejungle.com/en/companies/mistral-ai/jobs/research-platform-engineer_paris	https://www.welcometothejungle.com/en/companies/mistral-ai/jobs/research-platform-engineer_paris	Mistral AI	Research Platform Engineer	-	in-progress	2026-09-21T21:12:10.425Z	fm-2026-09-21-mix25	
https://www.welcometothejungle.com/en/companies/mistral-ai/jobs/research-platform-engineer_paris	https://www.welcometothejungle.com/en/companies/mistral-ai/jobs/research-platform-engineer_paris	Mistral AI	Research Platform Engineer	-	submitted	2026-09-21T21:20:32.368Z	fm-2026-09-21-mix25	Your application has been sent. You can track it in your Application tracking space.
https://www.welcometothejungle.com/en/companies/bureaudestalents/jobs/devops-sre-engineer-full-remote_paris	https://www.welcometothejungle.com/en/companies/bureaudestalents/jobs/devops-sre-engineer-full-remote_paris	Bureau des Talents	DevOps Engineer - AWS / Terraform - Full Remote	-	in-progress	2026-09-21T21:43:29.681Z	fm-2026-09-21-mix25	
https://www.welcometothejungle.com/en/companies/bureaudestalents/jobs/devops-sre-engineer-full-remote_paris	https://www.welcometothejungle.com/en/companies/bureaudestalents/jobs/devops-sre-engineer-full-remote_paris	Bureau des Talents	DevOps Engineer - AWS / Terraform - Full Remote	-	submitted	2026-09-21T21:47:23.050Z	fm-2026-09-21-mix25	URL redirected to /apply/success/
https://www.welcometothejungle.com/en/companies/lemlist/jobs/data-engineer_paris_LEMLI_X3pdlXe	https://www.welcometothejungle.com/en/companies/lemlist/jobs/data-engineer_paris_LEMLI_X3pdlXe	lemlist	Data Engineer	-	in-progress	2026-09-21T21:47:54.310Z	fm-2026-09-21-mix25	
https://www.welcometothejungle.com/en/companies/lemlist/jobs/data-engineer_paris_LEMLI_X3pdlXe	https://www.welcometothejungle.com/en/companies/lemlist/jobs/data-engineer_paris_LEMLI_X3pdlXe	lemlist	Data Engineer	-	submitted	2026-09-21T21:51:12.098Z	fm-2026-09-21-mix25	Success: Another automated response. And yes, we get it—no one loves these. ... we want to take a moment to thank you. You took the time to explore our world and apply
https://www.welcometothejungle.com/en/companies/visian/jobs/42e191d4-ce2d-4d9d-ad2b-0bb6c8df6162	https://www.welcometothejungle.com/en/companies/visian/jobs/42e191d4-ce2d-4d9d-ad2b-0bb6c8df6162	Visian	Data Engineer Cloud	-	in-progress	2026-09-21T21:51:47.023Z	fm-2026-09-21-mix25	
https://www.welcometothejungle.com/en/companies/visian/jobs/42e191d4-ce2d-4d9d-ad2b-0bb6c8df6162	https://www.welcometothejungle.com/en/companies/visian/jobs/42e191d4-ce2d-4d9d-ad2b-0bb6c8df6162	Visian	Data Engineer Cloud	-	submitted	2026-09-21T21:55:32.544Z	fm-2026-09-21-mix25	Candidature envoyée ! Merci de nous faire confiance
https://www.welcometothejungle.com/en/companies/gens-de-confiance/jobs/data-engineer-platform-f-m_nantes	https://www.welcometothejungle.com/en/companies/gens-de-confiance/jobs/data-engineer-platform-f-m_nantes	Gens de Confiance	Data Engineer, Platform (F/M)	-	in-progress	2026-09-21T21:56:06.611Z	fm-2026-09-21-mix25	
https://www.welcometothejungle.com/en/companies/gens-de-confiance/jobs/data-engineer-platform-f-m_nantes	https://www.welcometothejungle.com/en/companies/gens-de-confiance/jobs/data-engineer-platform-f-m_nantes	Gens de Confiance	Data Engineer, Platform (F/M)	-	submitted	2026-09-21T22:01:30.438Z	fm-2026-09-21-mix25	Your application has been sent You can track it in your Application tracking space.
https://www.welcometothejungle.com/en/companies/implicity/jobs/backend-engineer-data-platform_paris	https://www.welcometothejungle.com/en/companies/implicity/jobs/backend-engineer-data-platform_paris	Implicity	Backend Engineer - Data Platform	-	in-progress	2026-09-21T22:02:19.745Z	fm-2026-09-21-mix25	
https://www.welcometothejungle.com/en/companies/implicity/jobs/backend-engineer-data-platform_paris	https://www.welcometothejungle.com/en/companies/implicity/jobs/backend-engineer-data-platform_paris	Implicity	Backend Engineer - Data Platform	-	submitted	2026-09-21T22:08:57.750Z	fm-2026-09-21-mix25	Your application has been sent
https://www.welcometothejungle.com/en/companies/margo/jobs/margo-analytics-data-engineer-h-f_paris	https://www.welcometothejungle.com/en/companies/margo/jobs/margo-analytics-data-engineer-h-f_paris	MARGO	Data Engineer - Practice Cloud Transformation chez MARGO	-	in-progress	2026-09-21T22:09:27.829Z	fm-2026-09-21-mix25	
https://www.welcometothejungle.com/en/companies/margo/jobs/margo-analytics-data-engineer-h-f_paris	https://www.welcometothejungle.com/en/companies/margo/jobs/margo-analytics-data-engineer-h-f_paris	MARGO	Data Engineer - Practice Cloud Transformation chez MARGO	-	submitted	2026-09-21T22:12:39.828Z	fm-2026-09-21-mix25	Application submitted!
https://www.welcometothejungle.com/en/companies/cafeyn/jobs/python-software-engineer_paris	https://www.welcometothejungle.com/en/companies/cafeyn/jobs/python-software-engineer_paris	Cafeyn	Python Software Engineer	-	in-progress	2026-09-21T22:13:17.409Z	fm-2026-09-21-mix25	
https://www.welcometothejungle.com/en/companies/cafeyn/jobs/python-software-engineer_paris	https://www.welcometothejungle.com/en/companies/cafeyn/jobs/python-software-engineer_paris	Cafeyn	Python Software Engineer	-	submitted	2026-09-21T22:18:03.499Z	fm-2026-09-21-mix25	Thank you for applying! Your application was sent.
https://www.welcometothejungle.com/en/companies/betclic/jobs/ai-augmented-data-engineer-f-m_bordeaux	https://www.welcometothejungle.com/en/companies/betclic/jobs/ai-augmented-data-engineer-f-m_bordeaux	Betclic	AI-Augmented Data Engineer F/M	-	in-progress	2026-09-21T22:18:33.466Z	fm-2026-09-21-mix25	
https://www.welcometothejungle.com/en/companies/betclic/jobs/ai-augmented-data-engineer-f-m_bordeaux	https://www.welcometothejungle.com/en/companies/betclic/jobs/ai-augmented-data-engineer-f-m_bordeaux	Betclic	AI-Augmented Data Engineer F/M	-	submitted	2026-09-21T22:23:51.141Z	fm-2026-09-21-mix25	Your application has been submitted successfully. Good luck!
https://www.welcometothejungle.com/en/companies/loft-orbital/jobs/senior-cloud-infrastructure-engineer_occitanie	https://www.welcometothejungle.com/en/companies/loft-orbital/jobs/senior-cloud-infrastructure-engineer_occitanie	Loft Orbital	Cloud Infrastructure Engineer	-	in-progress	2026-09-21T22:24:18.775Z	fm-2026-09-21-mix25	reclaimed after captcha
https://careers.soprasteria.fr/job/ingenieur-e-devops-aeroline-toulouse-in-colomiers-france-jid-549	https://careers.soprasteria.fr/job/ingenieur-e-devops-aeroline-toulouse-in-colomiers-france-jid-549	Sopra Steria	Ingénieur(e) DevOps - Aeroline - Toulouse	-	in-progress	2026-09-21T22:35:38.484Z	fm-2026-09-21-mix25	reclaimed after errored
https://careers.soprasteria.fr/job/ingenieur-e-devops-aeroline-toulouse-in-colomiers-france-jid-549	https://careers.soprasteria.fr/job/ingenieur-e-devops-aeroline-toulouse-in-colomiers-france-jid-549	Sopra Steria	Ingénieur(e) DevOps - Aeroline - Toulouse	-	submitted	2026-09-21T22:40:13.924Z	fm-2026-09-21-mix25	Votre candidature pour le poste de Ingénieur(e) - DevOps - Aeroline - Toulouse chez Sopra Steria a bien été envoyée.
https://www.hellowork.com/fr-fr/emplois/83445268.html	https://www.hellowork.com/fr-fr/emplois/83445268.html	Devoteam (via Hellowork)	Aws Cloud Architect F/H	-	in-progress	2026-09-21T22:40:43.934Z	fm-2026-09-21-mix25	reclaimed after errored
https://www.hellowork.com/fr-fr/emplois/83445268.html	https://www.hellowork.com/fr-fr/emplois/83445268.html	Devoteam (via Hellowork)	Aws Cloud Architect F/H	-	submitted	2026-09-21T22:44:27.741Z	fm-2026-09-21-mix25	Félicitations ! Votre candidature au poste de Aws Cloud Architect H/F va être transmise à Devoteam France.
https://www.welcometothejungle.com/en/companies/loft-orbital/jobs/senior-cloud-infrastructure-engineer_occitanie	https://www.welcometothejungle.com/en/companies/loft-orbital/jobs/senior-cloud-infrastructure-engineer_occitanie	Loft Orbital	Cloud Infrastructure Engineer	1371	validation-failed	2026-09-21T23:02:47.504Z	fm-2026-09-21-mix25	submit clicked repeatedly with no confirmation; NOT in the WTTJ application tracker, so not sent
https://www.welcometothejungle.com/en/companies/stime/jobs/data-engineer-databricks-azure_chatillon	https://www.welcometothejungle.com/en/companies/stime/jobs/data-engineer-databricks-azure_chatillon	Stime	Data Engineer (Databricks /Azure)	-	in-progress	2026-09-21T23:28:15.429Z	fm-2026-09-22-night	
https://www.welcometothejungle.com/en/companies/stime/jobs/data-engineer-databricks-azure_chatillon	https://www.welcometothejungle.com/en/companies/stime/jobs/data-engineer-databricks-azure_chatillon	Stime	Data Engineer (Databricks /Azure)	-	submitted	2026-09-21T23:30:36.978Z	fm-2026-09-22-night	Votre candidature pour le poste de Data Engineer (Databricks /Azure) chez Groupement Mousquetaires a bien été envoyée
https://www.welcometothejungle.com/en/companies/luxurynsight/jobs/data-engineer-luxurynsight_paris	https://www.welcometothejungle.com/en/companies/luxurynsight/jobs/data-engineer-luxurynsight_paris	Luxurynsight	Data Engineer Luxurynsight	-	in-progress	2026-09-21T23:31:01.371Z	fm-2026-09-22-night	
https://www.welcometothejungle.com/en/companies/luxurynsight/jobs/data-engineer-luxurynsight_paris	https://www.welcometothejungle.com/en/companies/luxurynsight/jobs/data-engineer-luxurynsight_paris	Luxurynsight	Data Engineer Luxurynsight	-	submitted	2026-09-21T23:34:39.435Z	fm-2026-09-22-night	Your application has been sent. You can track it in your Application tracking space.
https://www.welcometothejungle.com/en/companies/vizzia/jobs/backend-software-engineer_paris	https://www.welcometothejungle.com/en/companies/vizzia/jobs/backend-software-engineer_paris	Vizzia	Backend Software Engineer	-	in-progress	2026-09-21T23:35:31.528Z	fm-2026-09-22-night	
https://www.welcometothejungle.com/en/companies/vizzia/jobs/backend-software-engineer_paris	https://www.welcometothejungle.com/en/companies/vizzia/jobs/backend-software-engineer_paris	Vizzia	Backend Software Engineer	-	submitted	2026-09-21T23:41:19.457Z	fm-2026-09-22-night	Your application has been sent You can track it in your Application tracking space.
https://www.welcometothejungle.com/en/companies/ricardo-france/jobs/data-engineer-hybrid-work_valbonne	https://www.welcometothejungle.com/en/companies/ricardo-france/jobs/data-engineer-hybrid-work_valbonne	SMG swiss marketplace group (ex Ricardo)	Data Engineer | Hybrid work	-	in-progress	2026-09-21T23:41:55.970Z	fm-2026-09-22-night	
https://www.welcometothejungle.com/en/companies/ricardo-france/jobs/data-engineer-hybrid-work_valbonne	https://www.welcometothejungle.com/en/companies/ricardo-france/jobs/data-engineer-hybrid-work_valbonne	SMG swiss marketplace group (ex Ricardo)	Data Engineer | Hybrid work	-	errored	2026-09-21T23:45:50.922Z	fm-2026-09-22-night	agy ran out of quota mid-job; handing to sonnet
https://www.welcometothejungle.com/en/companies/ricardo-france/jobs/data-engineer-hybrid-work_valbonne	https://www.welcometothejungle.com/en/companies/ricardo-france/jobs/data-engineer-hybrid-work_valbonne	SMG swiss marketplace group (ex Ricardo)	Data Engineer | Hybrid work	-	in-progress	2026-09-21T23:46:20.501Z	fm-2026-09-22-night	reclaimed after errored
https://www.welcometothejungle.com/en/companies/ricardo-france/jobs/data-engineer-hybrid-work_valbonne	https://www.welcometothejungle.com/en/companies/ricardo-france/jobs/data-engineer-hybrid-work_valbonne	SMG swiss marketplace group (ex Ricardo)	Data Engineer | Hybrid work	-	submitted	2026-09-21T23:51:44.893Z	fm-2026-09-22-night	Application submitted! Your application for Data Engineer | Hybrid work at SMG Swiss Marketplace Group has been submitted successfully. You'll receive a confirmation email shortly.
https://www.welcometothejungle.com/en/companies/polynom/jobs/devsecops-stage-paris	https://www.welcometothejungle.com/en/companies/polynom/jobs/devsecops-stage-paris	Polynom	DevSecOps	-	in-progress	2026-09-21T23:53:02.167Z	fm-2026-09-22-night	
https://www.welcometothejungle.com/en/companies/polynom/jobs/devsecops-stage-paris	https://www.welcometothejungle.com/en/companies/polynom/jobs/devsecops-stage-paris	Polynom	DevSecOps	-	submitted	2026-09-21T23:57:10.360Z	fm-2026-09-22-night	WTTJ native apply form: 'Your application has been sent. You can track it in your Application tracking space.'
https://www.welcometothejungle.com/en/companies/shape-it/jobs/data-engineer-spark_lyon_SI_rqLxD5r	https://www.welcometothejungle.com/en/companies/shape-it/jobs/data-engineer-spark_lyon_SI_rqLxD5r	Shape It	Data Engineer (Spark)	-	in-progress	2026-09-21T23:58:00.560Z	fm-2026-09-22-night	
https://www.welcometothejungle.com/en/companies/shape-it/jobs/data-engineer-spark_lyon_SI_rqLxD5r	https://www.welcometothejungle.com/en/companies/shape-it/jobs/data-engineer-spark_lyon_SI_rqLxD5r	Shape It	Data Engineer (Spark)	-	submitted	2026-09-22T00:02:05.995Z	fm-2026-09-22-night	Confirmation modal: Your application has been sent. You can track it in your Application tracking space.
https://www.welcometothejungle.com/en/companies/escape/jobs/senior-software-engineer-security-ai_paris	https://www.welcometothejungle.com/en/companies/escape/jobs/senior-software-engineer-security-ai_paris	Escape	Senior Backend Engineer	-	in-progress	2026-09-22T00:03:43.877Z	fm-2026-09-22-night	
https://www.welcometothejungle.com/en/companies/escape/jobs/senior-software-engineer-security-ai_paris	https://www.welcometothejungle.com/en/companies/escape/jobs/senior-software-engineer-security-ai_paris	Escape	Senior Backend Engineer	-	submitted	2026-09-22T00:06:36.348Z	fm-2026-09-22-night	Confirmation modal: Your application has been sent. You can track it in your Application tracking space.
https://www.welcometothejungle.com/en/companies/shape-it/jobs/data-engineer_lille_SI_6WrWXb9	https://www.welcometothejungle.com/en/companies/shape-it/jobs/data-engineer_lille_SI_6WrWXb9	Shape It	Data Engineer	-	in-progress	2026-09-22T00:07:22.244Z	fm-2026-09-22-night	
https://www.welcometothejungle.com/en/companies/shape-it/jobs/data-engineer_lille_SI_6WrWXb9	https://www.welcometothejungle.com/en/companies/shape-it/jobs/data-engineer_lille_SI_6WrWXb9	Shape It	Data Engineer	-	submitted	2026-09-22T00:10:53.497Z	fm-2026-09-22-night	Confirmation modal: Your application has been sent. You can track it in your Application tracking space.
https://www.welcometothejungle.com/en/companies/ipsos/jobs/data-engineer-bi-power-bi_paris	https://www.welcometothejungle.com/en/companies/ipsos/jobs/data-engineer-bi-power-bi_paris	Ipsos	Data Engineer BI (Power BI)	-	in-progress	2026-09-22T00:11:40.660Z	fm-2026-09-22-night	
https://www.welcometothejungle.com/en/companies/ipsos/jobs/data-engineer-bi-power-bi_paris	https://www.welcometothejungle.com/en/companies/ipsos/jobs/data-engineer-bi-power-bi_paris	Ipsos	Data Engineer BI (Power BI)	-	submitted	2026-09-22T00:14:52.813Z	fm-2026-09-22-night	Confirmation dialog: "Your application has been sent. You can track it in your Application tracking space."
https://www.welcometothejungle.com/en/companies/sancare/jobs/0fb440b0-c2fe-4c53-82cb-0e3a85a1450a	https://www.welcometothejungle.com/en/companies/sancare/jobs/0fb440b0-c2fe-4c53-82cb-0e3a85a1450a	Sancare	Senior SRE Cloud / DevOps	-	in-progress	2026-09-22T00:15:39.533Z	fm-2026-09-22-night	
https://www.welcometothejungle.com/en/companies/sancare/jobs/0fb440b0-c2fe-4c53-82cb-0e3a85a1450a	https://www.welcometothejungle.com/en/companies/sancare/jobs/0fb440b0-c2fe-4c53-82cb-0e3a85a1450a	Sancare	Senior SRE Cloud / DevOps	-	submitted	2026-09-22T00:17:58.561Z	fm-2026-09-22-night	Candidature envoyée ! Merci de nous faire confiance pour cette nouvelle étape professionnelle. Nous examinerons votre candidature et vous répondrons dans les meilleurs délais !
https://www.welcometothejungle.com/en/companies/swan/jobs/confirmed-site-reliability-engineer	https://www.welcometothejungle.com/en/companies/swan/jobs/confirmed-site-reliability-engineer	Swan	Confirmed Site Reliability Engineer	-	in-progress	2026-09-22T00:19:13.314Z	fm-2026-09-22-night	
https://www.welcometothejungle.com/en/companies/swan/jobs/confirmed-site-reliability-engineer	https://www.welcometothejungle.com/en/companies/swan/jobs/confirmed-site-reliability-engineer	Swan	Confirmed Site Reliability Engineer	-	submitted	2026-09-22T00:25:54.483Z	fm-2026-09-22-night	Submitted via Swan's Teamtailor ATS. Confirmation page: Thanks for applying. We have received your application and we will be reviewing it shortly. We usually respond within a week.
https://www.welcometothejungle.com/en/companies/philipshealthtechnologyinnovationparis/jobs/senior-backend-software-engineer_paris	https://www.welcometothejungle.com/en/companies/philipshealthtechnologyinnovationparis/jobs/senior-backend-software-engineer_paris	Philips Health Technology Innovation Paris	Senior Backend Software Engineer	-	in-progress	2026-09-22T00:27:09.314Z	fm-2026-09-22-night	
https://www.welcometothejungle.com/en/companies/philipshealthtechnologyinnovationparis/jobs/senior-backend-software-engineer_paris	https://www.welcometothejungle.com/en/companies/philipshealthtechnologyinnovationparis/jobs/senior-backend-software-engineer_paris	Philips Health Technology Innovation Paris	Senior Backend Software Engineer	-	errored	2026-09-22T00:29:38.919Z	fm-2026-09-22-night	run ended without recording a result; check by hand before any retry
https://apply.workable.com/j/DB4D7C0EC8	https://apply.workable.com/j/DB4D7C0EC8	Hugging Face	Senior Open-Source Python Engineer, ML Developer Tools - EMEA Remote	-	in-progress	2026-09-22T03:03:44.128Z	fm-2026-09-22-night	
https://apply.workable.com/j/DB4D7C0EC8	https://apply.workable.com/j/DB4D7C0EC8	Hugging Face	Senior Open-Source Python Engineer, ML Developer Tools - EMEA Remote	-	submitted	2026-09-22T03:10:04.053Z	fm-2026-09-22-night	Thank you! Your application has been submitted successfully.
https://www.welcometothejungle.com/en/companies/jakala/jobs/data-engineer-confirme-cdi-paris_paris	https://www.welcometothejungle.com/en/companies/jakala/jobs/data-engineer-confirme-cdi-paris_paris	JAKALA	Data Engineer - Senior Consultant	-	in-progress	2026-09-22T03:10:30.263Z	fm-2026-09-22-night	
https://www.welcometothejungle.com/en/companies/jakala/jobs/data-engineer-confirme-cdi-paris_paris	https://www.welcometothejungle.com/en/companies/jakala/jobs/data-engineer-confirme-cdi-paris_paris	JAKALA	Data Engineer - Senior Consultant	-	submitted	2026-09-22T03:13:03.129Z	fm-2026-09-22-night	Your application has been sent You can track it in your Application tracking space.
https://www.welcometothejungle.com/en/companies/jakala/jobs/data-analyst-senior-cdi-paris-ou-caen	https://www.welcometothejungle.com/en/companies/jakala/jobs/data-analyst-senior-cdi-paris-ou-caen	JAKALA	Analytics Engineer - Senior Consultant	-	in-progress	2026-09-22T03:13:21.268Z	fm-2026-09-22-night	
https://www.welcometothejungle.com/en/companies/jakala/jobs/data-analyst-senior-cdi-paris-ou-caen	https://www.welcometothejungle.com/en/companies/jakala/jobs/data-analyst-senior-cdi-paris-ou-caen	JAKALA	Analytics Engineer - Senior Consultant	-	submitted	2026-09-22T03:16:30.347Z	fm-2026-09-22-night	Your application has been sent
https://www.welcometothejungle.com/en/companies/datatorii/jobs/data-engineer-databricks_paris	https://www.welcometothejungle.com/en/companies/datatorii/jobs/data-engineer-databricks_paris	Datatorii	Data Engineer Databricks	-	in-progress	2026-09-22T03:16:59.891Z	fm-2026-09-22-night	
https://www.welcometothejungle.com/en/companies/datatorii/jobs/data-engineer-databricks_paris	https://www.welcometothejungle.com/en/companies/datatorii/jobs/data-engineer-databricks_paris	Datatorii	Data Engineer Databricks	-	submitted	2026-09-22T03:20:10.589Z	fm-2026-09-22-night	Your application has been sent
https://www.welcometothejungle.com/en/companies/datatorii/jobs/analytics-engineer-microsoft-databricks_paris	https://www.welcometothejungle.com/en/companies/datatorii/jobs/analytics-engineer-microsoft-databricks_paris	Datatorii	Analytics Engineer confirmé(e) - Microsoft & Databricks	-	in-progress	2026-09-22T03:20:34.580Z	fm-2026-09-22-night	
https://www.welcometothejungle.com/en/companies/datatorii/jobs/analytics-engineer-microsoft-databricks_paris	https://www.welcometothejungle.com/en/companies/datatorii/jobs/analytics-engineer-microsoft-databricks_paris	Datatorii	Analytics Engineer confirmé(e) - Microsoft & Databricks	-	submitted	2026-09-22T03:23:32.117Z	fm-2026-09-22-night	Your application has been sent
https://www.welcometothejungle.com/en/companies/oodrive/jobs/ai-platform-engineer_paris	https://www.welcometothejungle.com/en/companies/oodrive/jobs/ai-platform-engineer_paris	Oodrive	Senior Platform Engineer - Agentic AI Platform	-	in-progress	2026-09-22T03:24:00.918Z	fm-2026-09-22-night	
https://www.welcometothejungle.com/en/companies/oodrive/jobs/ai-platform-engineer_paris	https://www.welcometothejungle.com/en/companies/oodrive/jobs/ai-platform-engineer_paris	Oodrive	Senior Platform Engineer - Agentic AI Platform	-	submitted	2026-09-22T03:27:20.524Z	fm-2026-09-22-night	Your application has been sent You can track it in your Application tracking space.
https://www.welcometothejungle.com/en/companies/sancare/jobs/f6bfacb4-ea68-4349-bebe-b8b94c35bc40	https://www.welcometothejungle.com/en/companies/sancare/jobs/f6bfacb4-ea68-4349-bebe-b8b94c35bc40	Sancare	Senior Data Engineer	-	in-progress	2026-09-22T03:27:47.720Z	fm-2026-09-22-night	
https://www.welcometothejungle.com/en/companies/sancare/jobs/f6bfacb4-ea68-4349-bebe-b8b94c35bc40	https://www.welcometothejungle.com/en/companies/sancare/jobs/f6bfacb4-ea68-4349-bebe-b8b94c35bc40	Sancare	Senior Data Engineer	-	submitted	2026-09-22T03:29:45.999Z	fm-2026-09-22-night	Candidature envoyée ! Merci de nous faire confiance pour cette nouvelle étape professionnelle.
https://www.welcometothejungle.com/en/companies/karafun-group/jobs/senior-data-engineer_lille	https://www.welcometothejungle.com/en/companies/karafun-group/jobs/senior-data-engineer_lille	KaraFun Invest	Senior Data Engineer	-	in-progress	2026-09-22T03:30:17.489Z	fm-2026-09-22-night	
https://www.welcometothejungle.com/en/companies/karafun-group/jobs/senior-data-engineer_lille	https://www.welcometothejungle.com/en/companies/karafun-group/jobs/senior-data-engineer_lille	KaraFun Invest	Senior Data Engineer	-	submitted	2026-09-22T03:34:23.625Z	fm-2026-09-22-night	Your application has been sent
https://www.welcometothejungle.com/en/companies/bial-x/jobs/data-engineer-fabric-paris_paris	https://www.welcometothejungle.com/en/companies/bial-x/jobs/data-engineer-fabric-paris_paris	Bial-X	Data Engineer Fabric - Paris	-	in-progress	2026-09-22T03:34:53.051Z	fm-2026-09-22-night	
https://www.welcometothejungle.com/en/companies/bial-x/jobs/data-engineer-fabric-paris_paris	https://www.welcometothejungle.com/en/companies/bial-x/jobs/data-engineer-fabric-paris_paris	Bial-X	Data Engineer Fabric - Paris	-	submitted	2026-09-22T03:37:46.627Z	fm-2026-09-22-night	Your application has been sent
https://www.welcometothejungle.com/en/companies/bial-x/jobs/data-engineer-databricks-strasbourg_strasbourg	https://www.welcometothejungle.com/en/companies/bial-x/jobs/data-engineer-databricks-strasbourg_strasbourg	Bial-X	Data Engineer Databricks - Paris	-	in-progress	2026-09-22T03:38:13.191Z	fm-2026-09-22-night	
https://www.welcometothejungle.com/en/companies/bial-x/jobs/data-engineer-databricks-strasbourg_strasbourg	https://www.welcometothejungle.com/en/companies/bial-x/jobs/data-engineer-databricks-strasbourg_strasbourg	Bial-X	Data Engineer Databricks - Paris	-	submitted	2026-09-22T03:42:47.802Z	fm-2026-09-22-night	Your application has been sent You can track it in your Application tracking space.
https://www.welcometothejungle.com/en/companies/edumapper/jobs/data-engineer_paris_EDUMA_rYyaZpZ	https://www.welcometothejungle.com/en/companies/edumapper/jobs/data-engineer_paris_EDUMA_rYyaZpZ	Edumapper	Data engineer	-	in-progress	2026-09-22T03:43:09.059Z	fm-2026-09-22-night	
https://www.welcometothejungle.com/en/companies/edumapper/jobs/data-engineer_paris_EDUMA_rYyaZpZ	https://www.welcometothejungle.com/en/companies/edumapper/jobs/data-engineer_paris_EDUMA_rYyaZpZ	Edumapper	Data engineer	-	submitted	2026-09-22T03:45:40.494Z	fm-2026-09-22-night	Your application has been sent You can track it in your Application tracking space.
https://www.welcometothejungle.com/en/companies/l-atelier/jobs/senior-backend-engineer-node-js-aws-serverless_paris	https://www.welcometothejungle.com/en/companies/l-atelier/jobs/senior-backend-engineer-node-js-aws-serverless_paris	L'Atelier	Senior Backend Engineer - Node.js / AWS Serverless	-	in-progress	2026-09-22T03:46:22.453Z	fm-2026-09-22-night	
https://www.welcometothejungle.com/en/companies/l-atelier/jobs/senior-backend-engineer-node-js-aws-serverless_paris	https://www.welcometothejungle.com/en/companies/l-atelier/jobs/senior-backend-engineer-node-js-aws-serverless_paris	L'Atelier	Senior Backend Engineer - Node.js / AWS Serverless	-	errored	2026-09-22T03:50:47.300Z	fm-2026-09-22-night	run ended without recording a result; check by hand before any retry
https://www.welcometothejungle.com/en/companies/l-atelier/jobs/senior-backend-engineer-node-js-aws-serverless_paris	https://www.welcometothejungle.com/en/companies/l-atelier/jobs/senior-backend-engineer-node-js-aws-serverless_paris	L'Atelier	Senior Backend Engineer - Node.js / AWS Serverless	-	submitted	2026-09-22T03:51:10.785Z	fm-2026-09-22-night	Your application has been sent. You can track it in your Application tracking space.
https://jobs.lever.co/alice-bob/296a863a-0c82-4c83-afd9-3574b5518c25	https://jobs.lever.co/alice-bob/296a863a-0c82-4c83-afd9-3574b5518c25	alice-bob	Senior Software Engineer	-	in-progress	2026-09-22T03:51:13.473Z	fm-2026-09-22-night	
https://jobs.lever.co/alice-bob/296a863a-0c82-4c83-afd9-3574b5518c25	https://jobs.lever.co/alice-bob/296a863a-0c82-4c83-afd9-3574b5518c25	alice-bob	Senior Software Engineer	-	submitted	2026-09-22T03:53:24.342Z	fm-2026-09-22-night	Application submitted!
https://www.welcometothejungle.com/en/companies/webnet/jobs/dataops-engineer-confirme-azure-databricks-big-data-h-f-boulogne_sevres	https://www.welcometothejungle.com/en/companies/webnet/jobs/dataops-engineer-confirme-azure-databricks-big-data-h-f-boulogne_sevres	Webnet	DataOps Engineer confirmé – Azure / Databricks / Big Data H/F	-	in-progress	2026-09-22T03:53:50.252Z	fm-2026-09-22-night	
https://www.welcometothejungle.com/en/companies/webnet/jobs/dataops-engineer-confirme-azure-databricks-big-data-h-f-boulogne_sevres	https://www.welcometothejungle.com/en/companies/webnet/jobs/dataops-engineer-confirme-azure-databricks-big-data-h-f-boulogne_sevres	Webnet	DataOps Engineer confirmé – Azure / Databricks / Big Data H/F	-	submitted	2026-09-22T04:06:20.033Z	fm-2026-09-22-night	Candidature bien reçue !
https://www.welcometothejungle.com/en/companies/yubo/jobs/senior-backend-engineer-innovate_paris	https://www.welcometothejungle.com/en/companies/yubo/jobs/senior-backend-engineer-innovate_paris	Yubo	Senior Backend Engineer (Innovate)	-	in-progress	2026-09-22T04:06:50.776Z	fm-2026-09-22-night	
https://www.welcometothejungle.com/en/companies/yubo/jobs/senior-backend-engineer-innovate_paris	https://www.welcometothejungle.com/en/companies/yubo/jobs/senior-backend-engineer-innovate_paris	Yubo	Senior Backend Engineer (Innovate)	-	submitted	2026-09-22T04:12:26.490Z	fm-2026-09-22-night	Your application has been sent
https://www.welcometothejungle.com/en/companies/matawan/jobs/data-engineer_lyon	https://www.welcometothejungle.com/en/companies/matawan/jobs/data-engineer_lyon	Matawan	Data Engineer	-	in-progress	2026-09-22T04:12:58.317Z	fm-2026-09-22-night	
https://www.welcometothejungle.com/en/companies/matawan/jobs/data-engineer_lyon	https://www.welcometothejungle.com/en/companies/matawan/jobs/data-engineer_lyon	Matawan	Data Engineer	-	submitted	2026-09-22T04:16:11.184Z	fm-2026-09-22-night	Your application has been sent
https://www.welcometothejungle.com/en/companies/exotec/jobs/senior-devops-engineer-platform-engineer_lille	https://www.welcometothejungle.com/en/companies/exotec/jobs/senior-devops-engineer-platform-engineer_lille	Exotec	Senior DevOps Engineer / Platform Engineer	-	in-progress	2026-09-22T04:17:02.482Z	fm-2026-09-22-night	
https://www.welcometothejungle.com/en/companies/exotec/jobs/senior-devops-engineer-platform-engineer_lille	https://www.welcometothejungle.com/en/companies/exotec/jobs/senior-devops-engineer-platform-engineer_lille	Exotec	Senior DevOps Engineer / Platform Engineer	-	submitted	2026-09-22T04:20:36.046Z	fm-2026-09-22-night	Your application has been sent
https://www.welcometothejungle.com/en/companies/cenova/jobs/luxe-retail-cloud-data-engineer-confirme-h-f-paris_neuilly-sur-seine_CENOV_Pq0dxrL	https://www.welcometothejungle.com/en/companies/cenova/jobs/luxe-retail-cloud-data-engineer-confirme-h-f-paris_neuilly-sur-seine_CENOV_Pq0dxrL	Cenova	Cloud Data Engineer Confirmé [H/F - Retail/Luxe - PARIS]	-	in-progress	2026-09-22T04:21:00.478Z	fm-2026-09-22-night	
https://www.welcometothejungle.com/en/companies/cenova/jobs/luxe-retail-cloud-data-engineer-confirme-h-f-paris_neuilly-sur-seine_CENOV_Pq0dxrL	https://www.welcometothejungle.com/en/companies/cenova/jobs/luxe-retail-cloud-data-engineer-confirme-h-f-paris_neuilly-sur-seine_CENOV_Pq0dxrL	Cenova	Cloud Data Engineer Confirmé [H/F - Retail/Luxe - PARIS]	-	submitted	2026-09-22T04:24:11.805Z	fm-2026-09-22-night	Your application has been sent
https://www.welcometothejungle.com/en/companies/weward/jobs/senior-backend-engineer-affiliate-cashback_paris	https://www.welcometothejungle.com/en/companies/weward/jobs/senior-backend-engineer-affiliate-cashback_paris	WeWard	Senior Backend Engineer - Affiliate & Cashback	-	in-progress	2026-09-22T04:24:42.460Z	fm-2026-09-22-night	
https://www.welcometothejungle.com/en/companies/weward/jobs/senior-backend-engineer-affiliate-cashback_paris	https://www.welcometothejungle.com/en/companies/weward/jobs/senior-backend-engineer-affiliate-cashback_paris	WeWard	Senior Backend Engineer - Affiliate & Cashback	-	submitted	2026-09-22T04:28:59.516Z	fm-2026-09-22-night	Your application has been sent
https://www.welcometothejungle.com/en/companies/canal-group/jobs/cdi-ingenieur-netdevops-f-h-x_puteaux_CG_R2KV558	https://www.welcometothejungle.com/en/companies/canal-group/jobs/cdi-ingenieur-netdevops-f-h-x_puteaux_CG_R2KV558	CANAL+ Group	CDI - INGENIEUR NETDEVOPS - (F/H/X)	-	in-progress	2026-09-22T04:29:42.598Z	fm-2026-09-22-night	
https://www.welcometothejungle.com/en/companies/canal-group/jobs/cdi-ingenieur-netdevops-f-h-x_puteaux_CG_R2KV558	https://www.welcometothejungle.com/en/companies/canal-group/jobs/cdi-ingenieur-netdevops-f-h-x_puteaux_CG_R2KV558	CANAL+ Group	CDI - INGENIEUR NETDEVOPS - (F/H/X)	-	errored	2026-09-22T04:36:00.228Z	fm-2026-09-22-night	agy ran out of quota mid-job; handing to sonnet
https://www.welcometothejungle.com/en/companies/canal-group/jobs/cdi-ingenieur-netdevops-f-h-x_puteaux_CG_R2KV558	https://www.welcometothejungle.com/en/companies/canal-group/jobs/cdi-ingenieur-netdevops-f-h-x_puteaux_CG_R2KV558	CANAL+ Group	CDI - INGENIEUR NETDEVOPS - (F/H/X)	-	in-progress	2026-09-22T04:36:15.447Z	fm-2026-09-22-night	reclaimed after errored
https://www.welcometothejungle.com/en/companies/canal-group/jobs/cdi-ingenieur-netdevops-f-h-x_puteaux_CG_R2KV558	https://www.welcometothejungle.com/en/companies/canal-group/jobs/cdi-ingenieur-netdevops-f-h-x_puteaux_CG_R2KV558	CANAL+ Group	CDI - INGENIEUR NETDEVOPS - (F/H/X)	-	submitted	2026-09-22T04:40:14.930Z	fm-2026-09-22-night	Confirmation page: 'Votre candidature a été envoyée. Merci !' (Applied successfully to CDI - INGENIEUR RESEAU SECURITE & CLOUD - (F/H/X) (12395) on CANAL+'s SuccessFactors portal)
https://www.welcometothejungle.com/en/companies/doctrine/jobs/experienced-senior-fullstack-engineer-platform-squad_paris	https://www.welcometothejungle.com/en/companies/doctrine/jobs/experienced-senior-fullstack-engineer-platform-squad_paris	Doctrine	Experienced / senior Fullstack Engineer (Platform squad)	-	in-progress	2026-09-22T04:41:16.192Z	fm-2026-09-22-night	
https://www.welcometothejungle.com/en/companies/doctrine/jobs/experienced-senior-fullstack-engineer-platform-squad_paris	https://www.welcometothejungle.com/en/companies/doctrine/jobs/experienced-senior-fullstack-engineer-platform-squad_paris	Doctrine	Experienced / senior Fullstack Engineer (Platform squad)	-	submitted	2026-09-22T04:45:09.715Z	fm-2026-09-22-night	Your application has been sent. You can track it in your Application tracking space.
https://www.welcometothejungle.com/en/companies/gitguardian/jobs/senior-data-engineer_paris_GITGU_1O04qgL	https://www.welcometothejungle.com/en/companies/gitguardian/jobs/senior-data-engineer_paris_GITGU_1O04qgL	GitGuardian	Senior Data Engineer	-	in-progress	2026-09-22T04:45:43.906Z	fm-2026-09-22-night	
https://www.welcometothejungle.com/en/companies/gitguardian/jobs/senior-data-engineer_paris_GITGU_1O04qgL	https://www.welcometothejungle.com/en/companies/gitguardian/jobs/senior-data-engineer_paris_GITGU_1O04qgL	GitGuardian	Senior Data Engineer	-	submitted	2026-09-22T04:51:34.365Z	fm-2026-09-22-night	Confirmed: 'Thanks for applying — We have received your application and we will be reviewing it shortly.' (Applied step 1/2 completed on careers.gitguardian.com)
https://www.welcometothejungle.com/en/companies/omaha/jobs/afd7caaa-ac69-4a92-8f3f-5c3fc896031a	https://www.welcometothejungle.com/en/companies/omaha/jobs/afd7caaa-ac69-4a92-8f3f-5c3fc896031a	Omaha Insights	Senior Data Engineer	-	in-progress	2026-09-22T04:52:15.985Z	fm-2026-09-22-night	
https://www.welcometothejungle.com/en/companies/omaha/jobs/afd7caaa-ac69-4a92-8f3f-5c3fc896031a	https://www.welcometothejungle.com/en/companies/omaha/jobs/afd7caaa-ac69-4a92-8f3f-5c3fc896031a	Omaha Insights	Senior Data Engineer	-	submitted	2026-09-22T04:55:33.846Z	fm-2026-09-22-night	Candidature envoyée ! Merci de nous faire confiance pour cette nouvelle étape professionnelle. Nous examinerons votre candidature et vous répondrons dans les meilleurs délais !
https://www.welcometothejungle.com/en/companies/diffusely/jobs/senior-backend-engineer_paris_CARCU_gkZOxPZ	https://www.welcometothejungle.com/en/companies/diffusely/jobs/senior-backend-engineer_paris_CARCU_gkZOxPZ	CarCutter	Senior Backend Engineer	-	in-progress	2026-09-22T04:56:26.657Z	fm-2026-09-22-night	
https://www.welcometothejungle.com/en/companies/diffusely/jobs/senior-backend-engineer_paris_CARCU_gkZOxPZ	https://www.welcometothejungle.com/en/companies/diffusely/jobs/senior-backend-engineer_paris_CARCU_gkZOxPZ	CarCutter	Senior Backend Engineer	-	submitted	2026-09-22T05:01:06.311Z	fm-2026-09-22-night	Modal confirmation: 'Your application has been sent. You can track it in your Application tracking space.'
https://www.welcometothejungle.com/en/companies/legal-vision/jobs/b96c5017-f8e1-4c5c-8194-2854a719801f	https://www.welcometothejungle.com/en/companies/legal-vision/jobs/b96c5017-f8e1-4c5c-8194-2854a719801f	LegalVision	Senior Backend Engineer (Python) - Bordeaux	-	in-progress	2026-09-22T05:01:52.764Z	fm-2026-09-22-night	
https://www.welcometothejungle.com/en/companies/legal-vision/jobs/b96c5017-f8e1-4c5c-8194-2854a719801f	https://www.welcometothejungle.com/en/companies/legal-vision/jobs/b96c5017-f8e1-4c5c-8194-2854a719801f	LegalVision	Senior Backend Engineer (Python) - Bordeaux	-	submitted	2026-09-22T05:03:33.330Z	fm-2026-09-22-night	Confirmation page (/success): 'Candidature envoyee ! Merci de nous faire confiance pour cette nouvelle etape professionnelle. Nous examinerons votre candidature et vous repondrons.'
https://www.welcometothejungle.com/en/companies/webnet/jobs/data-engineer-bi-microsoft-azure-power-bi-h-f-paris_paris	https://www.welcometothejungle.com/en/companies/webnet/jobs/data-engineer-bi-microsoft-azure-power-bi-h-f-paris_paris	Webnet	Data Engineer BI – Microsoft Azure / Power BI (H/F)	-	in-progress	2026-09-22T05:04:07.888Z	fm-2026-09-22-night	
https://www.welcometothejungle.com/en/companies/webnet/jobs/data-engineer-bi-microsoft-azure-power-bi-h-f-paris_paris	https://www.welcometothejungle.com/en/companies/webnet/jobs/data-engineer-bi-microsoft-azure-power-bi-h-f-paris_paris	Webnet	Data Engineer BI – Microsoft Azure / Power BI (H/F)	-	submitted	2026-09-22T05:10:23.466Z	fm-2026-09-22-night	Confirmed via Taleez double opt-in email link: 'Candidature bien reçue ! Merci d'avoir postulé pour le poste : Data Engineer BI – Microsoft Azure / Power BI (H/F) - Paris'
https://www.welcometothejungle.com/en/companies/wyll/jobs/expert-e-cloud-scaleway_aix-en-provence	https://www.welcometothejungle.com/en/companies/wyll/jobs/expert-e-cloud-scaleway_aix-en-provence	Wyll	Expert·e Cloud Scaleway	-	in-progress	2026-09-22T05:11:03.061Z	fm-2026-09-22-night	
https://www.welcometothejungle.com/en/companies/wyll/jobs/expert-e-cloud-scaleway_aix-en-provence	https://www.welcometothejungle.com/en/companies/wyll/jobs/expert-e-cloud-scaleway_aix-en-provence	Wyll	Expert·e Cloud Scaleway	-	submitted	2026-09-22T05:16:29.851Z	fm-2026-09-22-night	Your application has been sent. You can track it in your Application tracking space.
https://www.welcometothejungle.com/en/companies/modulotech/jobs/site-reliability-engineer-h-f-x_issy-les-moulineaux	https://www.welcometothejungle.com/en/companies/modulotech/jobs/site-reliability-engineer-h-f-x_issy-les-moulineaux	ModuloTech	Site Reliability Engineer (H/F/X)	-	in-progress	2026-09-22T05:17:42.425Z	fm-2026-09-22-night	
https://www.welcometothejungle.com/en/companies/modulotech/jobs/site-reliability-engineer-h-f-x_issy-les-moulineaux	https://www.welcometothejungle.com/en/companies/modulotech/jobs/site-reliability-engineer-h-f-x_issy-les-moulineaux	ModuloTech	Site Reliability Engineer (H/F/X)	-	submitted	2026-09-22T05:20:54.843Z	fm-2026-09-22-night	Confirmation modal: 'Your application has been sent. You can track it in your Application tracking space.'
https://www.welcometothejungle.com/en/companies/bouygues-telecom/jobs/ingenieur-devsecops-kubernetes-elk-f-h_nantes	https://www.welcometothejungle.com/en/companies/bouygues-telecom/jobs/ingenieur-devsecops-kubernetes-elk-f-h_nantes	Bouygues Telecom	Ingénieur DevSecOps Kubernetes / ELK F/H	-	in-progress	2026-09-22T05:21:59.456Z	fm-2026-09-22-night	
https://www.welcometothejungle.com/en/companies/bouygues-telecom/jobs/ingenieur-devsecops-kubernetes-elk-f-h_nantes	https://www.welcometothejungle.com/en/companies/bouygues-telecom/jobs/ingenieur-devsecops-kubernetes-elk-f-h_nantes	Bouygues Telecom	Ingénieur DevSecOps Kubernetes / ELK F/H	-	submitted	2026-09-22T05:24:35.207Z	fm-2026-09-22-night	Confirmation page text: Votre candidature a été envoyée. Merci !
https://www.welcometothejungle.com/en/companies/zenika/jobs/data-engineer-cloud-gcp-f-h_paris	https://www.welcometothejungle.com/en/companies/zenika/jobs/data-engineer-cloud-gcp-f-h_paris	Zenika	Data Engineer - Cloud GCP F/H	-	in-progress	2026-09-22T05:25:18.831Z	fm-2026-09-22-night	
https://www.welcometothejungle.com/en/companies/zenika/jobs/data-engineer-cloud-gcp-f-h_paris	https://www.welcometothejungle.com/en/companies/zenika/jobs/data-engineer-cloud-gcp-f-h_paris	Zenika	Data Engineer - Cloud GCP F/H	-	errored	2026-09-22T05:27:03.827Z	fm-2026-09-22-night	Claude limit hit mid-run; retrying later
https://candidat.francetravail.fr/offres/recherche/detail/213VHQM	https://candidat.francetravail.fr/offres/recherche/detail/213VHQM	?	Référent Applicatif IA (H/F)	-	in-progress	2026-09-22T06:37:49.878Z	fm-2026-09-22-night	
https://candidat.francetravail.fr/offres/recherche/detail/213VHQM	https://candidat.francetravail.fr/offres/recherche/detail/213VHQM	?	Référent Applicatif IA (H/F)	-	errored	2026-09-22T06:39:36.894Z	fm-2026-09-22-night	Postuler resolves only to an in-person Job Dating event registration (mesevenementsemploi.francetravail.fr event 731572, today 2026-09-22, fixed 09:00/10:30 slots, 9 places left in-person, requires profile pre-selection and physical attendance in Toulouse) -- no online application form exists for this posting; cannot submit an application autonomously.
https://candidat.francetravail.fr/offres/recherche/detail/213RNJQ	https://candidat.francetravail.fr/offres/recherche/detail/213RNJQ	?	Ingénieur DevOps (H/F)	-	in-progress	2026-09-22T06:40:23.426Z	fm-2026-09-22-night	
https://candidat.francetravail.fr/offres/recherche/detail/213RNJQ	https://candidat.francetravail.fr/offres/recherche/detail/213RNJQ	?	Ingénieur DevOps (H/F)	-	errored	2026-09-22T06:42:01.489Z	fm-2026-09-22-night	not an online application: Postuler leads to a France Travail in-person Job Dating event (22 Sep 2026, Toulouse, time-slot sign-up, pre-selection required before a convocation is sent); cannot auto-register for a physical appointment on the user's behalf
https://candidat.francetravail.fr/offres/recherche/detail/213RLRY	https://candidat.francetravail.fr/offres/recherche/detail/213RLRY	?	Ingénieur DevOps Infrastructure - As Code / IaC (H/F)	-	in-progress	2026-09-22T06:42:43.634Z	fm-2026-09-22-night	
https://candidat.francetravail.fr/offres/recherche/detail/213RLRY	https://candidat.francetravail.fr/offres/recherche/detail/213RLRY	?	Ingénieur DevOps Infrastructure - As Code / IaC (H/F)	-	errored	2026-09-22T06:43:42.409Z	fm-2026-09-22-night	not an online application: Postuler resolves only to the same France Travail in-person Job Dating event (mesevenementsemploi.francetravail.fr event 731572, Toulouse, today 2026-09-22, fixed 9h00/10h30 slots, pre-selection required before a convocation is sent); cannot auto-register for a physical appointment on the user's behalf
https://candidat.francetravail.fr/offres/recherche/detail/213VHHQ	https://candidat.francetravail.fr/offres/recherche/detail/213VHHQ	?	PMO / responsable informatique Pôle Pilotage (IT) (H/F)	-	in-progress	2026-09-22T06:44:24.061Z	fm-2026-09-22-night	
https://candidat.francetravail.fr/offres/recherche/detail/213VHHQ	https://candidat.francetravail.fr/offres/recherche/detail/213VHHQ	?	PMO / responsable informatique Pôle Pilotage (IT) (H/F)	-	errored	2026-09-22T06:45:20.661Z	fm-2026-09-22-night	Postuler redirects to an in-person France Travail job-dating event (22 Sep 09:00-10:30, Toulouse, 9 places restantes en presentiel, pre-selection required) not an application form. No CV upload, no fillable fields, nothing to submit online. Not auto-registering for a physical event on the user's behalf.
https://jobs.fortil.group/jobs/8385711-ingenieur-systemes-et-reseaux-h-f	https://jobs.fortil.group/jobs/8385711-ingenieur-systemes-et-reseaux-h-f	Fortil	Ingénieur Systèmes et Réseaux (H/F)	-	in-progress	2026-09-22T06:45:55.239Z	fm-2026-09-22-night	
https://jobs.fortil.group/jobs/8385711-ingenieur-systemes-et-reseaux-h-f	https://jobs.fortil.group/jobs/8385711-ingenieur-systemes-et-reseaux-h-f	Fortil	Ingénieur Systèmes et Réseaux (H/F)	-	submitted	2026-09-22T06:48:20.978Z	fm-2026-09-22-night	Merci pour votre candidature. Nous avons reçu votre candidature et l'examinerons dans les plus brefs délais.
https://www.welcometothejungle.com/en/companies/zenika/jobs/data-engineer-cloud-gcp-f-h_paris	https://www.welcometothejungle.com/en/companies/zenika/jobs/data-engineer-cloud-gcp-f-h_paris	Zenika	Data Engineer - Cloud GCP F/H	-	in-progress	2026-09-22T06:48:55.474Z	fm-2026-09-22-night	reclaimed after errored
https://www.welcometothejungle.com/en/companies/zenika/jobs/data-engineer-cloud-gcp-f-h_paris	https://www.welcometothejungle.com/en/companies/zenika/jobs/data-engineer-cloud-gcp-f-h_paris	Zenika	Data Engineer - Cloud GCP F/H	-	submitted	2026-09-22T06:56:50.497Z	fm-2026-09-22-night	Confirmation dialog: 'Your application has been sent. You can track it in your Application tracking space.'
https://www.welcometothejungle.com/en/companies/ovh/jobs/site-reliability-engineer-network-observability-f-h-n_paris	https://www.welcometothejungle.com/en/companies/ovh/jobs/site-reliability-engineer-network-observability-f-h-n_paris	OVHcloud	Site Reliability Engineer - Network Observability - F/H/N	-	in-progress	2026-09-22T06:57:44.127Z	fm-2026-09-22-night	
https://www.welcometothejungle.com/en/companies/ovh/jobs/site-reliability-engineer-network-observability-f-h-n_paris	https://www.welcometothejungle.com/en/companies/ovh/jobs/site-reliability-engineer-network-observability-f-h-n_paris	OVHcloud	Site Reliability Engineer - Network Observability - F/H/N	-	submitted	2026-09-22T07:01:39.891Z	fm-2026-09-22-night	Merci pour votre candidature. Suivez l'avancement de celle-ci dans votre profil > suivi de mes candidatures ; si votre profil correspond, notre équipe recrutement prendra contact avec vous très vite ; si votre candidature n'est pas retenue sur ce poste, nous pourrions vous recontacter plus tard pour une autre opportunité, restons connectés !
https://jobs.fortil.group/jobs/8385835-ingenieur-devops-h-f	https://jobs.fortil.group/jobs/8385835-ingenieur-devops-h-f	Fortil	Ingénieur DevOps (H/F)	-	in-progress	2026-09-22T07:02:14.913Z	fm-2026-09-22-night	
https://jobs.fortil.group/jobs/8385835-ingenieur-devops-h-f	https://jobs.fortil.group/jobs/8385835-ingenieur-devops-h-f	Fortil	Ingénieur DevOps (H/F)	-	submitted	2026-09-22T07:06:04.731Z	fm-2026-09-22-night	Page confirms: Merci pour votre candidature. Nous avons reçu votre candidature et l'examinerons dans les plus brefs delais. Status: A postule.
https://www.welcometothejungle.com/en/companies/nomadia/jobs/data-engineer-f-h_paris_NOMAD_7Rma3Rg	https://www.welcometothejungle.com/en/companies/nomadia/jobs/data-engineer-f-h_paris_NOMAD_7Rma3Rg	Nomadia	Data Engineer (F/H)	-	in-progress	2026-09-22T07:06:52.287Z	fm-2026-09-22-night	
https://www.welcometothejungle.com/en/companies/nomadia/jobs/data-engineer-f-h_paris_NOMAD_7Rma3Rg	https://www.welcometothejungle.com/en/companies/nomadia/jobs/data-engineer-f-h_paris_NOMAD_7Rma3Rg	Nomadia	Data Engineer (F/H)	-	submitted	2026-09-22T07:10:05.704Z	fm-2026-09-22-night	Confirmation page text: 'Your application has been sent. You can track it in your Application tracking space.'
https://www.welcometothejungle.com/en/companies/seqino-fr/jobs/senior-backend-engineer	https://www.welcometothejungle.com/en/companies/seqino-fr/jobs/senior-backend-engineer	SEQINO	Senior Backend Engineer	-	in-progress	2026-09-22T07:10:53.532Z	fm-2026-09-22-night	
https://www.welcometothejungle.com/en/companies/seqino-fr/jobs/senior-backend-engineer	https://www.welcometothejungle.com/en/companies/seqino-fr/jobs/senior-backend-engineer	SEQINO	Senior Backend Engineer	-	submitted	2026-09-22T07:14:01.247Z	fm-2026-09-22-night	WTTJ quick-apply confirmation: Your application has been sent. You can track it in your Application tracking space.
https://www.welcometothejungle.com/en/companies/elax-energie/jobs/ingenieur-e-infrastructure-cdi_paris	https://www.welcometothejungle.com/en/companies/elax-energie/jobs/ingenieur-e-infrastructure-cdi_paris	Elax Energie	Ingénieur.e Infrastructure (CDI)	-	in-progress	2026-09-22T08:15:32.077Z	fm-2026-09-22-night	
https://www.welcometothejungle.com/en/companies/elax-energie/jobs/ingenieur-e-infrastructure-cdi_paris	https://www.welcometothejungle.com/en/companies/elax-energie/jobs/ingenieur-e-infrastructure-cdi_paris	Elax Energie	Ingénieur.e Infrastructure (CDI)	-	submitted	2026-09-22T08:19:36.432Z	fm-2026-09-22-night	Your application has been sent
https://www.welcometothejungle.com/en/companies/zeplug/jobs/cdi-software-engineer-squad-pca-sio-h-f_paris	https://www.welcometothejungle.com/en/companies/zeplug/jobs/cdi-software-engineer-squad-pca-sio-h-f_paris	ZEPLUG	CDI - Software Engineer - Squad PCA / SIO - H/F	-	in-progress	2026-09-22T08:20:06.072Z	fm-2026-09-22-night	
https://www.welcometothejungle.com/en/companies/zeplug/jobs/cdi-software-engineer-squad-pca-sio-h-f_paris	https://www.welcometothejungle.com/en/companies/zeplug/jobs/cdi-software-engineer-squad-pca-sio-h-f_paris	ZEPLUG	CDI - Software Engineer - Squad PCA / SIO - H/F	-	errored	2026-09-22T08:28:21.418Z	fm-2026-09-22-night	run ended without recording a result; check by hand before any retry
https://www.welcometothejungle.com/en/companies/exaion/jobs/ingenieur-expert-kubernetes-f-h_paris	https://www.welcometothejungle.com/en/companies/exaion/jobs/ingenieur-expert-kubernetes-f-h_paris	Exaion	Ingénieur Expert Kubernetes F/H	-	in-progress	2026-09-22T08:28:38.887Z	fm-2026-09-22-night	
https://www.welcometothejungle.com/en/companies/exaion/jobs/ingenieur-expert-kubernetes-f-h_paris	https://www.welcometothejungle.com/en/companies/exaion/jobs/ingenieur-expert-kubernetes-f-h_paris	Exaion	Ingénieur Expert Kubernetes F/H	-	submitted	2026-09-22T08:36:41.207Z	fm-2026-09-22-night	Félicitations pour votre candidature ! Nous vous remercions de l'intérêt porté à notre offre et reviendrons vers vous prochainement avec une réponse.
https://www.welcometothejungle.com/en/companies/diot-siaci/jobs/ingenieur-devsecops-h-f_strasbourg	https://www.welcometothejungle.com/en/companies/diot-siaci/jobs/ingenieur-devsecops-h-f_strasbourg	Diot Siaci	Ingénieur DevSecOps H/F	-	in-progress	2026-09-22T08:37:33.017Z	fm-2026-09-22-night	
https://www.welcometothejungle.com/en/companies/diot-siaci/jobs/ingenieur-devsecops-h-f_strasbourg	https://www.welcometothejungle.com/en/companies/diot-siaci/jobs/ingenieur-devsecops-h-f_strasbourg	Diot Siaci	Ingénieur DevSecOps H/F	-	submitted	2026-09-22T08:50:45.241Z	fm-2026-09-22-night	enregistrées. Votre candidature à l’offre 2026-1878 – Ingénieur DevSecOps H/F a bien été envoyée
https://www.welcometothejungle.com/en/companies/ekimetrics/jobs/platform-engineer-senior-h-f-n-cdi-paris_paris	https://www.welcometothejungle.com/en/companies/ekimetrics/jobs/platform-engineer-senior-h-f-n-cdi-paris_paris	Ekimetrics	Cloud Engineer (H/F/N) - CDI - Paris	-	in-progress	2026-09-22T08:51:34.152Z	fm-2026-09-22-night	
https://www.welcometothejungle.com/en/companies/ekimetrics/jobs/platform-engineer-senior-h-f-n-cdi-paris_paris	https://www.welcometothejungle.com/en/companies/ekimetrics/jobs/platform-engineer-senior-h-f-n-cdi-paris_paris	Ekimetrics	Cloud Engineer (H/F/N) - CDI - Paris	-	submitted	2026-09-22T08:54:19.369Z	fm-2026-09-22-night	Application submitted!
https://www.welcometothejungle.com/en/companies/ferchau-france/jobs/developpeur-euse-python-angular_elancourt	https://www.welcometothejungle.com/en/companies/ferchau-france/jobs/developpeur-euse-python-angular_elancourt	FERCHAU France	Ingénieur-e DevOps	-	in-progress	2026-09-22T08:55:01.124Z	fm-2026-09-22-night	
https://www.welcometothejungle.com/en/companies/ferchau-france/jobs/developpeur-euse-python-angular_elancourt	https://www.welcometothejungle.com/en/companies/ferchau-france/jobs/developpeur-euse-python-angular_elancourt	FERCHAU France	Ingénieur-e DevOps	-	submitted	2026-09-22T09:00:36.276Z	fm-2026-09-22-night	Your application has been sent You can track it in your Application tracking space.
https://www.welcometothejungle.com/en/companies/tihive/jobs/ingenieur-devsecops_grenoble	https://www.welcometothejungle.com/en/companies/tihive/jobs/ingenieur-devsecops_grenoble	TiHive	Ingénieur DevSecOps	-	in-progress	2026-09-22T09:01:13.845Z	fm-2026-09-22-night	
https://www.welcometothejungle.com/en/companies/tihive/jobs/ingenieur-devsecops_grenoble	https://www.welcometothejungle.com/en/companies/tihive/jobs/ingenieur-devsecops_grenoble	TiHive	Ingénieur DevSecOps	-	submitted	2026-09-22T09:12:16.152Z	fm-2026-09-22-night	Your application has been sent You can track it in your Application tracking space
https://www.welcometothejungle.com/en/companies/keyrus/jobs/ai-engineer-h-f-nb_villeurbanne_KEYRU_2gW0OoP	https://www.welcometothejungle.com/en/companies/keyrus/jobs/ai-engineer-h-f-nb_villeurbanne_KEYRU_2gW0OoP	Keyrus	AI Engineer - AWS (H/F/NB)	-	in-progress	2026-09-22T09:12:59.208Z	fm-2026-09-22-night	
https://www.welcometothejungle.com/en/companies/keyrus/jobs/ai-engineer-h-f-nb_villeurbanne_KEYRU_2gW0OoP	https://www.welcometothejungle.com/en/companies/keyrus/jobs/ai-engineer-h-f-nb_villeurbanne_KEYRU_2gW0OoP	Keyrus	AI Engineer - AWS (H/F/NB)	-	submitted	2026-09-22T09:25:59.318Z	fm-2026-09-22-night	Your application has been sent
https://www.welcometothejungle.com/en/companies/wedr/jobs/architecte-cloud-plateform-h-f_paris	https://www.welcometothejungle.com/en/companies/wedr/jobs/architecte-cloud-plateform-h-f_paris	WedR	Architecte Cloud & Plateform (H/F)	-	in-progress	2026-09-22T09:26:50.810Z	fm-2026-09-22-night	
https://www.welcometothejungle.com/en/companies/wedr/jobs/architecte-cloud-plateform-h-f_paris	https://www.welcometothejungle.com/en/companies/wedr/jobs/architecte-cloud-plateform-h-f_paris	WedR	Architecte Cloud & Plateform (H/F)	-	submitted	2026-09-22T09:33:04.941Z	fm-2026-09-22-night	Your application has been sent You can track it in your Application tracking space
https://www.welcometothejungle.com/en/companies/trinaps/jobs/ingenieur-cloud_belfort	https://www.welcometothejungle.com/en/companies/trinaps/jobs/ingenieur-cloud_belfort	TRINAPS	Ingénieur(e) cloud	-	in-progress	2026-09-22T09:33:49.459Z	fm-2026-09-22-night	
https://www.welcometothejungle.com/en/companies/trinaps/jobs/ingenieur-cloud_belfort	https://www.welcometothejungle.com/en/companies/trinaps/jobs/ingenieur-cloud_belfort	TRINAPS	Ingénieur(e) cloud	-	submitted	2026-09-22T09:38:04.870Z	fm-2026-09-22-night	Your application has been sent
https://www.welcometothejungle.com/en/companies/fgtech/jobs/consultant-e-cloud-azure_paris	https://www.welcometothejungle.com/en/companies/fgtech/jobs/consultant-e-cloud-azure_paris	Les Filles & Les Garçons de la Tech	Consultant.e Cloud Azure	-	in-progress	2026-09-22T09:38:43.803Z	fm-2026-09-22-night	
https://www.welcometothejungle.com/en/companies/fgtech/jobs/consultant-e-cloud-azure_paris	https://www.welcometothejungle.com/en/companies/fgtech/jobs/consultant-e-cloud-azure_paris	Les Filles & Les Garçons de la Tech	Consultant.e Cloud Azure	-	submitted	2026-09-22T09:42:27.866Z	fm-2026-09-22-night	Your application has been sent
https://www.welcometothejungle.com/en/companies/amf/jobs/ingenieur-it-infrastructure-h-f_paris	https://www.welcometothejungle.com/en/companies/amf/jobs/ingenieur-it-infrastructure-h-f_paris	Amf	Ingénieur IT / Infrastructure H/F	-	in-progress	2026-09-22T09:43:27.586Z	fm-2026-09-22-night	
https://www.welcometothejungle.com/en/companies/amf/jobs/ingenieur-it-infrastructure-h-f_paris	https://www.welcometothejungle.com/en/companies/amf/jobs/ingenieur-it-infrastructure-h-f_paris	Amf	Ingénieur IT / Infrastructure H/F	-	submitted	2026-09-22T09:47:59.757Z	fm-2026-09-22-night	Your application has been sent You can track it in your Application tracking space.
https://www.welcometothejungle.com/en/companies/elax-energie/jobs/analytics-engineer-h-f_paris	https://www.welcometothejungle.com/en/companies/elax-energie/jobs/analytics-engineer-h-f_paris	Elax Energie	Analytics Engineer (H/F)	-	in-progress	2026-09-22T09:49:24.176Z	fm-2026-09-22-night	
https://www.welcometothejungle.com/en/companies/elax-energie/jobs/analytics-engineer-h-f_paris	https://www.welcometothejungle.com/en/companies/elax-energie/jobs/analytics-engineer-h-f_paris	Elax Energie	Analytics Engineer (H/F)	-	submitted	2026-09-22T09:53:04.549Z	fm-2026-09-22-night	Your application has been sent
https://www.welcometothejungle.com/en/companies/cgi/jobs/expert-citrix-azure-cloud-f-h_paris	https://www.welcometothejungle.com/en/companies/cgi/jobs/expert-citrix-azure-cloud-f-h_paris	CGI	Expert Citrix & Azure Cloud F/H	-	in-progress	2026-09-22T09:53:49.437Z	fm-2026-09-22-night	
https://www.welcometothejungle.com/en/companies/cgi/jobs/expert-citrix-azure-cloud-f-h_paris	https://www.welcometothejungle.com/en/companies/cgi/jobs/expert-citrix-azure-cloud-f-h_paris	CGI	Expert Citrix & Azure Cloud F/H	-	errored	2026-09-22T10:13:01.585Z	fm-2026-09-22-night	agy ran out of quota mid-job; handing to sonnet
https://www.welcometothejungle.com/en/companies/cgi/jobs/expert-citrix-azure-cloud-f-h_paris	https://www.welcometothejungle.com/en/companies/cgi/jobs/expert-citrix-azure-cloud-f-h_paris	CGI	Expert Citrix & Azure Cloud F/H	-	in-progress	2026-09-22T11:34:08.251Z	fm-2026-09-22-night	reclaimed after errored
https://www.welcometothejungle.com/en/companies/cgi/jobs/expert-citrix-azure-cloud-f-h_paris	https://www.welcometothejungle.com/en/companies/cgi/jobs/expert-citrix-azure-cloud-f-h_paris	CGI	Expert Citrix & Azure Cloud F/H	-	submitted	2026-09-22T11:37:03.006Z	fm-2026-09-22-night	Confirmation page (J0926-1146): 'Your application for J0926-1146 - Expert Citrix & Azure Cloud F/H has been submitted successfully.'
https://www.welcometothejungle.com/en/companies/cgi/jobs/expert-cloud-devops-f-h_paris_CGI_lz85MKa	https://www.welcometothejungle.com/en/companies/cgi/jobs/expert-cloud-devops-f-h_paris_CGI_lz85MKa	CGI	Expert(e) Cloud DevOps F/H	-	in-progress	2026-09-22T11:38:26.057Z	fm-2026-09-22-night	
https://www.welcometothejungle.com/en/companies/cgi/jobs/expert-cloud-devops-f-h_paris_CGI_lz85MKa	https://www.welcometothejungle.com/en/companies/cgi/jobs/expert-cloud-devops-f-h_paris_CGI_lz85MKa	CGI	Expert(e) Cloud DevOps F/H	-	submitted	2026-09-22T11:40:23.889Z	fm-2026-09-22-night	Your application for J0426-0052 - Expert(e) Cloud DevOps F/H has been submitted successfully.
https://www.welcometothejungle.com/en/companies/littlebigcode/jobs/data-engineer-h-f-lyon_lyon	https://www.welcometothejungle.com/en/companies/littlebigcode/jobs/data-engineer-h-f-lyon_lyon	Diametral	Data engineer H/F Lyon	-	in-progress	2026-09-22T11:41:21.761Z	fm-2026-09-22-night	
https://www.welcometothejungle.com/en/companies/littlebigcode/jobs/data-engineer-h-f-lyon_lyon	https://www.welcometothejungle.com/en/companies/littlebigcode/jobs/data-engineer-h-f-lyon_lyon	Diametral	Data engineer H/F Lyon	-	submitted	2026-09-22T11:44:26.001Z	fm-2026-09-22-night	WTTJ confirmation: Your application has been sent. You can track it in your Application tracking space.
https://www.welcometothejungle.com/en/companies/hager-group/jobs/operations-engineer-ingenieur-operation-infrastructure_paris	https://www.welcometothejungle.com/en/companies/hager-group/jobs/operations-engineer-ingenieur-operation-infrastructure_paris	Hager	Operations Engineer - Ingénieur Opération Infrastructure	-	in-progress	2026-09-22T11:45:07.502Z	fm-2026-09-22-night	
https://www.welcometothejungle.com/en/companies/hager-group/jobs/operations-engineer-ingenieur-operation-infrastructure_paris	https://www.welcometothejungle.com/en/companies/hager-group/jobs/operations-engineer-ingenieur-operation-infrastructure_paris	Hager	Operations Engineer - Ingénieur Opération Infrastructure	-	submitted	2026-09-22T11:47:45.163Z	fm-2026-09-22-night	THANKS, YOU'RE DONE! Thank you for applying. We have received your application and will send you a confirmation email shortly.
https://www.welcometothejungle.com/en/companies/skiils/jobs/analytics-engineer-h-f-paris_suresnes	https://www.welcometothejungle.com/en/companies/skiils/jobs/analytics-engineer-h-f-paris_suresnes	skiils	Analytics Engineer (databricks, spark, AWS) (H/F)	-	in-progress	2026-09-22T11:48:27.960Z	fm-2026-09-22-night	
https://www.welcometothejungle.com/en/companies/skiils/jobs/analytics-engineer-h-f-paris_suresnes	https://www.welcometothejungle.com/en/companies/skiils/jobs/analytics-engineer-h-f-paris_suresnes	skiils	Analytics Engineer (databricks, spark, AWS) (H/F)	-	submitted	2026-09-22T18:00:17.381Z	fm-2026-09-22-night	WTJ application tracker shows 'Application received' (checked 2026-09-22 evening; run cut off before the confirmation was read)
https://www.welcometothejungle.com/en/companies/eridanis/jobs/devops-engineer_paris	https://www.welcometothejungle.com/en/companies/eridanis/jobs/devops-engineer_paris	Eridanis	DevOps Engineer	-	in-progress	2026-09-22T18:04:14.726Z	fm-2026-09-22-night	
https://www.welcometothejungle.com/en/companies/eridanis/jobs/devops-engineer_paris	https://www.welcometothejungle.com/en/companies/eridanis/jobs/devops-engineer_paris	Eridanis	DevOps Engineer	-	submitted	2026-09-22T18:09:58.509Z	fm-2026-09-22-night	Your application has been sent You can track it in your Application tracking space.
https://www.welcometothejungle.com/en/companies/skiils/jobs/data-engineer-python-databricks-h-f-paris_suresnes	https://www.welcometothejungle.com/en/companies/skiils/jobs/data-engineer-python-databricks-h-f-paris_suresnes	skiils	Data Engineer Databricks / AWS / Spark (H/F)	-	in-progress	2026-09-22T18:10:44.464Z	fm-2026-09-22-night	
https://www.welcometothejungle.com/en/companies/skiils/jobs/data-engineer-python-databricks-h-f-paris_suresnes	https://www.welcometothejungle.com/en/companies/skiils/jobs/data-engineer-python-databricks-h-f-paris_suresnes	skiils	Data Engineer Databricks / AWS / Spark (H/F)	-	submitted	2026-09-22T18:15:40.980Z	fm-2026-09-22-night	Your application has been sent You can track it in your Application tracking space.
https://www.welcometothejungle.com/en/companies/dashlane/jobs/software-engineer-security-features_paris_6zhu3rby	https://www.welcometothejungle.com/en/companies/dashlane/jobs/software-engineer-security-features_paris_6zhu3rby	Dashlane	Software Engineer - Security Features	-	in-progress	2026-09-22T18:16:11.206Z	fm-2026-09-22-night	
https://www.welcometothejungle.com/en/companies/dashlane/jobs/software-engineer-security-features_paris_6zhu3rby	https://www.welcometothejungle.com/en/companies/dashlane/jobs/software-engineer-security-features_paris_6zhu3rby	Dashlane	Software Engineer - Security Features	-	submitted	2026-09-22T18:22:59.516Z	fm-2026-09-22-night	Your application has been sent
https://www.welcometothejungle.com/en/companies/sii/jobs/developpeur-devops-python-iac-f-h_rennes	https://www.welcometothejungle.com/en/companies/sii/jobs/developpeur-devops-python-iac-f-h_rennes	Groupe SII	Développeur DevOps Python IaC (F/H)	-	in-progress	2026-09-22T18:23:31.137Z	fm-2026-09-22-night	
https://www.welcometothejungle.com/en/companies/sii/jobs/developpeur-devops-python-iac-f-h_rennes	https://www.welcometothejungle.com/en/companies/sii/jobs/developpeur-devops-python-iac-f-h_rennes	Groupe SII	Développeur DevOps Python IaC (F/H)	-	errored	2026-09-22T18:24:18.778Z	fm-2026-09-22-night	This position is no longer available.
https://www.welcometothejungle.com/en/companies/meritis/jobs/data-engineer-gcp-h-f_aix-en-provence	https://www.welcometothejungle.com/en/companies/meritis/jobs/data-engineer-gcp-h-f_aix-en-provence	Meritis	Data Engineer GCP (H/F)	-	in-progress	2026-09-22T18:24:47.369Z	fm-2026-09-22-night	
https://www.welcometothejungle.com/en/companies/meritis/jobs/data-engineer-gcp-h-f_aix-en-provence	https://www.welcometothejungle.com/en/companies/meritis/jobs/data-engineer-gcp-h-f_aix-en-provence	Meritis	Data Engineer GCP (H/F)	-	submitted	2026-09-22T18:29:18.652Z	fm-2026-09-22-night	Your application has been sent You can track it in your Application tracking space.
https://www.welcometothejungle.com/en/companies/bureaudestalents/jobs/senior-data-engineer_paris_BUREA_aNy84dP	https://www.welcometothejungle.com/en/companies/bureaudestalents/jobs/senior-data-engineer_paris_BUREA_aNy84dP	Bureaudestalents	Senior Data Engineer	-	in-progress	2026-09-22T18:29:55.654Z	fm-2026-09-22-night	
https://www.welcometothejungle.com/en/companies/bureaudestalents/jobs/senior-data-engineer_paris_BUREA_aNy84dP	https://www.welcometothejungle.com/en/companies/bureaudestalents/jobs/senior-data-engineer_paris_BUREA_aNy84dP	Bureaudestalents	Senior Data Engineer	-	submitted	2026-09-22T18:34:41.341Z	fm-2026-09-22-night	Redirected to www.bureaudestalents.com after submission
https://www.welcometothejungle.com/en/companies/bureaudestalents/jobs/ingenieur-sre-cloud-teletravail-total_paris	https://www.welcometothejungle.com/en/companies/bureaudestalents/jobs/ingenieur-sre-cloud-teletravail-total_paris	Bureaudestalents	Ingénieur SRE / Cloud – Télétravail total	-	in-progress	2026-09-22T18:35:13.018Z	fm-2026-09-22-night	
https://www.welcometothejungle.com/en/companies/bureaudestalents/jobs/ingenieur-sre-cloud-teletravail-total_paris	https://www.welcometothejungle.com/en/companies/bureaudestalents/jobs/ingenieur-sre-cloud-teletravail-total_paris	Bureaudestalents	Ingénieur SRE / Cloud – Télétravail total	-	errored	2026-09-22T18:39:20.120Z	fm-2026-09-22-night	run ended without recording a result; check by hand before any retry
https://www.welcometothejungle.com/en/companies/open/jobs/data-engineer-confirme-h-f_toulouse	https://www.welcometothejungle.com/en/companies/open/jobs/data-engineer-confirme-h-f_toulouse	Open	Data Engineer confirmé H/F	-	in-progress	2026-09-22T18:39:34.782Z	fm-2026-09-22-night	
https://www.welcometothejungle.com/en/companies/open/jobs/data-engineer-confirme-h-f_toulouse	https://www.welcometothejungle.com/en/companies/open/jobs/data-engineer-confirme-h-f_toulouse	Open	Data Engineer confirmé H/F	-	submitted	2026-09-22T18:44:07.157Z	fm-2026-09-22-night	Félicitations ! Merci pour votre candidature !
https://www.welcometothejungle.com/en/companies/securitesociale/jobs/developpeur-devops-f-h_rennes	https://www.welcometothejungle.com/en/companies/securitesociale/jobs/developpeur-devops-f-h_rennes	La Sécurité Sociale	Développeur DevOps - F/H	-	in-progress	2026-09-22T18:44:32.243Z	fm-2026-09-22-night	
https://www.welcometothejungle.com/en/companies/securitesociale/jobs/developpeur-devops-f-h_rennes	https://www.welcometothejungle.com/en/companies/securitesociale/jobs/developpeur-devops-f-h_rennes	La Sécurité Sociale	Développeur DevOps - F/H	-	errored	2026-09-22T18:47:40.723Z	fm-2026-09-22-night	agy ran out of quota mid-job; handing to sonnet
https://www.welcometothejungle.com/en/companies/securitesociale/jobs/developpeur-devops-f-h_rennes	https://www.welcometothejungle.com/en/companies/securitesociale/jobs/developpeur-devops-f-h_rennes	La Sécurité Sociale	Développeur DevOps - F/H	-	in-progress	2026-09-22T18:47:50.852Z	fm-2026-09-22-night	reclaimed after errored
https://www.welcometothejungle.com/en/companies/securitesociale/jobs/developpeur-devops-f-h_rennes	https://www.welcometothejungle.com/en/companies/securitesociale/jobs/developpeur-devops-f-h_rennes	La Sécurité Sociale	Développeur DevOps - F/H	-	submitted	2026-09-22T18:55:33.799Z	fm-2026-09-22-night	Merci Mohammad Machaka. Nous avons bien reçu votre candidature pour le poste Développeur DevOps - F/H.
https://www.welcometothejungle.com/en/companies/exalt/jobs/data-engineer-databricks-confirme-senior_lyon	https://www.welcometothejungle.com/en/companies/exalt/jobs/data-engineer-databricks-confirme-senior_lyon	eXalt	Data Engineer - Confirmé(e) / Senior	-	in-progress	2026-09-22T18:56:10.786Z	fm-2026-09-22-night	
https://www.welcometothejungle.com/en/companies/exalt/jobs/data-engineer-databricks-confirme-senior_lyon	https://www.welcometothejungle.com/en/companies/exalt/jobs/data-engineer-databricks-confirme-senior_lyon	eXalt	Data Engineer - Confirmé(e) / Senior	-	submitted	2026-09-22T19:00:52.966Z	fm-2026-09-22-night	WTTJ confirmation: 'Your application has been sent. You can track it in your Application tracking space.'
https://www.welcometothejungle.com/en/companies/the-adecco-group/jobs/data-engineer-h-f_bordeaux_TAG_zDz4yqO	https://www.welcometothejungle.com/en/companies/the-adecco-group/jobs/data-engineer-h-f_bordeaux_TAG_zDz4yqO	The Adecco Group	Data Engineer Snowflake H/F	-	in-progress	2026-09-22T19:01:41.572Z	fm-2026-09-22-night	
https://www.welcometothejungle.com/en/companies/the-adecco-group/jobs/data-engineer-h-f_bordeaux_TAG_zDz4yqO	https://www.welcometothejungle.com/en/companies/the-adecco-group/jobs/data-engineer-h-f_bordeaux_TAG_zDz4yqO	The Adecco Group	Data Engineer Snowflake H/F	-	submitted	2026-09-22T19:04:36.646Z	fm-2026-09-22-night	Confirmation page: Nous tenons a vous informer que nous avons bien recu votre candidature. Notre equipe de recrutement Akkodis va examiner votre candidature et vous contactera si vous faites partie des candidats selectionnes.
https://www.welcometothejungle.com/en/companies/wallix/jobs/ingenieur-infraops-r-d-cloud-h-f-h-f_paris	https://www.welcometothejungle.com/en/companies/wallix/jobs/ingenieur-infraops-r-d-cloud-h-f-h-f_paris	WALLIX	Ingénieur InfraOps R&D Cloud (H/F)	-	in-progress	2026-09-22T19:05:27.796Z	fm-2026-09-22-night	
https://www.welcometothejungle.com/en/companies/wallix/jobs/ingenieur-infraops-r-d-cloud-h-f-h-f_paris	https://www.welcometothejungle.com/en/companies/wallix/jobs/ingenieur-infraops-r-d-cloud-h-f-h-f_paris	WALLIX	Ingénieur InfraOps R&D Cloud (H/F)	-	submitted	2026-09-22T19:08:13.642Z	fm-2026-09-22-night	Candidature envoyée. Merci ! Nous avons bien reçu votre candidature. (softy.pro ATS, quick-apply form: CV + name/email auto-extracted + CGU consent)
https://www.welcometothejungle.com/en/companies/5-degres/jobs/data-engineer-h-f_toulouse_5D_KAjdoQ2	https://www.welcometothejungle.com/en/companies/5-degres/jobs/data-engineer-h-f_toulouse_5D_KAjdoQ2	5 Degrés	Data Engineer	-	in-progress	2026-09-22T19:09:14.878Z	fm-2026-09-22-night	
https://www.welcometothejungle.com/en/companies/5-degres/jobs/data-engineer-h-f_toulouse_5D_KAjdoQ2	https://www.welcometothejungle.com/en/companies/5-degres/jobs/data-engineer-h-f_toulouse_5D_KAjdoQ2	5 Degrés	Data Engineer	-	submitted	2026-09-22T19:13:52.452Z	fm-2026-09-22-night	Your application has been sent. You can track it in your Application tracking space.
https://www.welcometothejungle.com/en/companies/bpce-solutions-informatiques/jobs/data-engineer-f-h_BSI_ZGLYqL6	https://www.welcometothejungle.com/en/companies/bpce-solutions-informatiques/jobs/data-engineer-f-h_BSI_ZGLYqL6	BPCE Solutions informatiques	Data Engineer (F/H)	-	in-progress	2026-09-22T19:14:22.623Z	fm-2026-09-22-night	
https://www.welcometothejungle.com/en/companies/bpce-solutions-informatiques/jobs/data-engineer-f-h_BSI_ZGLYqL6	https://www.welcometothejungle.com/en/companies/bpce-solutions-informatiques/jobs/data-engineer-f-h_BSI_ZGLYqL6	BPCE Solutions informatiques	Data Engineer (F/H)	-	submitted	2026-09-22T19:19:52.809Z	fm-2026-09-22-night	Merci, votre adresse e-mail est confirmée. Votre candidature pour le poste de Data Engineer (F/H) est désormais valide.
https://www.welcometothejungle.com/en/companies/shadow/jobs/ingenieur-sre-h-f-x_paris	https://www.welcometothejungle.com/en/companies/shadow/jobs/ingenieur-sre-h-f-x_paris	Shadow	Ingénieur SRE (H/F/X)	-	in-progress	2026-09-22T19:20:42.988Z	fm-2026-09-22-night	
https://www.welcometothejungle.com/en/companies/shadow/jobs/ingenieur-sre-h-f-x_paris	https://www.welcometothejungle.com/en/companies/shadow/jobs/ingenieur-sre-h-f-x_paris	Shadow	Ingénieur SRE (H/F/X)	-	submitted	2026-09-22T19:24:09.193Z	fm-2026-09-22-night	WTTJ native apply modal, confirmation text: 'Your application has been sent. You can track it in your Application tracking space.'
https://www.welcometothejungle.com/en/companies/thelio/jobs/consultant-data-bi-confirme-h-f_toulouse_THLIO_mD3wd87	https://www.welcometothejungle.com/en/companies/thelio/jobs/consultant-data-bi-confirme-h-f_toulouse_THLIO_mD3wd87	Thélio	Consultant Data Engineer & Analytics Confirmé (F/H)	-	in-progress	2026-09-22T19:24:34.839Z	fm-2026-09-22-night	
https://www.welcometothejungle.com/en/companies/thelio/jobs/consultant-data-bi-confirme-h-f_toulouse_THLIO_mD3wd87	https://www.welcometothejungle.com/en/companies/thelio/jobs/consultant-data-bi-confirme-h-f_toulouse_THLIO_mD3wd87	Thélio	Consultant Data Engineer & Analytics Confirmé (F/H)	-	submitted	2026-09-22T19:27:53.755Z	fm-2026-09-22-night	Confirmation dialog: 'Your application has been sent. You can track it in your Application tracking space.'
https://www.welcometothejungle.com/en/companies/metanext/jobs/consultant-e-cloud-azure-devops-h-f_lyon	https://www.welcometothejungle.com/en/companies/metanext/jobs/consultant-e-cloud-azure-devops-h-f_lyon	Metanext	Consultant.e Cloud Azure & DevOps - H/F	-	in-progress	2026-09-22T19:28:36.127Z	fm-2026-09-22-night	
https://www.welcometothejungle.com/en/companies/metanext/jobs/consultant-e-cloud-azure-devops-h-f_lyon	https://www.welcometothejungle.com/en/companies/metanext/jobs/consultant-e-cloud-azure-devops-h-f_lyon	Metanext	Consultant.e Cloud Azure & DevOps - H/F	-	submitted	2026-09-22T19:31:36.139Z	fm-2026-09-22-night	WTTJ native application modal: submitted with confirmation 'Your application has been sent. You can track it in your Application tracking space.'
https://www.welcometothejungle.com/en/companies/itrust/jobs/developpeur-python-confirme-h-f_toulouse_ITRUS_rG903mG	https://www.welcometothejungle.com/en/companies/itrust/jobs/developpeur-python-confirme-h-f_toulouse_ITRUS_rG903mG	Itrust	Développeur PYTHON Confirmé H/F	-	in-progress	2026-09-22T19:33:36.300Z	fm-2026-09-22-night	
https://www.welcometothejungle.com/en/companies/itrust/jobs/developpeur-python-confirme-h-f_toulouse_ITRUS_rG903mG	https://www.welcometothejungle.com/en/companies/itrust/jobs/developpeur-python-confirme-h-f_toulouse_ITRUS_rG903mG	Itrust	Développeur PYTHON Confirmé H/F	-	submitted	2026-09-22T19:36:48.252Z	fm-2026-09-22-night	WTTJ confirmation: Your application has been sent. You can track it in your Application tracking space.
https://www.welcometothejungle.com/en/companies/carrefour/jobs/data-platform-engineer-gcp-f-h_massy_CARRE_NZ47JV1	https://www.welcometothejungle.com/en/companies/carrefour/jobs/data-platform-engineer-gcp-f-h_massy_CARRE_NZ47JV1	Carrefour	Data Platform Engineer GCP (F/H)	-	in-progress	2026-09-22T19:37:34.629Z	fm-2026-09-22-night	
https://www.welcometothejungle.com/en/companies/carrefour/jobs/data-platform-engineer-gcp-f-h_massy_CARRE_NZ47JV1	https://www.welcometothejungle.com/en/companies/carrefour/jobs/data-platform-engineer-gcp-f-h_massy_CARRE_NZ47JV1	Carrefour	Data Platform Engineer GCP (F/H)	-	errored	2026-09-22T19:37:37.760Z	fm-2026-09-22-night	Claude limit hit mid-run; retrying later
https://www.welcometothejungle.com/en/companies/carrefour/jobs/data-platform-engineer-gcp-f-h_massy_CARRE_NZ47JV1	https://www.welcometothejungle.com/en/companies/carrefour/jobs/data-platform-engineer-gcp-f-h_massy_CARRE_NZ47JV1	Carrefour	Data Platform Engineer GCP (F/H)	-	in-progress	2026-09-22T21:08:27.813Z	fm-2026-09-22-night	reclaimed after errored
https://www.welcometothejungle.com/en/companies/carrefour/jobs/data-platform-engineer-gcp-f-h_massy_CARRE_NZ47JV1	https://www.welcometothejungle.com/en/companies/carrefour/jobs/data-platform-engineer-gcp-f-h_massy_CARRE_NZ47JV1	Carrefour	Data Platform Engineer GCP (F/H)	-	submitted	2026-09-22T21:12:51.717Z	fm-2026-09-22-night	Super ! Votre candidature a bien été transmise. Merci d'avoir postulé et à bientôt. (via Carrefour/iCIMS after WTTJ->recrute.carrefour.fr->recrute1-carrefour.icims.com)
https://www.welcometothejungle.com/en/companies/yuri-neil/jobs/analytics-engineer-confirme-h-f_levallois-perret	https://www.welcometothejungle.com/en/companies/yuri-neil/jobs/analytics-engineer-confirme-h-f_levallois-perret	Yuri & Neil	Analytics Engineer Confirmé (H/F)	-	in-progress	2026-09-22T21:13:24.228Z	fm-2026-09-22-night	
https://www.welcometothejungle.com/en/companies/yuri-neil/jobs/analytics-engineer-confirme-h-f_levallois-perret	https://www.welcometothejungle.com/en/companies/yuri-neil/jobs/analytics-engineer-confirme-h-f_levallois-perret	Yuri & Neil	Analytics Engineer Confirmé (H/F)	-	submitted	2026-09-22T21:16:03.659Z	fm-2026-09-22-night	Confirmation page: 'Votre candidature a bien été envoyée. Notre équipe RH revient vers vous rapidement. Vous recevrez un email de confirmation dans quelques minutes.'
https://www.welcometothejungle.com/en/companies/itec/jobs/ingenieur-systemes-devops_paris	https://www.welcometothejungle.com/en/companies/itec/jobs/ingenieur-systemes-devops_paris	ITEC	Ingénieur(e) Systèmes & DevOps	-	in-progress	2026-09-22T21:16:46.241Z	fm-2026-09-22-night	
https://www.welcometothejungle.com/en/companies/itec/jobs/ingenieur-systemes-devops_paris	https://www.welcometothejungle.com/en/companies/itec/jobs/ingenieur-systemes-devops_paris	ITEC	Ingénieur(e) Systèmes & DevOps	-	errored	2026-09-22T21:17:14.378Z	fm-2026-09-22-night	Posting shows banner 'This position is no longer available.' on load; no Apply/Postuler button present anywhere on page (confirmed via snapshot, text search for 'apply', and screenshot). Closed posting, cannot apply.
https://www.welcometothejungle.com/en/companies/zenika/jobs/data-engineer-pyspark-python-f-h-x_paris	https://www.welcometothejungle.com/en/companies/zenika/jobs/data-engineer-pyspark-python-f-h-x_paris	Zenika	Data Engineer - PySpark/Python (F/H/X)	-	in-progress	2026-09-22T21:17:37.931Z	fm-2026-09-22-night	
https://www.welcometothejungle.com/en/companies/zenika/jobs/data-engineer-pyspark-python-f-h-x_paris	https://www.welcometothejungle.com/en/companies/zenika/jobs/data-engineer-pyspark-python-f-h-x_paris	Zenika	Data Engineer - PySpark/Python (F/H/X)	-	submitted	2026-09-22T21:25:16.570Z	fm-2026-09-22-night	WTTJ confirmation: Your application has been sent. You can track it in your Application tracking space.
https://www.welcometothejungle.com/en/companies/square-management/jobs/consultant-senior-data-engineer-ml-engineer-h-f_neuilly-sur-seine	https://www.welcometothejungle.com/en/companies/square-management/jobs/consultant-senior-data-engineer-ml-engineer-h-f_neuilly-sur-seine	Square Management	Consultant(e) Senior – Data Engineer / ML Engineer (H/F)	-	in-progress	2026-09-22T21:26:16.280Z	fm-2026-09-22-night	
https://www.welcometothejungle.com/en/companies/square-management/jobs/consultant-senior-data-engineer-ml-engineer-h-f_neuilly-sur-seine	https://www.welcometothejungle.com/en/companies/square-management/jobs/consultant-senior-data-engineer-ml-engineer-h-f_neuilly-sur-seine	Square Management	Consultant(e) Senior – Data Engineer / ML Engineer (H/F)	-	submitted	2026-09-22T21:29:48.728Z	fm-2026-09-22-night	Success page: Merci, votre candidature a bien été prise en compte (URL /apply/success/)
https://www.welcometothejungle.com/en/companies/actinvision/jobs/consultant-microsoft-fabric-databricks-data-engineer-f-h_strasbourg	https://www.welcometothejungle.com/en/companies/actinvision/jobs/consultant-microsoft-fabric-databricks-data-engineer-f-h_strasbourg	ActinVision	CONSULTANT.E MICROSOFT FABRIC / DATABRICKS - Data Engineer(F/H)	-	in-progress	2026-09-22T21:30:45.133Z	fm-2026-09-22-night	
https://www.welcometothejungle.com/en/companies/actinvision/jobs/consultant-microsoft-fabric-databricks-data-engineer-f-h_strasbourg	https://www.welcometothejungle.com/en/companies/actinvision/jobs/consultant-microsoft-fabric-databricks-data-engineer-f-h_strasbourg	ActinVision	CONSULTANT.E MICROSOFT FABRIC / DATABRICKS - Data Engineer(F/H)	-	submitted	2026-09-22T21:33:21.496Z	fm-2026-09-22-night	Your application has been sent. You can track it in your Application tracking space.
https://www.welcometothejungle.com/en/companies/simundia/jobs/data-engineer-confirme-e-h-f_paris_SIMUN_xkQ1dO1	https://www.welcometothejungle.com/en/companies/simundia/jobs/data-engineer-confirme-e-h-f_paris_SIMUN_xkQ1dO1	Simundia	Data engineer Confirmé.e (H/F)	-	in-progress	2026-09-22T21:33:59.004Z	fm-2026-09-22-night	
https://link-consulting.fr/referent-applicatif-ia-h-f	https://link-consulting.fr/referent-applicatif-ia-h-f/	Link Consulting	Référent Applicatif IA (H/F)	-	in-progress	2026-09-22T21:34:45.513Z	fm-2026-09-22-night	
https://www.welcometothejungle.com/en/companies/simundia/jobs/data-engineer-confirme-e-h-f_paris_SIMUN_xkQ1dO1	https://www.welcometothejungle.com/en/companies/simundia/jobs/data-engineer-confirme-e-h-f_paris_SIMUN_xkQ1dO1	Simundia	Data engineer Confirmé.e (H/F)	-	submitted	2026-09-22T21:37:45.697Z	fm-2026-09-22-night	Confirmation page: Merci pour votre candidature. Nous avons reçu votre candidature et l'examinerons dans les plus brefs délais.
https://link-consulting.fr/referent-applicatif-ia-h-f	https://link-consulting.fr/referent-applicatif-ia-h-f/	Link Consulting	Référent Applicatif IA (H/F)	-	submitted	2026-09-22T21:41:09.626Z	fm-2026-09-22-night	Confirmation page: Candidature sauvegardée. Merci ! A bientôt chez Link.
https://link-consulting.fr/pmo-responsable-pole-pilotage-h-f	https://link-consulting.fr/pmo-responsable-pole-pilotage-h-f/	Link Consulting	PMO / Responsable Pôle Pilotage (H/F)	-	in-progress	2026-09-22T21:41:57.245Z	fm-2026-09-22-night	
https://link-consulting.fr/pmo-responsable-pole-pilotage-h-f	https://link-consulting.fr/pmo-responsable-pole-pilotage-h-f/	Link Consulting	PMO / Responsable Pôle Pilotage (H/F)	-	submitted	2026-09-22T21:45:16.590Z	fm-2026-09-22-night	Confirmation page: 'Candidature sauvegardée. Merci ! A bientôt chez Link.' (JobAffinity ATS, app=110915540)
https://www.hellowork.com/fr-fr/emplois/83051806.html	https://www.hellowork.com/fr-fr/emplois/83051806.html	TOHTEM	Ingénieur DevOps Infrastructure As Code IaC (H/F)	-	in-progress	2026-09-22T21:45:59.029Z	fm-2026-09-22-night	
https://www.hellowork.com/fr-fr/emplois/83051806.html	https://www.hellowork.com/fr-fr/emplois/83051806.html	TOHTEM	Ingénieur DevOps Infrastructure As Code IaC (H/F)	-	submitted	2026-09-22T21:49:18.512Z	fm-2026-09-22-night	Toast: Félicitations ! Votre candidature au poste de Ingénieur DevOps Infrastructure As Code Iac - d'Exp H/F va être transmise à TOHTEM. Retrouvez l'historique de vos candidatures dans votre espace candidat.
https://www.hellowork.com/fr-fr/emplois/82647998.html	https://www.hellowork.com/fr-fr/emplois/82647998.html	TOHTEM	Ingénieur Infrastructure & Systèmes Senior - Expertise GLPI (H/F)	-	in-progress	2026-09-22T22:30:27.579Z	fm-2026-09-22-night	
https://www.hellowork.com/fr-fr/emplois/82647998.html	https://www.hellowork.com/fr-fr/emplois/82647998.html	TOHTEM	Ingénieur Infrastructure & Systèmes Senior - Expertise GLPI (H/F)	-	submitted	2026-09-22T22:33:16.176Z	fm-2026-09-22-night	Confirmed: Félicitations ! Votre candidature au poste de Ingénieur Infrastructure & Systèmes Senior - Expertise Glpi H/F va être transmise à TOHTEM.
https://www.apec.fr/candidat/recherche-emploi.html/emploi/detail-offre/179425569W	https://www.apec.fr/candidat/recherche-emploi.html/emploi/detail-offre/179425569W	Externatic	Ingénieur(e) / Administrateur(trice) Systèmes & Infrastructures	-	in-progress	2026-09-23T12:41:23.683Z	fm-2026-09-23-rehearsal	reclaimed after errored
https://www.apec.fr/candidat/recherche-emploi.html/emploi/detail-offre/179425569W	https://www.apec.fr/candidat/recherche-emploi.html/emploi/detail-offre/179425569W	Externatic	Ingénieur(e) / Administrateur(trice) Systèmes & Infrastructures	-	rehearsal	2026-09-23T12:50:16.927Z	fm-2026-09-23-rehearsal	signed in with machaka.mohammad@gmail.com on APEC; form URL https://www.apec.fr/candidat/recherche-emploi/postuler-a-une-offre.html#/candidature/formulaire/179425569W; asked for CV upload and optional message; filled cv-mohammad-machaka.pdf + 433-char cover letter; requiredEmpty 0, no errors; did not submit
https://www.apec.fr/candidat/recherche-emploi.html/emploi/detail-offre/179468553W	https://www.apec.fr/candidat/recherche-emploi.html/emploi/detail-offre/179468553W	Hellowork	Ingénieur Infrastructure F/H	-	in-progress	2026-09-23T12:52:40.564Z	fm-2026-09-23-rehearsal	
https://www.hellowork.com/fr-fr/emplois/83632318.html	https://www.hellowork.com/fr-fr/emplois/83632318.html			-	rehearsal	2026-09-23T12:59:55.211Z	fm-2026-09-23-rehearsal	signed in via APEC; redirected to Hellowork (hellowork.com/fr-fr/emplois/83632318.html); form asked prénom, nom, email (pre-filled), CV (cv-mohammad-machaka.pdf from profile, pre-selected), optional message (filled); check.js requiredEmpty:1 is a false positive from the unused alternative file-upload input, not the selected CV; not submitted
https://www.apec.fr/candidat/recherche-emploi.html/emploi/detail-offre/179468553W	https://www.apec.fr/candidat/recherche-emploi.html/emploi/detail-offre/179468553W	Hellowork	Ingénieur Infrastructure F/H	-	errored	2026-09-23T13:00:07.215Z	fm-2026-09-23-rehearsal	run ended without recording a result; check by hand before any retry
https://www.hellowork.com/fr-fr/emplois/81717544.html	https://www.hellowork.com/fr-fr/emplois/81717544.html	Spendesk	Software Engineer - Paris - London H/F	-	in-progress	2026-09-27T02:30:24.284Z	fm-2026-09-27-night	
https://www.hellowork.com/fr-fr/emplois/81717544.html	https://www.hellowork.com/fr-fr/emplois/81717544.html	Spendesk	Software Engineer - Paris - London H/F	-	submitted	2026-09-27T02:34:39.669Z	fm-2026-09-27-night	Thanks for applying: We have received your application and we will be reviewing it shortly.
https://www.hellowork.com/fr-fr/emplois/82744084.html	https://www.hellowork.com/fr-fr/emplois/82744084.html	Geser Best	Product Owner Gcp - Cloud Public H/F	-	in-progress	2026-09-27T02:35:00.528Z	fm-2026-09-27-night	
https://www.hellowork.com/fr-fr/emplois/82744084.html	https://www.hellowork.com/fr-fr/emplois/82744084.html	Geser Best	Product Owner Gcp - Cloud Public H/F	-	submitted	2026-09-27T02:38:21.588Z	fm-2026-09-27-night	Félicitations ! Votre candidature au poste de Product Owner Gcp - Cloud Public H/F va être transmise à Geser Best.
https://www.hellowork.com/fr-fr/emplois/81732550.html	https://www.hellowork.com/fr-fr/emplois/81732550.html	Sopra Steria	Ingénieur DevOps - Ivvq - Spatial - Toulouse H/F	-	in-progress	2026-09-27T02:38:39.740Z	fm-2026-09-27-night	
https://www.hellowork.com/fr-fr/emplois/81732550.html	https://www.hellowork.com/fr-fr/emplois/81732550.html	Sopra Steria	Ingénieur DevOps - Ivvq - Spatial - Toulouse H/F	-	submitted	2026-09-27T02:42:38.908Z	fm-2026-09-27-night	Félicitations ! Votre candidature au poste de Ingénieur DevOps - Ivvq - Spatial - Toulouse H/F va être transmise à Sopra Steria.
https://www.hellowork.com/fr-fr/emplois/83755006.html	https://www.hellowork.com/fr-fr/emplois/83755006.html	Swan	Software Engineer - Banking Experience Team Typescript H/F	-	in-progress	2026-09-27T02:43:10.403Z	fm-2026-09-27-night	
https://www.hellowork.com/fr-fr/emplois/83755006.html	https://www.hellowork.com/fr-fr/emplois/83755006.html	Swan	Software Engineer - Banking Experience Team Typescript H/F	-	submitted	2026-09-27T02:49:46.118Z	fm-2026-09-27-night	Thank you very much for showing interest in Swan and for putting in the time and effort into your application
https://www.hellowork.com/fr-fr/emplois/78441235.html	https://www.hellowork.com/fr-fr/emplois/78441235.html	Approach People Recruitment	DevOps Engineer H/F	-	in-progress	2026-09-27T02:50:05.877Z	fm-2026-09-27-night	
https://www.hellowork.com/fr-fr/emplois/78441235.html	https://www.hellowork.com/fr-fr/emplois/78441235.html	Approach People Recruitment	DevOps Engineer H/F	-	submitted	2026-09-27T02:54:37.736Z	fm-2026-09-27-night	Thanks For Applying, We Will Reach Out To You Soon. Merci pour votre candidature!
https://www.hellowork.com/fr-fr/emplois/80514071.html	https://www.hellowork.com/fr-fr/emplois/80514071.html	Groupe SII	Ingénieur Mbse H/F	-	in-progress	2026-09-27T02:54:57.199Z	fm-2026-09-27-night	
https://www.hellowork.com/fr-fr/emplois/80514071.html	https://www.hellowork.com/fr-fr/emplois/80514071.html	Groupe SII	Ingénieur Mbse H/F	-	submitted	2026-09-27T02:58:52.094Z	fm-2026-09-27-night	Félicitations ! Votre candidature au poste de Ingénieur Mbse H/F va être transmise à Groupe SII. Retrouvez l'historique de vos candidatures dans votre espace candidat.
https://www.hellowork.com/fr-fr/emplois/82643367.html	https://www.hellowork.com/fr-fr/emplois/82643367.html	Adentis	Ingénieur Ivv Système H/F	-	in-progress	2026-09-27T02:59:22.936Z	fm-2026-09-27-night	
https://www.hellowork.com/fr-fr/emplois/82643367.html	https://www.hellowork.com/fr-fr/emplois/82643367.html	Adentis	Ingénieur Ivv Système H/F	-	submitted	2026-09-27T03:02:56.673Z	fm-2026-09-27-night	Félicitations ! Votre candidature au poste de Ingénieur Ivv Système H/F va être transmise à Adentis.
https://www.hellowork.com/fr-fr/emplois/79264249.html	https://www.hellowork.com/fr-fr/emplois/79264249.html	Sopra Steria	Ingénieur DevOps - Spatial - Toulouse H/F	-	in-progress	2026-09-27T03:03:13.557Z	fm-2026-09-27-night	
https://www.hellowork.com/fr-fr/emplois/79264249.html	https://www.hellowork.com/fr-fr/emplois/79264249.html	Sopra Steria	Ingénieur DevOps - Spatial - Toulouse H/F	-	submitted	2026-09-27T03:05:51.857Z	fm-2026-09-27-night	Félicitations ! Votre candidature au poste de Ingénieur DevOps - Spatial - Toulouse H/F va être transmise à Sopra Steria.
https://www.hellowork.com/fr-fr/emplois/83755470.html	https://www.hellowork.com/fr-fr/emplois/83755470.html	Swan	Software Engineer - Payment Team Scala - Typescript H/F	-	in-progress	2026-09-27T03:06:14.019Z	fm-2026-09-27-night	
https://www.hellowork.com/fr-fr/emplois/83755470.html	https://www.hellowork.com/fr-fr/emplois/83755470.html	Swan	Software Engineer - Payment Team Scala - Typescript H/F	-	submitted	2026-09-27T03:13:07.238Z	fm-2026-09-27-night	Thanks for applying We have received your application and we will be reviewing it shortly. We usually respond within a week.
https://www.hellowork.com/fr-fr/emplois/83755447.html	https://www.hellowork.com/fr-fr/emplois/83755447.html	OneStock	Software Engineer H/F	-	in-progress	2026-09-27T03:13:38.466Z	fm-2026-09-27-night	
https://www.hellowork.com/fr-fr/emplois/83755447.html	https://www.hellowork.com/fr-fr/emplois/83755447.html	OneStock	Software Engineer H/F	-	submitted	2026-09-27T03:19:51.470Z	fm-2026-09-27-night	Your application was successfully submitted. We'll contact you if there are next steps.
https://www.welcometothejungle.com/en/companies/semeia/jobs/ingenieur-plateforme-infrastructure-junior_toulouse	https://www.welcometothejungle.com/en/companies/semeia/jobs/ingenieur-plateforme-infrastructure-junior_toulouse	Sêmeia	Ingénieur·e plateforme/infrastructure cloud junior	-	in-progress	2026-09-27T03:20:15.200Z	fm-2026-09-27-night	
https://www.welcometothejungle.com/en/companies/semeia/jobs/ingenieur-plateforme-infrastructure-junior_toulouse	https://www.welcometothejungle.com/en/companies/semeia/jobs/ingenieur-plateforme-infrastructure-junior_toulouse	Sêmeia	Ingénieur·e plateforme/infrastructure cloud junior	-	submitted	2026-09-27T03:27:11.796Z	fm-2026-09-27-night	Your application has been sent. You can track it in your Application tracking space.
https://www.hellowork.com/fr-fr/emplois/77127317.html	https://www.hellowork.com/fr-fr/emplois/77127317.html	Groupe SII	Ingénieur DevOps - Systèmes & Infrastructures H/F	-	in-progress	2026-09-27T03:27:37.249Z	fm-2026-09-27-night	
https://www.hellowork.com/fr-fr/emplois/77127317.html	https://www.hellowork.com/fr-fr/emplois/77127317.html	Groupe SII	Ingénieur DevOps - Systèmes & Infrastructures H/F	-	submitted	2026-09-27T03:31:58.090Z	fm-2026-09-27-night	Félicitations ! Votre candidature au poste de Ingénieur DevOps - Systèmes & Infrastructures H/F va être transmise à Groupe SII.
https://www.hellowork.com/fr-fr/emplois/83715159.html	https://www.hellowork.com/fr-fr/emplois/83715159.html	Guarani	Ingénieur de Production DevOps H/F	-	in-progress	2026-09-27T03:32:18.019Z	fm-2026-09-27-night	
https://www.hellowork.com/fr-fr/emplois/83715159.html	https://www.hellowork.com/fr-fr/emplois/83715159.html	Guarani	Ingénieur de Production DevOps H/F	-	submitted	2026-09-27T03:34:55.796Z	fm-2026-09-27-night	Félicitations ! Votre candidature au poste de Ingénieur de Production DevOps H/F va être transmise à Guarani. Retrouvez l'historique de vos candidatures dans votre espace candidat.
https://www.hellowork.com/fr-fr/emplois/80528028.html	https://www.hellowork.com/fr-fr/emplois/80528028.html	Celad	Data Engineer - IA - Domaine Électronique H/F	-	in-progress	2026-09-27T03:35:16.678Z	fm-2026-09-27-night	
https://www.hellowork.com/fr-fr/emplois/80528028.html	https://www.hellowork.com/fr-fr/emplois/80528028.html	Celad	Data Engineer - IA - Domaine Électronique H/F	-	submitted	2026-09-27T03:38:39.026Z	fm-2026-09-27-night	Félicitations ! Votre candidature au poste de Data Engineer - IA - Domaine Électronique H/F va être transmise à CELAD.
https://www.hellowork.com/fr-fr/emplois/83729886.html	https://www.hellowork.com/fr-fr/emplois/83729886.html	Octopus IT	Data Engineer - Développeur Python H/F	-	in-progress	2026-09-27T03:38:59.079Z	fm-2026-09-27-night	
https://www.hellowork.com/fr-fr/emplois/83729886.html	https://www.hellowork.com/fr-fr/emplois/83729886.html	Octopus IT	Data Engineer - Développeur Python H/F	-	submitted	2026-09-27T03:43:59.705Z	fm-2026-09-27-night	Merci pour votre message.
https://www.hellowork.com/fr-fr/emplois/83652525.html	https://www.hellowork.com/fr-fr/emplois/83652525.html	FEELINKS	DevOps - Projets IA H/F	-	in-progress	2026-09-27T03:44:19.119Z	fm-2026-09-27-night	
https://www.hellowork.com/fr-fr/emplois/83652525.html	https://www.hellowork.com/fr-fr/emplois/83652525.html	FEELINKS	DevOps - Projets IA H/F	-	submitted	2026-09-27T03:50:55.516Z	fm-2026-09-27-night	Votre candidature est enregistree. DevOps - Projets IA H/F pour l entreprise FEELINKS. Nous avons bien recu votre candidature et nous la transmettons au recruteur.
https://www.hellowork.com/fr-fr/emplois/81543651.html	https://www.hellowork.com/fr-fr/emplois/81543651.html	Red Hot Talents	Ingénieur Infrastructure Aws et DevOps H/F	-	in-progress	2026-09-27T03:51:23.553Z	fm-2026-09-27-night	
https://www.hellowork.com/fr-fr/emplois/81543651.html	https://www.hellowork.com/fr-fr/emplois/81543651.html	Red Hot Talents	Ingénieur Infrastructure Aws et DevOps H/F	-	submitted	2026-09-27T03:54:42.317Z	fm-2026-09-27-night	Félicitations ! Votre candidature au poste de Ingénieur Infrastructure Aws et DevOps H/F va être transmise à Red Hot Talents.
https://www.hellowork.com/fr-fr/emplois/83748537.html	https://www.hellowork.com/fr-fr/emplois/83748537.html	Unknown	Ingénieur Python Confirmé - Data Platform - MLOps H/F	-	in-progress	2026-09-27T03:55:10.914Z	fm-2026-09-27-night	
https://www.hellowork.com/fr-fr/emplois/83748537.html	https://www.hellowork.com/fr-fr/emplois/83748537.html	Unknown	Ingénieur Python Confirmé - Data Platform - MLOps H/F	-	submitted	2026-09-27T04:00:42.043Z	fm-2026-09-27-night	Votre candidature à l’offre 2025-1853 – Ingénieur Python confirmé – Data Platform / MLOps a bien été envoyée
https://www.hellowork.com/fr-fr/emplois/80295895.html	https://www.hellowork.com/fr-fr/emplois/80295895.html	Magellium Artal Group	Chef de Projet - Segment Sol Image - Observation de la Terre H/F	-	in-progress	2026-09-27T04:01:22.595Z	fm-2026-09-27-night	
https://www.hellowork.com/fr-fr/emplois/80295895.html	https://www.hellowork.com/fr-fr/emplois/80295895.html	Magellium Artal Group	Chef de Projet - Segment Sol Image - Observation de la Terre H/F	-	submitted	2026-09-27T04:10:48.435Z	fm-2026-09-27-night	Candidature bien reçue ! Merci d'avoir postulé pour le poste : Chef de projet - Segment Sol Image - Observation de la Terre - H/F
https://www.hellowork.com/fr-fr/emplois/83711507.html	https://www.hellowork.com/fr-fr/emplois/83711507.html	Klanik	DevOps IA H/F	-	in-progress	2026-09-27T04:11:08.060Z	fm-2026-09-27-night	
https://www.hellowork.com/fr-fr/emplois/83711507.html	https://www.hellowork.com/fr-fr/emplois/83711507.html	Klanik	DevOps IA H/F	-	submitted	2026-09-27T04:15:47.679Z	fm-2026-09-27-night	Félicitations ! Votre candidature au poste de DevOps IA H/F va être transmise à Klanik.
https://www.hellowork.com/fr-fr/emplois/83681225.html	https://www.hellowork.com/fr-fr/emplois/83681225.html	Silkhom	Ingénieur Systèmes Linux DevOps - Client Final H/F	-	in-progress	2026-09-27T04:16:10.957Z	fm-2026-09-27-night	
https://www.hellowork.com/fr-fr/emplois/83681225.html	https://www.hellowork.com/fr-fr/emplois/83681225.html	Silkhom	Ingénieur Systèmes Linux DevOps - Client Final H/F	-	errored	2026-09-27T04:20:04.441Z	fm-2026-09-27-night	agy ran out of quota mid-job; handing to sonnet
https://www.hellowork.com/fr-fr/emplois/83681225.html	https://www.hellowork.com/fr-fr/emplois/83681225.html	Silkhom	Ingénieur Systèmes Linux DevOps - Client Final H/F	-	in-progress	2026-09-27T04:20:21.355Z	fm-2026-09-27-night	reclaimed after errored
https://www.hellowork.com/fr-fr/emplois/83681225.html	https://www.hellowork.com/fr-fr/emplois/83681225.html	Silkhom	Ingénieur Systèmes Linux DevOps - Client Final H/F	-	submitted	2026-09-27T04:23:15.721Z	fm-2026-09-27-night	Confirmation banner: Félicitations ! Votre candidature au poste de Ingénieur Systèmes Linux DevOps - Client Final H/F va être transmise à Silkhom.
https://www.hellowork.com/fr-fr/emplois/83623367.html	https://www.hellowork.com/fr-fr/emplois/83623367.html	Lùkla	Product Owner Cloud Public Gcp H/F	-	in-progress	2026-09-27T04:24:05.011Z	fm-2026-09-27-night	
https://www.hellowork.com/fr-fr/emplois/83623367.html	https://www.hellowork.com/fr-fr/emplois/83623367.html	Lùkla	Product Owner Cloud Public Gcp H/F	-	submitted	2026-09-27T04:27:26.216Z	fm-2026-09-27-night	HelloWork confirmation: Félicitations ! Votre candidature au poste de Product Owner Cloud Public Gcp H/F va être transmise à Lùkla. Retrouvez l'historique de vos candidatures dans votre espace candidat.
https://www.hellowork.com/fr-fr/emplois/83627339.html	https://www.hellowork.com/fr-fr/emplois/83627339.html	Egis Groupe	Ingénieur Junior en Intégration et Validation de Systèmes de Contrôle du Trafic Aérien H/F	-	in-progress	2026-09-27T04:28:07.373Z	fm-2026-09-27-night	
https://www.hellowork.com/fr-fr/emplois/83627339.html	https://www.hellowork.com/fr-fr/emplois/83627339.html	Egis Groupe	Ingénieur Junior en Intégration et Validation de Systèmes de Contrôle du Trafic Aérien H/F	-	submitted	2026-09-27T04:32:04.301Z	fm-2026-09-27-night	HelloWork confirmation toast: "Félicitations ! Votre candidature au poste de Ingénieur Junior en Intégration et Validation de Systèmes de Contrôle du Trafic Aérien H/F va être transmise à Egis Groupe."
https://www.hellowork.com/fr-fr/emplois/81534915.html	https://www.hellowork.com/fr-fr/emplois/81534915.html	Devoteam France	Consultant DevOps Openshift H/F	-	in-progress	2026-09-27T04:32:51.974Z	fm-2026-09-27-night	
https://www.hellowork.com/fr-fr/emplois/81534915.html	https://www.hellowork.com/fr-fr/emplois/81534915.html	Devoteam France	Consultant DevOps Openshift H/F	-	submitted	2026-09-27T04:35:47.539Z	fm-2026-09-27-night	HelloWork confirmation banner: "Félicitations ! Votre candidature au poste de Consultant DevOps Openshift H/F va être transmise à Devoteam France. Retrouvez l'historique de vos candidatures dans votre espace candidat."
https://www.hellowork.com/fr-fr/emplois/81725668.html	https://www.hellowork.com/fr-fr/emplois/81725668.html	TMC France Sud-Ouest	Ingénieur DevOps Automatisation 3Dexperience H/F	-	in-progress	2026-09-27T04:36:15.575Z	fm-2026-09-27-night	
https://www.hellowork.com/fr-fr/emplois/81725668.html	https://www.hellowork.com/fr-fr/emplois/81725668.html	TMC France Sud-Ouest	Ingénieur DevOps Automatisation 3Dexperience H/F	-	submitted	2026-09-27T04:40:08.892Z	fm-2026-09-27-night	Confirmation toast: Félicitations ! Votre candidature au poste de Ingénieur DevOps Automatisation 3Dexperience H/F va être transmise à TMC France Sud-Ouest.
https://www.hellowork.com/fr-fr/emplois/82690303.html	https://www.hellowork.com/fr-fr/emplois/82690303.html	Celad	Ingénieur Python Scientifique - Domaine de l'Environnement - Toulouse H/F	-	in-progress	2026-09-27T13:31:40.333Z	fm-2026-09-27-day	
https://www.hellowork.com/fr-fr/emplois/82690303.html	https://www.hellowork.com/fr-fr/emplois/82690303.html	Celad	Ingénieur Python Scientifique - Domaine de l'Environnement - Toulouse H/F	-	submitted	2026-09-27T13:36:52.754Z	fm-2026-09-27-day	Félicitations ! Votre candidature au poste de Ingénieur Python Scientifique - Domaine de l'Environnement - Toulouse H/F va être transmise à CELAD. Retrouvez l'historique de vos candidatures dans votre espace candidat.
https://www.hellowork.com/fr-fr/emplois/80639287.html	https://www.hellowork.com/fr-fr/emplois/80639287.html	Astek	Ingénieur Système Doors H/F	-	in-progress	2026-09-27T13:37:22.585Z	fm-2026-09-27-day	
https://www.hellowork.com/fr-fr/emplois/80639287.html	https://www.hellowork.com/fr-fr/emplois/80639287.html	Astek	Ingénieur Système Doors H/F	-	submitted	2026-09-27T13:42:33.924Z	fm-2026-09-27-day	Votre candidature a bien été déposée
https://www.hellowork.com/fr-fr/emplois/77214654.html	https://www.hellowork.com/fr-fr/emplois/77214654.html	CYNÉGÉ CONSEIL	Observability Tools Analyst & Developer H/F	-	in-progress	2026-09-27T13:42:52.944Z	fm-2026-09-27-day	
https://www.hellowork.com/fr-fr/emplois/77214654.html	https://www.hellowork.com/fr-fr/emplois/77214654.html	CYNÉGÉ CONSEIL	Observability Tools Analyst & Developer H/F	-	submitted	2026-09-27T13:48:11.961Z	fm-2026-09-27-day	Félicitations ! Votre candidature au poste de Observability Tools Analyst & Developer H/F va être transmise à CYNÉGÉ CONSEIL.
https://www.hellowork.com/fr-fr/emplois/83755281.html	https://www.hellowork.com/fr-fr/emplois/83755281.html	DataDome	Software Engineer Integrations H/F	-	in-progress	2026-09-27T13:48:37.685Z	fm-2026-09-27-day	
https://www.hellowork.com/fr-fr/emplois/83755281.html	https://www.hellowork.com/fr-fr/emplois/83755281.html	DataDome	Software Engineer Integrations H/F	-	submitted	2026-09-27T13:58:00.638Z	fm-2026-09-27-day	Thank you for applying. Your application has been received. If there is a fit, someone will be getting back to you. Kind regards, DataDome Team
https://www.hellowork.com/fr-fr/emplois/78347201.html	https://www.hellowork.com/fr-fr/emplois/78347201.html	Scaleway	Software Engineer - Kubernetes Specialist H/F	-	in-progress	2026-09-27T13:58:31.921Z	fm-2026-09-27-day	
https://www.hellowork.com/fr-fr/emplois/78347201.html	https://www.hellowork.com/fr-fr/emplois/78347201.html	Scaleway	Software Engineer - Kubernetes Specialist H/F	-	already-applied	2026-09-27T14:02:36.630Z	fm-2026-09-27-day	Site reported application already received on August 22, 2026
https://www.hellowork.com/fr-fr/emplois/78283514.html	https://www.hellowork.com/fr-fr/emplois/78283514.html	Scaleway	Software Engineer - Compute Marketplace H/F	-	in-progress	2026-09-27T14:03:19.436Z	fm-2026-09-27-day	
https://www.hellowork.com/fr-fr/emplois/78283514.html	https://www.hellowork.com/fr-fr/emplois/78283514.html	Scaleway	Software Engineer - Compute Marketplace H/F	-	submitted	2026-09-27T14:09:26.445Z	fm-2026-09-27-day	Application submitted! RETURN TO THE MAIN PAGE
https://www.hellowork.com/fr-fr/emplois/83693951.html	https://www.hellowork.com/fr-fr/emplois/83693951.html	Scalian	Ingénieur Développement Logiciel Python - Django H/F	-	in-progress	2026-09-27T14:10:02.769Z	fm-2026-09-27-day	
https://www.hellowork.com/fr-fr/emplois/83693951.html	https://www.hellowork.com/fr-fr/emplois/83693951.html	Scalian	Ingénieur Développement Logiciel Python - Django H/F	-	submitted	2026-09-27T14:18:08.867Z	fm-2026-09-27-day	Félicitations ! Votre candidature au poste de Ingénieur Développement Logiciel Python - Django H/F va être transmise à Scalian.
https://www.hellowork.com/fr-fr/emplois/82622659.html	https://www.hellowork.com/fr-fr/emplois/82622659.html	Davidson consulting	Ingénieur Devsecops - Cloud H/F	-	in-progress	2026-09-27T14:19:15.630Z	fm-2026-09-27-day	
https://www.hellowork.com/fr-fr/emplois/82622659.html	https://www.hellowork.com/fr-fr/emplois/82622659.html	Davidson consulting	Ingénieur Devsecops - Cloud H/F	-	submitted	2026-09-27T14:25:56.967Z	fm-2026-09-27-day	Notre équipe a bien reçu votre candidature pour être Ingénieur DevSecOps / Cloud et nous vous en remercions.
https://www.free-work.com/fr/tech-it/ingenieur-devops-cloud/job-mission/ingenieur-devops-plateforme-ia-h-f	https://www.free-work.com/fr/tech-it/ingenieur-devops-cloud/job-mission/ingenieur-devops-plateforme-ia-h-f	Atos	INGÉNIEUR DEVOPS – PLATEFORME IA H/F	-	in-progress	2026-09-27T14:26:18.252Z	fm-2026-09-27-day	
https://www.free-work.com/fr/tech-it/ingenieur-devops-cloud/job-mission/ingenieur-devops-plateforme-ia-h-f	https://www.free-work.com/fr/tech-it/ingenieur-devops-cloud/job-mission/ingenieur-devops-plateforme-ia-h-f	Atos	INGÉNIEUR DEVOPS – PLATEFORME IA H/F	-	submitted	2026-09-27T14:32:24.835Z	fm-2026-09-27-day	Ça y est, vous avez postulé.. / Vous avez postulé à cette offre le 27/09/2026
https://www.hellowork.com/fr-fr/emplois/83682558.html	https://www.hellowork.com/fr-fr/emplois/83682558.html	Altim	Ingénieur Devsecops - Toulouse H/F	-	in-progress	2026-09-27T14:33:02.775Z	fm-2026-09-27-day	
https://www.hellowork.com/fr-fr/emplois/83682558.html	https://www.hellowork.com/fr-fr/emplois/83682558.html	Altim	Ingénieur Devsecops - Toulouse H/F	-	submitted	2026-09-27T14:36:32.296Z	fm-2026-09-27-day	Félicitations ! Votre candidature au poste de Ingénieur Devsecops - Toulouse H/F va être transmise à Altim. Retrouvez l'historique de vos candidatures dans votre espace candidat.
https://www.hellowork.com/fr-fr/emplois/83638383.html	https://www.hellowork.com/fr-fr/emplois/83638383.html	ALTEN	Ingénieur Système Cockpit Function - Atm - Atc H/F	-	in-progress	2026-09-27T14:37:00.152Z	fm-2026-09-27-day	
https://www.hellowork.com/fr-fr/emplois/83638383.html	https://www.hellowork.com/fr-fr/emplois/83638383.html	ALTEN	Ingénieur Système Cockpit Function - Atm - Atc H/F	-	submitted	2026-09-27T14:42:50.719Z	fm-2026-09-27-day	Félicitations ! Votre candidature au poste de Ingénieur Système Cockpit Function - Atm - Atc H/F va être transmise à ALTEN.
https://www.hellowork.com/fr-fr/emplois/83636209.html	https://www.hellowork.com/fr-fr/emplois/83636209.html	Geser Best	Ingénieur Cloud - Cloud Architect Gcp H/F	-	in-progress	2026-09-27T14:43:22.452Z	fm-2026-09-27-day	
https://www.hellowork.com/fr-fr/emplois/83636209.html	https://www.hellowork.com/fr-fr/emplois/83636209.html	Geser Best	Ingénieur Cloud - Cloud Architect Gcp H/F	-	submitted	2026-09-27T14:47:31.474Z	fm-2026-09-27-day	Félicitations ! Votre candidature au poste de Ingénieur Cloud - Cloud Architect Gcp H/F va être transmise à Geser Best.
https://www.hellowork.com/fr-fr/emplois/83627380.html	https://www.hellowork.com/fr-fr/emplois/83627380.html	AXEAL	Ingénieur Système DevOps Openshift - Toulouse H/F	-	in-progress	2026-09-27T14:47:52.640Z	fm-2026-09-27-day	
https://www.hellowork.com/fr-fr/emplois/83627380.html	https://www.hellowork.com/fr-fr/emplois/83627380.html	AXEAL	Ingénieur Système DevOps Openshift - Toulouse H/F	-	submitted	2026-09-27T14:56:36.240Z	fm-2026-09-27-day	Félicitations ! Votre candidature au poste de Ingénieur Système DevOps Openshift - Toulouse H/F va être transmise à AXEAL.
https://www.hellowork.com/fr-fr/emplois/83596840.html	https://www.hellowork.com/fr-fr/emplois/83596840.html	Adentis	Développeur Python - Django H/F	-	in-progress	2026-09-27T14:57:42.520Z	fm-2026-09-27-day	
https://www.hellowork.com/fr-fr/emplois/83596840.html	https://www.hellowork.com/fr-fr/emplois/83596840.html	Adentis	Développeur Python - Django H/F	-	submitted	2026-09-27T15:02:04.249Z	fm-2026-09-27-day	Félicitations ! Votre candidature au poste de Développeur Python - Django H/F va être transmise à Adentis.
https://www.hellowork.com/fr-fr/emplois/83624783.html	https://www.hellowork.com/fr-fr/emplois/83624783.html	Adexcel Consulting	Ingénieur Netdevops - Python - Nautobot H/F	-	in-progress	2026-09-27T15:03:57.125Z	fm-2026-09-27-day	
https://www.hellowork.com/fr-fr/emplois/83624783.html	https://www.hellowork.com/fr-fr/emplois/83624783.html	Adexcel Consulting	Ingénieur Netdevops - Python - Nautobot H/F	-	submitted	2026-09-27T15:11:08.179Z	fm-2026-09-27-day	Notre equipe a bien recu votre candidature pour etre Ingenieur Netdevops - Python / Nautobot (H/F) et nous vous en remercions.
https://www.hellowork.com/fr-fr/emplois/81573633.html	https://www.hellowork.com/fr-fr/emplois/81573633.html	Niji	Ingénieur DevOps - Cloud & Sre H/F	-	in-progress	2026-09-27T15:11:39.909Z	fm-2026-09-27-day	
https://www.hellowork.com/fr-fr/emplois/81573633.html	https://www.hellowork.com/fr-fr/emplois/81573633.html	Niji	Ingénieur DevOps - Cloud & Sre H/F	-	submitted	2026-09-27T15:19:10.301Z	fm-2026-09-27-day	Merci pour votre candidature. Nous avons reçu votre candidature et l'examinerons dans les plus brefs délais.
https://www.hellowork.com/fr-fr/emplois/81534903.html	https://www.hellowork.com/fr-fr/emplois/81534903.html	Devoteam France	Ingénieur DevOps H/F	-	in-progress	2026-09-27T15:19:34.214Z	fm-2026-09-27-day	
https://www.hellowork.com/fr-fr/emplois/81534903.html	https://www.hellowork.com/fr-fr/emplois/81534903.html	Devoteam France	Ingénieur DevOps H/F	-	submitted	2026-09-27T15:23:45.469Z	fm-2026-09-27-day	Félicitations ! Votre candidature au poste de Ingénieur DevOps H/F va être transmise à Devoteam France.
https://www.free-work.com/fr/tech-it/ingenieur-devops-cloud/job-mission/2-opportunites-devops-montpellier	https://www.free-work.com/fr/tech-it/ingenieur-devops-cloud/job-mission/2-opportunites-devops-montpellier	Proxiad	2 OPPORTUNITÉS DEVOPS – MONTPELLIER	-	in-progress	2026-09-27T15:24:19.825Z	fm-2026-09-27-day	
https://www.free-work.com/fr/tech-it/ingenieur-devops-cloud/job-mission/2-opportunites-devops-montpellier	https://www.free-work.com/fr/tech-it/ingenieur-devops-cloud/job-mission/2-opportunites-devops-montpellier	Proxiad	2 OPPORTUNITÉS DEVOPS – MONTPELLIER	-	submitted	2026-09-27T15:27:15.393Z	fm-2026-09-27-day	Vous avez postulé à cette offre le 27/09/2026
https://www.hellowork.com/fr-fr/emplois/73898433.html	https://www.hellowork.com/fr-fr/emplois/73898433.html	ALTEN	Ingénieur Système - Doors - Gestion des Exigences H/F	-	in-progress	2026-09-27T15:27:45.628Z	fm-2026-09-27-day	
https://www.hellowork.com/fr-fr/emplois/73898433.html	https://www.hellowork.com/fr-fr/emplois/73898433.html	ALTEN	Ingénieur Système - Doors - Gestion des Exigences H/F	-	submitted	2026-09-27T15:32:59.982Z	fm-2026-09-27-day	Félicitations ! Votre candidature au poste de Ingénieur Système - Doors - Gestion des Exigences H/F va être transmise à ALTEN.
https://www.hellowork.com/fr-fr/emplois/82660811.html	https://www.hellowork.com/fr-fr/emplois/82660811.html	Alithya	Ingénieur Data - Data Engineer Gcp H/F	-	in-progress	2026-09-27T15:33:24.784Z	fm-2026-09-27-day	
https://www.hellowork.com/fr-fr/emplois/82660811.html	https://www.hellowork.com/fr-fr/emplois/82660811.html	Alithya	Ingénieur Data - Data Engineer Gcp H/F	-	submitted	2026-09-27T15:43:55.785Z	fm-2026-09-27-day	Félicitations ! Votre candidature au poste de Ingénieur Data - Data Engineer Gcp H/F va être transmise à Alithya.
https://www.hellowork.com/fr-fr/emplois/82646185.html	https://www.hellowork.com/fr-fr/emplois/82646185.html	Smile Group	Ingénieur IA - MLOps - Asnières-Sur-Seine H/F	-	in-progress	2026-09-27T15:44:27.594Z	fm-2026-09-27-day	
https://www.hellowork.com/fr-fr/emplois/82646185.html	https://www.hellowork.com/fr-fr/emplois/82646185.html	Smile Group	Ingénieur IA - MLOps - Asnières-Sur-Seine H/F	-	submitted	2026-09-27T15:50:34.994Z	fm-2026-09-27-day	Merci pour votre candidature. Nous avons reçu votre candidature et l'examinerons dans les plus brefs délais.
https://www.hellowork.com/fr-fr/emplois/82649811.html	https://www.hellowork.com/fr-fr/emplois/82649811.html	HOUSE OF ABY	Ingénieur Systèmes Sre - DevOps H/F	-	in-progress	2026-09-27T15:50:54.322Z	fm-2026-09-27-day	
https://www.hellowork.com/fr-fr/emplois/82649811.html	https://www.hellowork.com/fr-fr/emplois/82649811.html	HOUSE OF ABY	Ingénieur Systèmes Sre - DevOps H/F	-	submitted	2026-09-27T15:55:51.059Z	fm-2026-09-27-day	Félicitations ! Votre candidature au poste de Ingénieur Systèmes Sre - DevOps H/F va être transmise à HOUSE OF ABY. Retrouvez l'historique de vos candidatures dans votre espace candidat.
https://www.hellowork.com/fr-fr/emplois/82597924.html	https://www.hellowork.com/fr-fr/emplois/82597924.html	Audensiel Technologies	Développeur Python - DevOps H/F	-	in-progress	2026-09-27T15:58:53.257Z	fm-2026-09-27-day	
https://www.hellowork.com/fr-fr/emplois/82597924.html	https://www.hellowork.com/fr-fr/emplois/82597924.html	Audensiel Technologies	Développeur Python - DevOps H/F	-	errored	2026-09-27T16:01:21.729Z	fm-2026-09-27-day	agy out of quota mid-job; AGY_ONLY run stopped, retry next run
https://www.hellowork.com/fr-fr/emplois/82597924.html	https://www.hellowork.com/fr-fr/emplois/82597924.html	Audensiel Technologies	Développeur Python - DevOps H/F	-	in-progress	2026-09-27T18:12:56.202Z	fm-2026-09-27-day	reclaimed after errored
https://www.hellowork.com/fr-fr/emplois/82597924.html	https://www.hellowork.com/fr-fr/emplois/82597924.html	Audensiel Technologies	Développeur Python - DevOps H/F	-	submitted	2026-09-27T18:17:40.498Z	fm-2026-09-27-day	Confirmation page: Candidature envoyée ! Merci de votre intérêt pour Développeur Python / Devops (H/F). Nous avons bien reçu votre candidature et nous l'examinerons avec soin.
https://www.hellowork.com/fr-fr/emplois/80555332.html	https://www.hellowork.com/fr-fr/emplois/80555332.html	Delair	Ingénieur Logiciel C++ - Qt H/F	-	in-progress	2026-09-27T18:18:28.304Z	fm-2026-09-27-day	
https://www.hellowork.com/fr-fr/emplois/80555332.html	https://www.hellowork.com/fr-fr/emplois/80555332.html	Delair	Ingénieur Logiciel C++ - Qt H/F	-	submitted	2026-09-27T18:21:55.732Z	fm-2026-09-27-day	Confirmation page: Merci pour votre candidature. Nous avons reçu votre candidature et l'examinerons dans les plus brefs délais. Nous répondons généralement sous deux semaines.
https://www.welcometothejungle.com/en/companies/suez/jobs/product-owner-infrastructure-core-services-junior-h-f_puteaux	https://www.welcometothejungle.com/en/companies/suez/jobs/product-owner-infrastructure-core-services-junior-h-f_puteaux	SUEZ	Product Owner Cloud Junior - H/F	-	in-progress	2026-09-27T18:22:11.569Z	fm-2026-09-27-day	
https://www.welcometothejungle.com/en/companies/suez/jobs/product-owner-infrastructure-core-services-junior-h-f_puteaux	https://www.welcometothejungle.com/en/companies/suez/jobs/product-owner-infrastructure-core-services-junior-h-f_puteaux	SUEZ	Product Owner Cloud Junior - H/F	-	submitted	2026-09-27T18:27:27.073Z	fm-2026-09-27-day	Confirmation page: Votre candidature nous a été transmise ! Nous vous remercions pour l'intérêt que vous portez à SUEZ.
https://www.meteojob.com/jobs/57061583	https://www.meteojob.com/jobs/57061583?utm_source=pole-emploi&utm_medium=aggregator-free	NEW NET 3D	Ingénieur de tests logiciel (H/F)	-	in-progress	2026-09-27T18:28:11.250Z	fm-2026-09-27-day	
https://www.meteojob.com/jobs/57061583	https://www.meteojob.com/jobs/57061583?utm_source=pole-emploi&utm_medium=aggregator-free	NEW NET 3D	Ingénieur de tests logiciel (H/F)	-	errored	2026-09-27T18:28:41.499Z	fm-2026-09-27-day	URL now shows a different posting: 'Ingénieur IVV Logiciel F/H' for Groupe Talents Handicap/iTekway (ref 323770), not NEW NET 3D - Ingenieur de tests logiciel. Job content changed/recycled under same ID; stopped without applying per never-touch-another-job rule.
https://www.hellowork.com/fr-fr/emplois/83779137.html	https://www.hellowork.com/fr-fr/emplois/83779137.html	TOHTEM	Ingénieur DevOps Openshift - Cloud Aws H/F	-	in-progress	2026-09-27T18:29:11.258Z	fm-2026-09-27-day	
https://www.hellowork.com/fr-fr/emplois/83779137.html	https://www.hellowork.com/fr-fr/emplois/83779137.html	TOHTEM	Ingénieur DevOps Openshift - Cloud Aws H/F	-	submitted	2026-09-27T18:32:50.818Z	fm-2026-09-27-day	HelloWork confirmation toast: Félicitations ! Votre candidature au poste de Ingénieur DevOps Openshift - Cloud Aws H/F va être transmise à TOHTEM.
https://www.hellowork.com/fr-fr/emplois/83735823.html	https://www.hellowork.com/fr-fr/emplois/83735823.html	5 Degrés	Analytics Engineer - Data Scientist Opérationnel H/F	-	in-progress	2026-09-27T18:33:38.277Z	fm-2026-09-27-day	
https://www.hellowork.com/fr-fr/emplois/83735823.html	https://www.hellowork.com/fr-fr/emplois/83735823.html	5 Degrés	Analytics Engineer - Data Scientist Opérationnel H/F	-	validation-failed	2026-09-27T18:38:22.756Z	fm-2026-09-27-day	Partner ATS (collective.work) rejected quick-apply: account already registered with this email, requires login; no stored credentials for this domain and generate is for new registrations only, so could not proceed without inventing a login.
https://www.hellowork.com/fr-fr/emplois/83779998.html	https://www.hellowork.com/fr-fr/emplois/83779998.html	FMA Assurances	Data Analyst - Data Engineer H/F	-	in-progress	2026-09-27T18:38:55.449Z	fm-2026-09-27-day	
https://www.hellowork.com/fr-fr/emplois/83779998.html	https://www.hellowork.com/fr-fr/emplois/83779998.html	FMA Assurances	Data Analyst - Data Engineer H/F	-	submitted	2026-09-27T18:42:01.371Z	fm-2026-09-27-day	Félicitations ! Votre candidature au poste de Data Analyst - Data Engineer H/F va être transmise à FMA Assurances.
https://www.free-work.com/fr/tech-it/ingenieur-devops-cloud/job-mission/ingenieur-devops-big-data-h-f-13	https://www.free-work.com/fr/tech-it/ingenieur-devops-cloud/job-mission/ingenieur-devops-big-data-h-f-13	VISIAN	Ingénieur DevOps Big Data (H/F)	-	in-progress	2026-09-27T18:42:21.314Z	fm-2026-09-27-day	
https://www.free-work.com/fr/tech-it/ingenieur-devops-cloud/job-mission/ingenieur-devops-big-data-h-f-13	https://www.free-work.com/fr/tech-it/ingenieur-devops-cloud/job-mission/ingenieur-devops-big-data-h-f-13	VISIAN	Ingénieur DevOps Big Data (H/F)	-	submitted	2026-09-27T18:44:29.368Z	fm-2026-09-27-day	Ca y est, vous avez postule.. Vous avez postule a cette offre le 27/09/2026
https://www.free-work.com/fr/tech-it/ingenieur-devops-cloud/job-mission/ingenieur-devops-ia-9	https://www.free-work.com/fr/tech-it/ingenieur-devops-cloud/job-mission/ingenieur-devops-ia-9	VISIAN	Ingénieur DevOps IA (H/F)	-	in-progress	2026-09-27T18:44:53.706Z	fm-2026-09-27-day	
https://www.free-work.com/fr/tech-it/ingenieur-devops-cloud/job-mission/ingenieur-devops-ia-9	https://www.free-work.com/fr/tech-it/ingenieur-devops-cloud/job-mission/ingenieur-devops-ia-9	VISIAN	Ingénieur DevOps IA (H/F)	-	submitted	2026-09-27T18:47:14.374Z	fm-2026-09-27-day	Ça y est, vous avez postulé.. / Vous avez postulé à cette offre le 27/09/2026
https://www.free-work.com/fr/tech-it/ingenieur-apres-vente/job-mission/ingenieur-integration-f-h	https://www.free-work.com/fr/tech-it/ingenieur-apres-vente/job-mission/ingenieur-integration-f-h	AVANISTA	Ingénieur Intégration - F/H	-	in-progress	2026-09-27T18:47:34.122Z	fm-2026-09-27-day	
https://www.free-work.com/fr/tech-it/ingenieur-apres-vente/job-mission/ingenieur-integration-f-h	https://www.free-work.com/fr/tech-it/ingenieur-apres-vente/job-mission/ingenieur-integration-f-h	AVANISTA	Ingénieur Intégration - F/H	-	submitted	2026-09-27T18:49:03.428Z	fm-2026-09-27-day	Votre candidature a été envoyée avec succès.
https://www.free-work.com/fr/tech-it/administrateur-de-base-de-donnee-oracle-sybase/job-mission/expert-technique-oracle-python-esg-41	https://www.free-work.com/fr/tech-it/administrateur-de-base-de-donnee-oracle-sybase/job-mission/expert-technique-oracle-python-esg-41	Digistrat consulting	Expert technique Oracle Python - ESG	-	in-progress	2026-09-27T18:49:18.587Z	fm-2026-09-27-day	
https://www.free-work.com/fr/tech-it/administrateur-de-base-de-donnee-oracle-sybase/job-mission/expert-technique-oracle-python-esg-41	https://www.free-work.com/fr/tech-it/administrateur-de-base-de-donnee-oracle-sybase/job-mission/expert-technique-oracle-python-esg-41	Digistrat consulting	Expert technique Oracle Python - ESG	-	submitted	2026-09-27T18:51:34.159Z	fm-2026-09-27-day	Vous avez postulé à cette offre le 27/09/2026. Ça y est, vous avez postulé..
https://www.hellowork.com/fr-fr/emplois/80533350.html	https://www.hellowork.com/fr-fr/emplois/80533350.html	CCL CONSULTING	Ingénieur Cloud Aws H/F	-	in-progress	2026-09-27T18:52:02.296Z	fm-2026-09-27-day	
https://www.hellowork.com/fr-fr/emplois/80533350.html	https://www.hellowork.com/fr-fr/emplois/80533350.html	CCL CONSULTING	Ingénieur Cloud Aws H/F	-	submitted	2026-09-27T18:58:45.123Z	fm-2026-09-27-day	Félicitations ! Votre candidature au poste de Ingénieur Cloud Aws H/F va être transmise à CCL CONSULTING.
https://www.hellowork.com/fr-fr/emplois/70567583.html	https://www.hellowork.com/fr-fr/emplois/70567583.html	Talan	Azure Dataops H/F	-	in-progress	2026-09-27T18:59:14.023Z	fm-2026-09-27-day	
https://www.hellowork.com/fr-fr/emplois/70567583.html	https://www.hellowork.com/fr-fr/emplois/70567583.html	Talan	Azure Dataops H/F	-	submitted	2026-09-27T19:03:58.662Z	fm-2026-09-27-day	Félicitations ! Votre candidature au poste de Azure Dataops H/F va être transmise à Talan.
https://www.hellowork.com/fr-fr/emplois/83703116.html	https://www.hellowork.com/fr-fr/emplois/83703116.html	Kpler	Ml Engineer - Power H/F	-	in-progress	2026-09-27T19:04:23.865Z	fm-2026-09-27-day	
https://www.hellowork.com/fr-fr/emplois/83703116.html	https://www.hellowork.com/fr-fr/emplois/83703116.html	Kpler	Ml Engineer - Power H/F	-	captcha	2026-09-27T19:07:28.868Z	fm-2026-09-27-day	Lever form triggered hCaptcha visual challenge on submit
https://www.talents-handicap.com/315-wavestone/344247-consultant-e-junior-analyst-en-transformation-digitale-cto-advisory-cloud-cdi-43?src=FranceTravail	https://www.talents-handicap.com/315-wavestone/344247-consultant-e-junior-analyst-en-transformation-digitale-cto-advisory-cloud-cdi-43?src=FranceTravail	France Travail	Consultant-e Junior (Analyst) en Transformation Digitale - CTO Advisory / Cloud - CDI (H/F)	-	in-progress	2026-09-27T19:07:51.689Z	fm-2026-09-27-day	
https://www.talents-handicap.com/315-wavestone/344247-consultant-e-junior-analyst-en-transformation-digitale-cto-advisory-cloud-cdi-43?src=FranceTravail	https://www.talents-handicap.com/315-wavestone/344247-consultant-e-junior-analyst-en-transformation-digitale-cto-advisory-cloud-cdi-43?src=FranceTravail	France Travail	Consultant-e Junior (Analyst) en Transformation Digitale - CTO Advisory / Cloud - CDI (H/F)	-	errored	2026-09-27T19:27:44.399Z	fm-2026-09-27-day	run ended without recording a result; check by hand before any retry
https://www.free-work.com/fr/tech-it/ingenieur-devops-cloud/job-mission/ingenieur-devops-montpellier-f-h-2	https://www.free-work.com/fr/tech-it/ingenieur-devops-cloud/job-mission/ingenieur-devops-montpellier-f-h-2	AVANISTA	Ingénieur Devops - Montpellier - F/H	-	in-progress	2026-09-27T19:28:25.915Z	fm-2026-09-27-day	
https://www.free-work.com/fr/tech-it/ingenieur-devops-cloud/job-mission/ingenieur-devops-montpellier-f-h-2	https://www.free-work.com/fr/tech-it/ingenieur-devops-cloud/job-mission/ingenieur-devops-montpellier-f-h-2	AVANISTA	Ingénieur Devops - Montpellier - F/H	-	submitted	2026-09-27T19:30:05.682Z	fm-2026-09-27-day	Votre candidature a été envoyée avec succès.
https://www.free-work.com/fr/tech-it/job-mission/ingenieur-devops-cloud/ingenieur-devops-spatial-h-f-36	https://www.free-work.com/fr/tech-it/job-mission/ingenieur-devops-cloud/ingenieur-devops-spatial-h-f-36?utm_source=apec&utm_medium=organic&utm_campaign=apec_organic_fr_w	CO-MARTIN	Ingénieur DevOps - Spatial F/H	-	in-progress	2026-09-27T19:30:24.739Z	fm-2026-09-27-day	
https://www.free-work.com/fr/tech-it/job-mission/ingenieur-devops-cloud/ingenieur-devops-spatial-h-f-36	https://www.free-work.com/fr/tech-it/job-mission/ingenieur-devops-cloud/ingenieur-devops-spatial-h-f-36?utm_source=apec&utm_medium=organic&utm_campaign=apec_organic_fr_w	CO-MARTIN	Ingénieur DevOps - Spatial F/H	-	submitted	2026-09-27T19:32:42.392Z	fm-2026-09-27-day	Vous avez postulé à cette offre le 27/09/2026. Statut: CV envoyé.
https://www.hellowork.com/fr-fr/emplois/73946851.html	https://www.hellowork.com/fr-fr/emplois/73946851.html	Sopra Steria	Architecte Cloud - Spatial - Toulouse H/F	-	in-progress	2026-09-29T00:26:00.650Z	fm-2026-09-29-a	
https://www.hellowork.com/fr-fr/emplois/73946851.html	https://www.hellowork.com/fr-fr/emplois/73946851.html	Sopra Steria	Architecte Cloud - Spatial - Toulouse H/F	-	submitted	2026-09-29T00:29:02.652Z	fm-2026-09-29-a	Félicitations ! Votre candidature au poste de Architecte Cloud - Spatial - Toulouse H/F va être transmise à Sopra Steria.
https://www.free-work.com/fr/tech-it/ingenieur-devops-cloud/job-mission/ingenieur-devops-plateforme-gpu-f-h-1	https://www.free-work.com/fr/tech-it/ingenieur-devops-cloud/job-mission/ingenieur-devops-plateforme-gpu-f-h-1	AVANISTA	Ingénieur DevOps Plateforme GPU - F/H	-	in-progress	2026-09-29T00:29:18.923Z	fm-2026-09-29-a	
https://www.free-work.com/fr/tech-it/ingenieur-devops-cloud/job-mission/ingenieur-devops-plateforme-gpu-f-h-1	https://www.free-work.com/fr/tech-it/ingenieur-devops-cloud/job-mission/ingenieur-devops-plateforme-gpu-f-h-1	AVANISTA	Ingénieur DevOps Plateforme GPU - F/H	-	submitted	2026-09-29T00:31:46.345Z	fm-2026-09-29-a	Vous avez postulé à cette offre le 29/09/2026 - Ça y est, vous avez postulé
https://www.hellowork.com/fr-fr/emplois/82660957.html	https://www.hellowork.com/fr-fr/emplois/82660957.html	Groupe SII	Ingénieur Ivv Logiciel Embarqué Aéronautique H/F	-	in-progress	2026-09-29T00:32:05.945Z	fm-2026-09-29-a	
https://www.hellowork.com/fr-fr/emplois/82660957.html	https://www.hellowork.com/fr-fr/emplois/82660957.html	Groupe SII	Ingénieur Ivv Logiciel Embarqué Aéronautique H/F	-	submitted	2026-09-29T00:38:18.424Z	fm-2026-09-29-a	Votre candidature est enregistrée. Nous avons bien reçu votre candidature et nous la transmettons au recruteur.
https://www.hellowork.com/fr-fr/emplois/73946836.html	https://www.hellowork.com/fr-fr/emplois/73946836.html	Sopra Steria	Ingénieur Ivv Système - Spatial - Toulouse H/F	-	in-progress	2026-09-29T00:38:36.104Z	fm-2026-09-29-a	
https://www.hellowork.com/fr-fr/emplois/73946836.html	https://www.hellowork.com/fr-fr/emplois/73946836.html	Sopra Steria	Ingénieur Ivv Système - Spatial - Toulouse H/F	-	submitted	2026-09-29T00:43:18.164Z	fm-2026-09-29-a	Félicitations ! Votre candidature au poste de Ingénieur Ivv Système - Spatial - Toulouse H/F va être transmise à Sopra Steria. Retrouvez l'historique de vos candidatures dans votre espace candidat.
https://www.hellowork.com/fr-fr/emplois/80514170.html	https://www.hellowork.com/fr-fr/emplois/80514170.html	Groupe SII	Ingénieur V&V Système Contrôle Aérien - Atm H/F	-	in-progress	2026-09-29T00:43:44.776Z	fm-2026-09-29-a	
https://www.hellowork.com/fr-fr/emplois/80514170.html	https://www.hellowork.com/fr-fr/emplois/80514170.html	Groupe SII	Ingénieur V&V Système Contrôle Aérien - Atm H/F	-	submitted	2026-09-29T00:48:16.124Z	fm-2026-09-29-a	Félicitations ! Votre candidature au poste de Ingénieur V&V Système Contrôle Aérien - Atm H/F va être transmise à Groupe SII. Retrouvez l'historique de vos candidatures dans votre espace candidat.
https://www.hellowork.com/fr-fr/emplois/69242834.html	https://www.hellowork.com/fr-fr/emplois/69242834.html	Scaleway	Site Reliability Engineer - Sre H/F	-	in-progress	2026-09-29T00:48:32.869Z	fm-2026-09-29-a	
https://www.hellowork.com/fr-fr/emplois/69242834.html	https://www.hellowork.com/fr-fr/emplois/69242834.html	Scaleway	Site Reliability Engineer - Sre H/F	-	already-applied	2026-09-29T00:53:44.665Z	fm-2026-09-29-a	Lever: Your application was already submitted on August 22, 2026 (wait 3 months)
https://www.hellowork.com/fr-fr/emplois/73948265.html	https://www.hellowork.com/fr-fr/emplois/73948265.html	Groupe SII	Ingénieur Intégration Validation Intégration Vérification Logiciel - Projet Civil H/F	-	in-progress	2026-09-29T00:54:24.643Z	fm-2026-09-29-a	
https://www.hellowork.com/fr-fr/emplois/73948265.html	https://www.hellowork.com/fr-fr/emplois/73948265.html	Groupe SII	Ingénieur Intégration Validation Intégration Vérification Logiciel - Projet Civil H/F	-	submitted	2026-09-29T00:59:09.820Z	fm-2026-09-29-a	Félicitations ! Votre candidature au poste de Ingénieur Intégration Validation Intégration Vérification Logiciel - Projet Civil H/F va être transmise à Groupe SII.
https://www.hellowork.com/fr-fr/emplois/81534673.html	https://www.hellowork.com/fr-fr/emplois/81534673.html	Devoteam France	Python DevOps Developer H/F	-	in-progress	2026-09-29T00:59:22.780Z	fm-2026-09-29-a	
https://www.hellowork.com/fr-fr/emplois/81534673.html	https://www.hellowork.com/fr-fr/emplois/81534673.html	Devoteam France	Python DevOps Developer H/F	-	submitted	2026-09-29T01:03:25.809Z	fm-2026-09-29-a	Félicitations ! Votre candidature au poste de Python Developer H/F va être transmise à Devoteam France.
https://www.hellowork.com/fr-fr/emplois/81792189.html	https://www.hellowork.com/fr-fr/emplois/81792189.html	COLLEEN IT	Ingénieur Système DevOps H/F	-	in-progress	2026-09-29T01:03:51.793Z	fm-2026-09-29-a	
https://www.hellowork.com/fr-fr/emplois/81792189.html	https://www.hellowork.com/fr-fr/emplois/81792189.html	COLLEEN IT	Ingénieur Système DevOps H/F	-	submitted	2026-09-29T01:08:17.332Z	fm-2026-09-29-a	Félicitations ! Votre candidature au poste de Ingénieur Système DevOps H/F va être transmise à COLLEEN IT.
https://www.hellowork.com/fr-fr/emplois/78376321.html	https://www.hellowork.com/fr-fr/emplois/78376321.html	Sopra Steria	Data Engineer Gcp - Services Financiers - Ile-De-France H/F	-	in-progress	2026-09-29T01:08:48.430Z	fm-2026-09-29-a	
https://www.hellowork.com/fr-fr/emplois/78376321.html	https://www.hellowork.com/fr-fr/emplois/78376321.html	Sopra Steria	Data Engineer Gcp - Services Financiers - Ile-De-France H/F	-	submitted	2026-09-29T01:12:32.815Z	fm-2026-09-29-a	Félicitations ! Votre candidature au poste de Data Engineer Gcp - Services Financiers - Ile-De-France H/F va être transmise à Sopra Steria.
https://www.free-work.com/fr/tech-it/ingenieur-devops-cloud/job-mission/ingenieur-devops-openshift-cloud-aws-h-f	https://www.free-work.com/fr/tech-it/ingenieur-devops-cloud/job-mission/ingenieur-devops-openshift-cloud-aws-h-f	TOHTEM IT	Ingénieur DevOps Openshift / Cloud AWS - H/F	-	in-progress	2026-09-29T01:12:56.751Z	fm-2026-09-29-a	
https://www.free-work.com/fr/tech-it/ingenieur-devops-cloud/job-mission/ingenieur-devops-openshift-cloud-aws-h-f	https://www.free-work.com/fr/tech-it/ingenieur-devops-cloud/job-mission/ingenieur-devops-openshift-cloud-aws-h-f	TOHTEM IT	Ingénieur DevOps Openshift / Cloud AWS - H/F	-	submitted	2026-09-29T01:15:57.060Z	fm-2026-09-29-a	Vous avez postulé à cette offre le 29/09/2026
https://www.free-work.com/fr/tech-it/ingenieur-devops-cloud/job-mission/cloud-devops-senior-f-h	https://www.free-work.com/fr/tech-it/ingenieur-devops-cloud/job-mission/cloud-devops-senior-f-h	AVANISTA	Cloud DevOps Sénior - F/H	-	in-progress	2026-09-29T01:16:33.376Z	fm-2026-09-29-a	
https://www.free-work.com/fr/tech-it/ingenieur-devops-cloud/job-mission/cloud-devops-senior-f-h	https://www.free-work.com/fr/tech-it/ingenieur-devops-cloud/job-mission/cloud-devops-senior-f-h	AVANISTA	Cloud DevOps Sénior - F/H	-	submitted	2026-09-29T01:19:35.678Z	fm-2026-09-29-a	Votre candidature a été envoyée avec succès.
https://www.hellowork.com/fr-fr/emplois/83675023.html	https://www.hellowork.com/fr-fr/emplois/83675023.html	Aqemia	Sre H/F	-	in-progress	2026-09-29T01:19:55.668Z	fm-2026-09-29-a	
https://www.hellowork.com/fr-fr/emplois/83675023.html	https://www.hellowork.com/fr-fr/emplois/83675023.html	Aqemia	Sre H/F	-	submitted	2026-09-29T01:23:57.184Z	fm-2026-09-29-a	Application submitted!
https://www.free-work.com/fr/tech-it/ingenieur-devops-cloud/job-mission/developpeur-power-bi-ingenieur-finops-cloud-ia	https://www.free-work.com/fr/tech-it/ingenieur-devops-cloud/job-mission/developpeur-power-bi-ingenieur-finops-cloud-ia	KEONI CONSULTING	Développeur Power BI / Ingénieur FinOps , Cloud & IA	-	in-progress	2026-09-29T01:24:14.253Z	fm-2026-09-29-a	
https://www.free-work.com/fr/tech-it/ingenieur-devops-cloud/job-mission/developpeur-power-bi-ingenieur-finops-cloud-ia	https://www.free-work.com/fr/tech-it/ingenieur-devops-cloud/job-mission/developpeur-power-bi-ingenieur-finops-cloud-ia	KEONI CONSULTING	Développeur Power BI / Ingénieur FinOps , Cloud & IA	-	submitted	2026-09-29T01:26:28.101Z	fm-2026-09-29-a	Ça y est, vous avez postulé.. Votre candidature a été envoyée avec succès.
https://www.hellowork.com/fr-fr/emplois/83621289.html	https://www.hellowork.com/fr-fr/emplois/83621289.html	Klanik	Architecte Infrastructure Hybride H/F	-	in-progress	2026-09-29T01:26:47.254Z	fm-2026-09-29-a	
https://www.hellowork.com/fr-fr/emplois/83621289.html	https://www.hellowork.com/fr-fr/emplois/83621289.html	Klanik	Architecte Infrastructure Hybride H/F	-	submitted	2026-09-29T01:30:11.091Z	fm-2026-09-29-a	Félicitations ! Votre candidature au poste de Architecte Infrastructure Hybride H/F va être transmise à Klanik.
https://www.hellowork.com/fr-fr/emplois/83624202.html	https://www.hellowork.com/fr-fr/emplois/83624202.html	Groupe Créative	Data Engineer Gcp H/F	-	in-progress	2026-09-29T01:30:40.325Z	fm-2026-09-29-a	
https://www.hellowork.com/fr-fr/emplois/83624202.html	https://www.hellowork.com/fr-fr/emplois/83624202.html	Groupe Créative	Data Engineer Gcp H/F	-	submitted	2026-09-29T01:34:31.882Z	fm-2026-09-29-a	Félicitations ! Votre candidature au poste de Data Engineer Gcp H/F va être transmise à Groupe Créative.
https://www.hellowork.com/fr-fr/emplois/83627287.html	https://www.hellowork.com/fr-fr/emplois/83627287.html	Egis Groupe	Ingénieur Expérimenté en Intégration et Validation de Systèmes de Contrôle du Trafic Aérien H/F	-	in-progress	2026-09-29T01:34:53.300Z	fm-2026-09-29-a	
https://www.hellowork.com/fr-fr/emplois/83627287.html	https://www.hellowork.com/fr-fr/emplois/83627287.html	Egis Groupe	Ingénieur Expérimenté en Intégration et Validation de Systèmes de Contrôle du Trafic Aérien H/F	-	submitted	2026-09-29T01:38:32.506Z	fm-2026-09-29-a	Félicitations ! Votre candidature au poste de Ingénieur Expérimenté en Intégration et Validation de Systèmes de Contrôle du Trafic Aérien H/F va être transmise à Egis Groupe.
https://www.hellowork.com/fr-fr/emplois/82983468.html	https://www.hellowork.com/fr-fr/emplois/82983468.html?utm_campaign=staffing+-+apec+-+informatique&utm_content=fluxapec&utm_medium=metamoteurs-free&utm_source=apec&utm_term=82983468	Hellowork	Cloud Developer F/H	-	in-progress	2026-09-29T01:39:01.133Z	fm-2026-09-29-a	
https://www.hellowork.com/fr-fr/emplois/82983468.html	https://www.hellowork.com/fr-fr/emplois/82983468.html?utm_campaign=staffing+-+apec+-+informatique&utm_content=fluxapec&utm_medium=metamoteurs-free&utm_source=apec&utm_term=82983468	Hellowork	Cloud Developer F/H	-	submitted	2026-09-29T01:43:09.747Z	fm-2026-09-29-a	Félicitations ! Votre candidature au poste de Cloud Developer H/F va être transmise à Devoteam France.
https://www.free-work.com/fr/tech-it/lead-developer/job-mission/tech-lead-back-end-spatial-h-f-10	https://www.free-work.com/fr/tech-it/lead-developer/job-mission/tech-lead-back-end-spatial-h-f-10	VIVERIS	Tech lead Back-end - Spatial H/F	-	in-progress	2026-09-29T01:43:27.186Z	fm-2026-09-29-a	
https://www.free-work.com/fr/tech-it/lead-developer/job-mission/tech-lead-back-end-spatial-h-f-10	https://www.free-work.com/fr/tech-it/lead-developer/job-mission/tech-lead-back-end-spatial-h-f-10	VIVERIS	Tech lead Back-end - Spatial H/F	-	submitted	2026-09-29T01:45:23.536Z	fm-2026-09-29-a	Vous avez postulé à cette offre le 29/09/2026
https://www.free-work.com/fr/tech-it/developpeur-python/job-mission/architecte-logiciel-python-confirme-h-f-1	https://www.free-work.com/fr/tech-it/developpeur-python/job-mission/architecte-logiciel-python-confirme-h-f-1	VIVERIS	Architecte logiciel Python confirmé H/F	-	in-progress	2026-09-29T01:45:49.822Z	fm-2026-09-29-a	
https://www.free-work.com/fr/tech-it/developpeur-python/job-mission/architecte-logiciel-python-confirme-h-f-1	https://www.free-work.com/fr/tech-it/developpeur-python/job-mission/architecte-logiciel-python-confirme-h-f-1	VIVERIS	Architecte logiciel Python confirmé H/F	-	submitted	2026-09-29T01:49:15.446Z	fm-2026-09-29-a	Vous avez postulé à cette offre le 29/09/2026
https://www.hellowork.com/fr-fr/emplois/81534706.html	https://www.hellowork.com/fr-fr/emplois/81534706.html	Devoteam France	Ingénieur Observabilité - Sre H/F	-	in-progress	2026-09-29T01:49:36.482Z	fm-2026-09-29-a	
https://www.hellowork.com/fr-fr/emplois/81534706.html	https://www.hellowork.com/fr-fr/emplois/81534706.html	Devoteam France	Ingénieur Observabilité - Sre H/F	-	submitted	2026-09-29T01:53:14.050Z	fm-2026-09-29-a	Félicitations ! Votre candidature au poste de Ingénieur Observabilité - Sre H/F va être transmise à Devoteam France.
https://www.hellowork.com/fr-fr/emplois/79230815.html	https://www.hellowork.com/fr-fr/emplois/79230815.html	Seenovate	Architecte Data Platform H/F	-	in-progress	2026-09-29T01:53:30.961Z	fm-2026-09-29-a	
https://www.hellowork.com/fr-fr/emplois/79230815.html	https://www.hellowork.com/fr-fr/emplois/79230815.html	Seenovate	Architecte Data Platform H/F	-	submitted	2026-09-29T01:57:27.575Z	fm-2026-09-29-a	Félicitations ! Votre candidature au poste de Architecte Data Platform H/F va être transmise à Seenovate.
https://www.welcometothejungle.com/en/companies/mistral-ai/jobs/applied-ai-engineer-ml-infrastructure-engineer-devops-emea_paris	https://www.welcometothejungle.com/en/companies/mistral-ai/jobs/applied-ai-engineer-ml-infrastructure-engineer-devops-emea_paris	Mistral Ai	Applied AI Engineer, ML Infrastructure Engineer / Devops - EMEA	-	in-progress	2026-09-29T01:57:47.707Z	fm-2026-09-29-a	
https://www.welcometothejungle.com/en/companies/mistral-ai/jobs/applied-ai-engineer-ml-infrastructure-engineer-devops-emea_paris	https://www.welcometothejungle.com/en/companies/mistral-ai/jobs/applied-ai-engineer-ml-infrastructure-engineer-devops-emea_paris	Mistral Ai	Applied AI Engineer, ML Infrastructure Engineer / Devops - EMEA	-	submitted	2026-09-29T02:05:24.809Z	fm-2026-09-29-a	Your application has been sent. You can track it in your Application tracking space.
https://www.welcometothejungle.com/en/companies/mistral-ai/jobs/research-engineer-data-infrastructure_paris_MA_r0P9a01	https://www.welcometothejungle.com/en/companies/mistral-ai/jobs/research-engineer-data-infrastructure_paris_MA_r0P9a01	Mistral Ai	Research Engineer, Data Infrastructure	-	in-progress	2026-09-29T02:05:59.019Z	fm-2026-09-29-a	
https://www.welcometothejungle.com/en/companies/mistral-ai/jobs/research-engineer-data-infrastructure_paris_MA_r0P9a01	https://www.welcometothejungle.com/en/companies/mistral-ai/jobs/research-engineer-data-infrastructure_paris_MA_r0P9a01	Mistral Ai	Research Engineer, Data Infrastructure	-	submitted	2026-09-29T02:10:07.885Z	fm-2026-09-29-a	Your application has been sent You can track it in your Application tracking space.
https://www.hellowork.com/fr-fr/emplois/77298880.html	https://www.hellowork.com/fr-fr/emplois/77298880.html	Cabinet EKINOX	Data Engineer H/F	-	in-progress	2026-09-29T02:10:38.543Z	fm-2026-09-29-a	
https://www.hellowork.com/fr-fr/emplois/77298880.html	https://www.hellowork.com/fr-fr/emplois/77298880.html	Cabinet EKINOX	Data Engineer H/F	-	submitted	2026-09-29T02:16:00.704Z	fm-2026-09-29-a	Félicitations ! Votre candidature au poste de Data Engineer H/F va être transmise à Cabinet EKINOX.
https://www.free-work.com/fr/tech-it/developpeur-python/job-mission/developpeur-backend-python-gcp-experimente-h-f	https://www.free-work.com/fr/tech-it/developpeur-python/job-mission/developpeur-backend-python-gcp-experimente-h-f	Amontech	Développeur Backend Python / GCP expérimenté – H/F	-	in-progress	2026-09-29T02:16:26.483Z	fm-2026-09-29-a	
https://www.free-work.com/fr/tech-it/developpeur-python/job-mission/developpeur-backend-python-gcp-experimente-h-f	https://www.free-work.com/fr/tech-it/developpeur-python/job-mission/developpeur-backend-python-gcp-experimente-h-f	Amontech	Développeur Backend Python / GCP expérimenté – H/F	-	submitted	2026-09-29T02:18:36.701Z	fm-2026-09-29-a	Votre candidature a été envoyée avec succès.
https://www.welcometothejungle.com/en/companies/blablacar/jobs/confirmed-backend-engineer-care_paris_BLABL_GRR2dA0	https://www.welcometothejungle.com/en/companies/blablacar/jobs/confirmed-backend-engineer-care_paris_BLABL_GRR2dA0	BlaBlaCar	Confirmed Backend Engineer - Care	-	in-progress	2026-09-29T02:18:56.864Z	fm-2026-09-29-a	
https://www.welcometothejungle.com/en/companies/blablacar/jobs/confirmed-backend-engineer-care_paris_BLABL_GRR2dA0	https://www.welcometothejungle.com/en/companies/blablacar/jobs/confirmed-backend-engineer-care_paris_BLABL_GRR2dA0	BlaBlaCar	Confirmed Backend Engineer - Care	-	submitted	2026-09-29T02:21:22.337Z	fm-2026-09-29-a	Application submitted!
https://www.hellowork.com/fr-fr/emplois/81625990.html	https://www.hellowork.com/fr-fr/emplois/81625990.html	AIS	Ingénieur Cybersécurité - Devsecops H/F	-	in-progress	2026-09-29T02:21:46.807Z	fm-2026-09-29-a	
https://www.hellowork.com/fr-fr/emplois/81625990.html	https://www.hellowork.com/fr-fr/emplois/81625990.html	AIS	Ingénieur Cybersécurité - Devsecops H/F	-	submitted	2026-09-29T02:24:55.262Z	fm-2026-09-29-a	Félicitations ! Votre candidature au poste de Ingénieur Cybersécurité - Devsecops H/F va être transmise à AIS.
https://www.hellowork.com/fr-fr/emplois/76924256.html	https://www.hellowork.com/fr-fr/emplois/76924256.html	Groupe SII	Data Engineer Senior H/F	-	in-progress	2026-09-29T02:25:20.497Z	fm-2026-09-29-a	
https://www.hellowork.com/fr-fr/emplois/76924256.html	https://www.hellowork.com/fr-fr/emplois/76924256.html	Groupe SII	Data Engineer Senior H/F	-	submitted	2026-09-29T02:30:54.547Z	fm-2026-09-29-a	Félicitations ! Votre candidature au poste de Data Engineer Senior H/F va être transmise à Groupe SII.
https://www.free-work.com/fr/tech-it/data-engineer/job-mission/data-engineer-gcp-projet-datops-2	https://www.free-work.com/fr/tech-it/data-engineer/job-mission/data-engineer-gcp-projet-datops-2	KEONI CONSULTING	Data engineer GCP - Projet Datops	-	in-progress	2026-09-29T02:31:15.543Z	fm-2026-09-29-a	
https://www.free-work.com/fr/tech-it/data-engineer/job-mission/data-engineer-gcp-projet-datops-2	https://www.free-work.com/fr/tech-it/data-engineer/job-mission/data-engineer-gcp-projet-datops-2	KEONI CONSULTING	Data engineer GCP - Projet Datops	-	submitted	2026-09-29T02:33:27.898Z	fm-2026-09-29-a	Votre candidature a été envoyée avec succès.
https://www.hellowork.com/fr-fr/emplois/77221959.html	https://www.hellowork.com/fr-fr/emplois/77221959.html	Joko	Growth Software Engineer H/F	-	in-progress	2026-09-29T02:33:53.600Z	fm-2026-09-29-a	
https://www.hellowork.com/fr-fr/emplois/77221959.html	https://www.hellowork.com/fr-fr/emplois/77221959.html	Joko	Growth Software Engineer H/F	-	submitted	2026-09-29T02:41:17.152Z	fm-2026-09-29-a	Your application was successfully submitted. We'll contact you as soon as possible.
https://www.hellowork.com/fr-fr/emplois/77221959.html	https://www.hellowork.com/fr-fr/emplois/77221959.html	Joko	Growth Software Engineer H/F	-	submitted	2026-09-29T02:41:26.445Z	fm-2026-09-29-a	Successfully submitted on Ashby ATS
https://www.hellowork.com/fr-fr/emplois/83797374.html	https://www.hellowork.com/fr-fr/emplois/83797374.html	D-Edge Hospitality Solutions	Backend Software Engineer Golang M - F - Nb - Toulouse H/F	-	in-progress	2026-09-29T02:41:47.809Z	fm-2026-09-29-a	
https://www.hellowork.com/fr-fr/emplois/83797374.html	https://www.hellowork.com/fr-fr/emplois/83797374.html	D-Edge Hospitality Solutions	Backend Software Engineer Golang M - F - Nb - Toulouse H/F	-	errored	2026-09-29T02:49:31.224Z	fm-2026-09-29-a	agy ran out of quota mid-job; handing to sonnet
https://www.hellowork.com/fr-fr/emplois/83797374.html	https://www.hellowork.com/fr-fr/emplois/83797374.html	D-Edge Hospitality Solutions	Backend Software Engineer Golang M - F - Nb - Toulouse H/F	-	in-progress	2026-09-29T02:49:48.356Z	fm-2026-09-29-a	reclaimed after errored
https://www.hellowork.com/fr-fr/emplois/83797374.html	https://www.hellowork.com/fr-fr/emplois/83797374.html	D-Edge Hospitality Solutions	Backend Software Engineer Golang M - F - Nb - Toulouse H/F	-	validation-failed	2026-09-29T02:52:28.926Z	fm-2026-09-29-a	Mandatory Golang-years screening question (Less than 3 / 3-5 / 6-9 / 10+ years, no zero option) has no truthful answer: cv.md has zero Go/Golang experience documented. Closed form without filling/submitting.
https://www.hellowork.com/fr-fr/emplois/82745790.html	https://www.hellowork.com/fr-fr/emplois/82745790.html	Proxiel	- Ingénieur de Production DevOps H/F	-	in-progress	2026-09-29T02:52:42.220Z	fm-2026-09-29-a	
https://www.hellowork.com/fr-fr/emplois/82745790.html	https://www.hellowork.com/fr-fr/emplois/82745790.html	Proxiel	- Ingénieur de Production DevOps H/F	-	submitted	2026-09-29T02:53:46.020Z	fm-2026-09-29-a	Félicitations ! Votre candidature au poste de - Ingénieur de Production DevOps H/F va être transmise à Proxiel.
https://www.hellowork.com/fr-fr/emplois/65781938.html	https://www.hellowork.com/fr-fr/emplois/65781938.html	Sopra Steria	Big Data Engineer - Services Financiers - Ile de France H/F	-	in-progress	2026-09-29T02:53:59.580Z	fm-2026-09-29-a	
https://www.hellowork.com/fr-fr/emplois/65781938.html	https://www.hellowork.com/fr-fr/emplois/65781938.html	Sopra Steria	Big Data Engineer - Services Financiers - Ile de France H/F	-	submitted	2026-09-29T02:55:10.892Z	fm-2026-09-29-a	Hellowork: Félicitations ! Votre candidature au poste de Big Data Engineer - Services Financiers - Ile de France H/F va être transmise à Sopra Steria.
https://www.hellowork.com/fr-fr/emplois/79403942.html	https://www.hellowork.com/fr-fr/emplois/79403942.html	Assystem	Ingénieur Machine Learning - MLOps H/F	-	in-progress	2026-09-29T02:55:24.318Z	fm-2026-09-29-a	
https://www.hellowork.com/fr-fr/emplois/79403942.html	https://www.hellowork.com/fr-fr/emplois/79403942.html	Assystem	Ingénieur Machine Learning - MLOps H/F	-	submitted	2026-09-29T02:57:49.614Z	fm-2026-09-29-a	Hellowork: after submit, Mes candidatures lists 'Ingénieur Machine Learning - MLOps H/F Assystem ... Envoyée le 29 septembre'; page redirected to bounce/cv?origin=ResponseOffer
https://www.jobposting.pro/emploi-2708157-120	https://www.jobposting.pro/emploi-2708157-120	SCC France	Ingénieur intégration Linux/Kubernetes (H/F)	-	in-progress	2026-09-29T02:58:03.455Z	fm-2026-09-29-a	
https://www.jobposting.pro/emploi-2708157-120	https://www.jobposting.pro/emploi-2708157-120	SCC France	Ingénieur intégration Linux/Kubernetes (H/F)	-	submitted	2026-09-29T02:58:42.578Z	fm-2026-09-29-a	Candidature bien reçue; then: Votre candidature est maintenant complète.
https://www.jobposting.pro/emploi-2708179-120	https://www.jobposting.pro/emploi-2708179-120	SCC	Expert Cloud GCP (H/F)	-	in-progress	2026-09-29T02:58:55.066Z	fm-2026-09-29-a	
https://www.jobposting.pro/emploi-2708179-120	https://www.jobposting.pro/emploi-2708179-120	SCC	Expert Cloud GCP (H/F)	-	submitted	2026-09-29T02:59:48.061Z	fm-2026-09-29-a	Candidature bien reçue ! ... Merci ! Nous vous confirmons la bonne prise en compte de vos informations. Votre candidature est maintenant complète.
https://www.hellowork.com/fr-fr/emplois/83775972.html	https://www.hellowork.com/fr-fr/emplois/83775972.html	Randstad Digital	Intégration Système et Logiciel - DevOps H/F	-	in-progress	2026-09-29T03:00:01.837Z	fm-2026-09-29-a	
https://www.hellowork.com/fr-fr/emplois/83775972.html	https://www.hellowork.com/fr-fr/emplois/83775972.html	Randstad Digital	Intégration Système et Logiciel - DevOps H/F	-	submitted	2026-09-29T03:02:08.986Z	fm-2026-09-29-a	randstaddigital.fr form: 'merci, votre candidature est bien reçue! Votre candidature a été envoyée avec succès.'
https://www.hellowork.com/fr-fr/emplois/82642618.html	https://www.hellowork.com/fr-fr/emplois/82642618.html	SCC	Référent Finops H/F	-	in-progress	2026-09-29T03:02:23.369Z	fm-2026-09-29-a	
https://www.hellowork.com/fr-fr/emplois/82642618.html	https://www.hellowork.com/fr-fr/emplois/82642618.html	SCC	Référent Finops H/F	-	errored	2026-09-29T03:05:48.864Z	fm-2026-09-29-a	Hellowork: form filled (CV, message), phone step accepted 0753377823 and Postuler clicked, but no confirmation text, no email, and SCC absent from Mes candidatures (checked 03:05). Not resubmitted.
https://www.welcometothejungle.com/en/companies/aphp/jobs/ingenieur-devops-sre-cloud-f-h_paris	https://www.welcometothejungle.com/en/companies/aphp/jobs/ingenieur-devops-sre-cloud-f-h_paris	AP-HP - Direction des Services Numériques (DSN)	Ingénieur DevOps / SRE & Cloud F/H	-	in-progress	2026-09-29T03:06:02.180Z	fm-2026-09-29-a	
https://www.welcometothejungle.com/en/companies/aphp/jobs/ingenieur-devops-sre-cloud-f-h_paris	https://www.welcometothejungle.com/en/companies/aphp/jobs/ingenieur-devops-sre-cloud-f-h_paris	AP-HP - Direction des Services Numériques (DSN)	Ingénieur DevOps / SRE & Cloud F/H	-	validation-failed	2026-09-29T03:07:45.300Z	fm-2026-09-29-a	Required RQTH (disability) dropdown on recrutement.aphp.fr offers only Oui/Non; profile policy is to decline health data, so not answered; nothing submitted. Also CDD-only (24 months).
https://www.hellowork.com/fr-fr/emplois/82663741.html	https://www.hellowork.com/fr-fr/emplois/82663741.html	Astek	Ingénieur MLOps - Île-De-France H/F	-	in-progress	2026-09-29T03:07:56.875Z	fm-2026-09-29-a	
https://www.hellowork.com/fr-fr/emplois/82663741.html	https://www.hellowork.com/fr-fr/emplois/82663741.html	Astek	Ingénieur MLOps - Île-De-France H/F	-	submitted	2026-09-29T03:09:54.996Z	fm-2026-09-29-a	Votre candidature a bien été déposée (application_success=1, recruiter form hwjobs2.wpenginepowered.com/poste/9830)
https://www.free-work.com/fr/tech-it/ingenieur-devops-cloud/job-mission/ingenieur-devops-openstack-11	https://www.free-work.com/fr/tech-it/ingenieur-devops-cloud/job-mission/ingenieur-devops-openstack-11	Etixway	Ingénieur DevOps OpenStack	-	in-progress	2026-09-29T03:10:06.588Z	fm-2026-09-29-a	
https://www.free-work.com/fr/tech-it/ingenieur-devops-cloud/job-mission/ingenieur-devops-openstack-11	https://www.free-work.com/fr/tech-it/ingenieur-devops-cloud/job-mission/ingenieur-devops-openstack-11	Etixway	Ingénieur DevOps OpenStack	-	submitted	2026-09-29T03:10:52.640Z	fm-2026-09-29-a	Free-Work own form, signed in. After submit: 'Vous avez postulé à cette offre le 29/09/2026' + popup 'Ça y est, vous avez postulé..'
https://www.free-work.com/fr/tech-it/architecte-technique/job-mission/architecte-technique-aws-h-f-1	https://www.free-work.com/fr/tech-it/architecte-technique/job-mission/architecte-technique-aws-h-f-1	Savane Consulting	ARCHITECTE TECHNIQUE AWS H/F	-	in-progress	2026-09-29T03:11:06.639Z	fm-2026-09-29-a	
https://www.free-work.com/fr/tech-it/architecte-technique/job-mission/architecte-technique-aws-h-f-1	https://www.free-work.com/fr/tech-it/architecte-technique/job-mission/architecte-technique-aws-h-f-1	Savane Consulting	ARCHITECTE TECHNIQUE AWS H/F	-	submitted	2026-09-29T03:12:07.652Z	fm-2026-09-29-a	Free-Work own form, already signed in. Page said: Votre candidature a été envoyée avec succès.
https://www.free-work.com/fr/tech-it/data-engineer/job-mission/data-engineer-senior-expert-aws-spark-dbt-iceberg-h-f	https://www.free-work.com/fr/tech-it/data-engineer/job-mission/data-engineer-senior-expert-aws-spark-dbt-iceberg-h-f	ASAP TECHNOLOGIES	Data Engineer Senior / Expert – AWS, Spark, DBT & Iceberg – H/F	-	in-progress	2026-09-29T03:12:22.681Z	fm-2026-09-29-a	
https://www.free-work.com/fr/tech-it/data-engineer/job-mission/data-engineer-senior-expert-aws-spark-dbt-iceberg-h-f	https://www.free-work.com/fr/tech-it/data-engineer/job-mission/data-engineer-senior-expert-aws-spark-dbt-iceberg-h-f	ASAP TECHNOLOGIES	Data Engineer Senior / Expert – AWS, Spark, DBT & Iceberg – H/F	-	submitted	2026-09-29T03:13:07.924Z	fm-2026-09-29-a	Free-Work page after submit: 'Vous avez postulé à cette offre le 29/09/2026'
https://www.free-work.com/fr/tech-it/administrateur-securite/job-mission/expert-securite-openshift-micro-segmentation-n4	https://www.free-work.com/fr/tech-it/administrateur-securite/job-mission/expert-securite-openshift-micro-segmentation-n4	KEONI CONSULTING	Expert Sécurité OpenShift / Micro-Segmentation -N4	-	in-progress	2026-09-29T03:13:20.085Z	fm-2026-09-29-a	
https://www.free-work.com/fr/tech-it/administrateur-securite/job-mission/expert-securite-openshift-micro-segmentation-n4	https://www.free-work.com/fr/tech-it/administrateur-securite/job-mission/expert-securite-openshift-micro-segmentation-n4	KEONI CONSULTING	Expert Sécurité OpenShift / Micro-Segmentation -N4	-	submitted	2026-09-29T03:14:12.390Z	fm-2026-09-29-a	Free-Work form: 'Envoyé Votre candidature a été envoyée avec succès.' Answered NON to OpenShift/LB experience and NON to salary (honest)
https://www.hellowork.com/fr-fr/emplois/80522936.html	https://www.hellowork.com/fr-fr/emplois/80522936.html	CCL CONSULTING	Ingénieur DevOps & Cloud H/F	-	in-progress	2026-09-29T03:14:23.623Z	fm-2026-09-29-a	
https://www.hellowork.com/fr-fr/emplois/80522936.html	https://www.hellowork.com/fr-fr/emplois/80522936.html	CCL CONSULTING	Ingénieur DevOps & Cloud H/F	-	submitted	2026-09-29T03:15:21.375Z	fm-2026-09-29-a	Hellowork confirmation: Félicitations ! Votre candidature au poste de Ingénieur DevOps & Cloud H/F va être transmise à CCL CONSULTING.
https://www.hellowork.com/fr-fr/emplois/77230748.html	https://www.hellowork.com/fr-fr/emplois/77230748.html	Astek	Ingénieur DevOps - Paris H/F	-	in-progress	2026-09-29T03:15:33.717Z	fm-2026-09-29-a	
https://www.hellowork.com/fr-fr/emplois/77230748.html	https://www.hellowork.com/fr-fr/emplois/77230748.html	Astek	Ingénieur DevOps - Paris H/F	-	submitted	2026-09-29T03:17:36.527Z	fm-2026-09-29-a	Hellowork redirects to Astek form (hwjobs2.wpenginepowered.com/poste/7635/); page text after submit: 'Votre candidature a bien été déposée' (?application_success=1)
https://www.hellowork.com/fr-fr/emplois/80527759.html	https://www.hellowork.com/fr-fr/emplois/80527759.html	CCL CONSULTING	Ingénieur MLOps-IA H/F	-	in-progress	2026-09-29T03:17:48.146Z	fm-2026-09-29-a	
https://www.hellowork.com/fr-fr/emplois/80527759.html	https://www.hellowork.com/fr-fr/emplois/80527759.html	CCL CONSULTING	Ingénieur MLOps-IA H/F	-	submitted	2026-09-29T03:18:52.620Z	fm-2026-09-29-a	Hellowork: 'Félicitations ! Votre candidature au poste de Ingénieur MLOps-IA H/F va être transmise à CCL CONSULTING.'
https://careers.cegedim.com/fr/annonce/4615271-data-engineer-senior-hf-boulogne-billancourt-92100-boulogne-billancourt?s_b=DigitalRecruiters&s_o=France+Travail	https://careers.cegedim.com/fr/annonce/4615271-data-engineer-senior-hf-boulogne-billancourt-92100-boulogne-billancourt?s_o=France+Travail&s_b=DigitalRecruiters	Cegedim	Cegedim - Data engineer (H/F)	-	in-progress	2026-09-29T03:19:04.478Z	fm-2026-09-29-a	
https://careers.cegedim.com/fr/annonce/4615271-data-engineer-senior-hf-boulogne-billancourt-92100-boulogne-billancourt?s_b=DigitalRecruiters&s_o=France+Travail	https://careers.cegedim.com/fr/annonce/4615271-data-engineer-senior-hf-boulogne-billancourt-92100-boulogne-billancourt?s_o=France+Travail&s_b=DigitalRecruiters	Cegedim	Cegedim - Data engineer (H/F)	-	submitted	2026-09-29T03:20:48.383Z	fm-2026-09-29-a	Page said: Votre candidature a été envoyée avec succès ! Vous recevrez d'ici peu un email de confirmation
https://www.cadremploi.fr/emploi/detail_offre?offreId=156549927846980099&provenance=apec	https://www.cadremploi.fr/emploi/detail_offre?offreId=156549927846980099&provenance=apec&utm_source=apec&utm_medium=flux&utm_campaign=apec_agregateur__flux_offres	cadremploi	Architecte Cloud AWS – HPC, IA & Systèmes distribués F/H	-	in-progress	2026-09-29T03:21:13.421Z	fm-2026-09-29-a	
https://www.cadremploi.fr/emploi/detail_offre?offreId=156549927846980099&provenance=apec	https://www.cadremploi.fr/emploi/detail_offre?offreId=156549927846980099&provenance=apec&utm_source=apec&utm_medium=flux&utm_campaign=apec_agregateur__flux_offres	cadremploi	Architecte Cloud AWS – HPC, IA & Systèmes distribués F/H	-	submitted	2026-09-29T03:23:28.510Z	fm-2026-09-29-a	Applied via aneo.recruitee.com (Cadremploi redirect). Page after submit: C'est fait ! Votre candidature a été envoyée avec succès !
https://www.free-work.com/fr/tech-it/ingenieur-devops-cloud/job-mission/ingenieur-cloud-devops-gcp-landing-zone-python	https://www.free-work.com/fr/tech-it/ingenieur-devops-cloud/job-mission/ingenieur-cloud-devops-gcp-landing-zone-python	BEEZEN	Ingénieur Cloud DevOps GCP – Landing Zone / Python	-	in-progress	2026-09-29T03:23:43.583Z	fm-2026-09-29-a	
https://www.free-work.com/fr/tech-it/ingenieur-devops-cloud/job-mission/ingenieur-cloud-devops-gcp-landing-zone-python	https://www.free-work.com/fr/tech-it/ingenieur-devops-cloud/job-mission/ingenieur-cloud-devops-gcp-landing-zone-python	BEEZEN	Ingénieur Cloud DevOps GCP – Landing Zone / Python	-	submitted	2026-09-29T03:24:37.100Z	fm-2026-09-29-a	After Je postule the apply form disappeared and the offer status tracker showed 'Statut de l'offre: Publication, CV envoyé, Profil consulté, Confirmé'. No explicit thank-you text.
https://www.welcometothejungle.com/en/companies/cgi/jobs/data-engineer-splunk-f-h_toulouse_CGI_aZbWjkr	https://www.welcometothejungle.com/en/companies/cgi/jobs/data-engineer-splunk-f-h_toulouse_CGI_aZbWjkr	CGI	Data Engineer Splunk F/H	-	in-progress	2026-09-29T03:24:50.602Z	fm-2026-09-29-a	
https://www.welcometothejungle.com/en/companies/cgi/jobs/data-engineer-splunk-f-h_toulouse_CGI_aZbWjkr	https://www.welcometothejungle.com/en/companies/cgi/jobs/data-engineer-splunk-f-h_toulouse_CGI_aZbWjkr	CGI	Data Engineer Splunk F/H	-	submitted	2026-09-29T03:27:45.771Z	fm-2026-09-29-a	Confirmation on cgi.njoyn.com: 'Your application for J1125-2200 - Data Engineer Splunk F/H has been submitted successfully.'
https://www.hellowork.com/fr-fr/emplois/81607455.html	https://www.hellowork.com/fr-fr/emplois/81607455.html	Open	Tech Lead Data Science - MLOps H/F	-	in-progress	2026-09-29T03:28:00.180Z	fm-2026-09-29-a	
https://www.hellowork.com/fr-fr/emplois/81607455.html	https://www.hellowork.com/fr-fr/emplois/81607455.html	Open	Tech Lead Data Science - MLOps H/F	-	submitted	2026-09-29T03:29:09.028Z	fm-2026-09-29-a	Hellowork confirmation: Félicitations ! Votre candidature au poste de Tech Lead Data Science - MLOps H/F va être transmise à Open.
https://www.jobposting.pro/emploi-2706208-120	https://www.jobposting.pro/emploi-2706208-120	KLANIK	Data Architect / Tech Lead Data Engineering (H/F)	-	in-progress	2026-09-29T03:29:23.958Z	fm-2026-09-29-a	
https://www.jobposting.pro/emploi-2706208-120	https://www.jobposting.pro/emploi-2706208-120	KLANIK	Data Architect / Tech Lead Data Engineering (H/F)	-	submitted	2026-09-29T03:30:25.428Z	fm-2026-09-29-a	Confirmation: 'Candidature bien reçue !' then profile form sent, page title 'Candidature complétée'
https://www.jobposting.pro/emploi-2704871-113	https://www.jobposting.pro/emploi-2704871-113#postuler	PMEJOB	Architecte Infrastructure Hybride F/H	-	in-progress	2026-09-29T03:30:37.163Z	fm-2026-09-29-a	
https://www.jobposting.pro/emploi-2704871-113	https://www.jobposting.pro/emploi-2704871-113#postuler	PMEJOB	Architecte Infrastructure Hybride F/H	-	already-applied	2026-09-29T03:31:10.606Z	fm-2026-09-29-a	Form sent; site replied 'Candidature bien réceptionnée: nous avons déjà bien réceptionné une candidature de votre part pour cette offre'. Same KLANIK role was already submitted via HelloWork earlier today.
https://www.jobposting.pro/emploi-2705860-113	https://www.jobposting.pro/emploi-2705860-113#postuler	SOHOFT	Data Engineer Skywise F/H	-	in-progress	2026-09-29T03:31:44.699Z	fm-2026-09-29-a	
https://www.jobposting.pro/emploi-2705860-113	https://www.jobposting.pro/emploi-2705860-113#postuler	SOHOFT	Data Engineer Skywise F/H	-	submitted	2026-09-29T03:32:33.834Z	fm-2026-09-29-a	Confirmation: 'Candidature bien reçue !'; profile step completed, page title 'Candidature complétée'
https://www.hellowork.com/fr-fr/emplois/83617447.html	https://www.hellowork.com/fr-fr/emplois/83617447.html	Scaleway	Senior Software Engineer - IT & Sales Tooling H/F	-	in-progress	2026-09-29T03:32:44.825Z	fm-2026-09-29-a	
https://www.hellowork.com/fr-fr/emplois/83617447.html	https://www.hellowork.com/fr-fr/emplois/83617447.html	Scaleway	Senior Software Engineer - IT & Sales Tooling H/F	-	captcha	2026-09-29T03:33:19.651Z	fm-2026-09-29-a	Hellowork only redirects to Lever (jobs.lever.co/scaleway/aafbe6cf-...); Lever is on the captcha skip list, so not attempted
https://www.hellowork.com/fr-fr/emplois/83632318.html	https://www.hellowork.com/fr-fr/emplois/83632318.html	SOPHIA ENGINEERING	Ingénieur Infrastructure H/F	-	in-progress	2026-09-29T03:33:29.865Z	fm-2026-09-29-a	reclaimed after rehearsal
https://www.hellowork.com/fr-fr/emplois/83632318.html	https://www.hellowork.com/fr-fr/emplois/83632318.html	SOPHIA ENGINEERING	Ingénieur Infrastructure H/F	-	submitted	2026-09-29T03:34:38.356Z	fm-2026-09-29-a	Page after submit: 'Félicitations ! Votre candidature au poste de Ingénieur Infrastructure H/F va être transmise à SOPHIA ENGINEERING.'
https://www.hellowork.com/fr-fr/emplois/83626091.html	https://www.hellowork.com/fr-fr/emplois/83626091.html	BOSTON STORAGE	Ingénieur Systèmes DevOps Expert Kubernetes - Openshift H/F	-	in-progress	2026-09-29T03:34:50.935Z	fm-2026-09-29-a	
https://www.hellowork.com/fr-fr/emplois/83626091.html	https://www.hellowork.com/fr-fr/emplois/83626091.html	BOSTON STORAGE	Ingénieur Systèmes DevOps Expert Kubernetes - Openshift H/F	-	submitted	2026-09-29T03:36:10.065Z	fm-2026-09-29-a	Hellowork confirmation: Félicitations ! Votre candidature au poste de Ingénieur Systèmes DevOps Expert Kubernetes - Openshift H/F va être transmise à BOSTON STORAGE.
https://www.hellowork.com/fr-fr/emplois/81535083.html	https://www.hellowork.com/fr-fr/emplois/81535083.html	Devoteam France	Cloud Data Engineer H/F	-	in-progress	2026-09-29T03:36:23.113Z	fm-2026-09-29-a	
https://www.hellowork.com/fr-fr/emplois/81535083.html	https://www.hellowork.com/fr-fr/emplois/81535083.html	Devoteam France	Cloud Data Engineer H/F	-	submitted	2026-09-29T03:37:25.998Z	fm-2026-09-29-a	Hellowork: 'Félicitations ! Votre candidature au poste de Cloud Data Engineer H/F va être transmise à Devoteam France.'
https://www.free-work.com/fr/tech-it/data-engineer/job-mission/data-engineer-h-f-806	https://www.free-work.com/fr/tech-it/data-engineer/job-mission/data-engineer-h-f-806	DAVRICOURT	Data Engineer - H/F	-	in-progress	2026-09-29T03:37:38.783Z	fm-2026-09-29-a	
https://www.free-work.com/fr/tech-it/data-engineer/job-mission/data-engineer-h-f-806	https://www.free-work.com/fr/tech-it/data-engineer/job-mission/data-engineer-h-f-806	DAVRICOURT	Data Engineer - H/F	-	submitted	2026-09-29T03:38:29.920Z	fm-2026-09-29-a	Free-Work own form, already signed in, shared CV + message. Page said: Envoyé - Votre candidature a été envoyée avec succès.
https://www.free-work.com/fr/tech-it/directeur-de-la-data-cdo/job-mission/ingenieur-data-h-f-152	https://www.free-work.com/fr/tech-it/directeur-de-la-data-cdo/job-mission/ingenieur-data-h-f-152	FED SAS	Ingénieur Data H/F	-	in-progress	2026-09-29T03:38:42.484Z	fm-2026-09-29-a	
https://www.free-work.com/fr/tech-it/directeur-de-la-data-cdo/job-mission/ingenieur-data-h-f-152	https://www.free-work.com/fr/tech-it/directeur-de-la-data-cdo/job-mission/ingenieur-data-h-f-152	FED SAS	Ingénieur Data H/F	-	submitted	2026-09-29T03:39:17.903Z	fm-2026-09-29-a	Free-Work form: Votre candidature a été envoyée avec succès.
https://www.free-work.com/fr/tech-it/ingenieur-devops-cloud/job-mission/expertise-cloud-devops-1	https://www.free-work.com/fr/tech-it/ingenieur-devops-cloud/job-mission/expertise-cloud-devops-1	VISIAN	EXPERTISE CLOUD DEVOPS	-	in-progress	2026-09-29T03:39:32.650Z	fm-2026-09-29-a	
https://www.free-work.com/fr/tech-it/ingenieur-devops-cloud/job-mission/expertise-cloud-devops-1	https://www.free-work.com/fr/tech-it/ingenieur-devops-cloud/job-mission/expertise-cloud-devops-1	VISIAN	EXPERTISE CLOUD DEVOPS	-	submitted	2026-09-29T03:40:33.855Z	fm-2026-09-29-a	Free-Work popup after Je postule: 'Ça y est, vous avez postulé..'; status tracker shows 'CV envoyé'
https://www.free-work.com/fr/tech-it/developpeur-python/job-mission/chef-de-projet-devops-python-h-f	https://www.free-work.com/fr/tech-it/developpeur-python/job-mission/chef-de-projet-devops-python-h-f	STORM GROUP	Chef de projet Devops / Python (H/F)	-	in-progress	2026-09-29T05:31:35.513Z	fm-2026-09-29-a	
https://www.free-work.com/fr/tech-it/developpeur-python/job-mission/chef-de-projet-devops-python-h-f	https://www.free-work.com/fr/tech-it/developpeur-python/job-mission/chef-de-projet-devops-python-h-f	STORM GROUP	Chef de projet Devops / Python (H/F)	-	submitted	2026-09-29T05:33:45.041Z	fm-2026-09-29-a	Envoyé Votre candidature a été envoyée avec succès.
https://www.free-work.com/fr/tech-it/data-engineer/job-mission/data-engineer-senior-morphome	https://www.free-work.com/fr/tech-it/data-engineer/job-mission/data-engineer-senior-morphome	VISIAN	Data Engineer Sénior - Morphome	-	in-progress	2026-09-29T05:34:07.302Z	fm-2026-09-29-a	
https://www.free-work.com/fr/tech-it/data-engineer/job-mission/data-engineer-senior-morphome	https://www.free-work.com/fr/tech-it/data-engineer/job-mission/data-engineer-senior-morphome	VISIAN	Data Engineer Sénior - Morphome	-	submitted	2026-09-29T05:36:23.174Z	fm-2026-09-29-a	Vous avez postulé à cette offre le 29/09/2026. Statut de l'offre: CV envoyé. Ça y est, vous avez postulé..
https://www.free-work.com/fr/tech-it/developpeur-python/job-mission/data-engineer-python-aws-apache	https://www.free-work.com/fr/tech-it/developpeur-python/job-mission/data-engineer-python-aws-apache	CHARLI GROUP	Data Engineer python AWS APACHE	-	in-progress	2026-09-29T05:36:49.640Z	fm-2026-09-29-a	
https://www.free-work.com/fr/tech-it/developpeur-python/job-mission/data-engineer-python-aws-apache	https://www.free-work.com/fr/tech-it/developpeur-python/job-mission/data-engineer-python-aws-apache	CHARLI GROUP	Data Engineer python AWS APACHE	-	submitted	2026-09-29T05:38:49.816Z	fm-2026-09-29-a	Ça y est, vous avez postulé.. Maintenant, laissez-nous vous accompagner en toute confiance.
https://www.welcometothejungle.com/en/companies/mistral-ai/jobs/cybersecurity-engineer-platform_paris	https://www.welcometothejungle.com/en/companies/mistral-ai/jobs/cybersecurity-engineer-platform_paris	Mistral Ai	CyberSecurity, Platform Security Engineer	-	in-progress	2026-09-29T05:39:22.336Z	fm-2026-09-29-a	
https://www.welcometothejungle.com/en/companies/mistral-ai/jobs/cybersecurity-engineer-platform_paris	https://www.welcometothejungle.com/en/companies/mistral-ai/jobs/cybersecurity-engineer-platform_paris	Mistral Ai	CyberSecurity, Platform Security Engineer	-	submitted	2026-09-29T05:45:20.559Z	fm-2026-09-29-a	Your application has been sent You can track it in your Application tracking space.
https://www.free-work.com/fr/tech-it/ingenieur-devops-cloud/job-mission/integrateur-devops-platform-engineer	https://www.free-work.com/fr/tech-it/ingenieur-devops-cloud/job-mission/integrateur-devops-platform-engineer	KEONI CONSULTING	Intégrateur DevOps / Platform Engineer	-	in-progress	2026-09-29T05:45:45.177Z	fm-2026-09-29-a	
https://www.free-work.com/fr/tech-it/ingenieur-devops-cloud/job-mission/integrateur-devops-platform-engineer	https://www.free-work.com/fr/tech-it/ingenieur-devops-cloud/job-mission/integrateur-devops-platform-engineer	KEONI CONSULTING	Intégrateur DevOps / Platform Engineer	-	submitted	2026-09-29T05:51:43.432Z	fm-2026-09-29-a	Vous avez postulé à cette offre le 29/09/2026
https://www.hellowork.com/fr-fr/emplois/82715067.html	https://www.hellowork.com/fr-fr/emplois/82715067.html	Numih France	Scrum Master et Développeur Full-Stack H/F	-	in-progress	2026-09-29T05:52:03.573Z	fm-2026-09-29-a	
https://www.hellowork.com/fr-fr/emplois/82715067.html	https://www.hellowork.com/fr-fr/emplois/82715067.html	Numih France	Scrum Master et Développeur Full-Stack H/F	-	submitted	2026-09-29T05:58:06.190Z	fm-2026-09-29-a	Félicitations ! Votre candidature au poste de Scrum Master et Développeur Full-Stack H/F va être transmise à Numih France.
https://www.free-work.com/fr/tech-it/developpeur-autre-langage-cobol-perl-vba-ruby-shell/job-mission/commando-python-vba-equity-76	https://www.free-work.com/fr/tech-it/developpeur-autre-langage-cobol-perl-vba-ruby-shell/job-mission/commando-python-vba-equity-76	Digistrat consulting	Commando Python VBA Equity	-	in-progress	2026-09-29T05:58:32.116Z	fm-2026-09-29-a	
https://www.free-work.com/fr/tech-it/developpeur-autre-langage-cobol-perl-vba-ruby-shell/job-mission/commando-python-vba-equity-76	https://www.free-work.com/fr/tech-it/developpeur-autre-langage-cobol-perl-vba-ruby-shell/job-mission/commando-python-vba-equity-76	Digistrat consulting	Commando Python VBA Equity	-	submitted	2026-09-29T06:04:19.946Z	fm-2026-09-29-a	Votre candidature a été envoyée avec succès.
https://www.free-work.com/fr/tech-it/ingenieur-devops-cloud/job-mission/ingenieur-systemes-kubernetes-devops-h-f-1	https://www.free-work.com/fr/tech-it/ingenieur-devops-cloud/job-mission/ingenieur-systemes-kubernetes-devops-h-f-1	DAVRICOURT	Ingénieur Systèmes Kubernetes / DevOps H/F	-	in-progress	2026-09-29T06:05:24.357Z	fm-2026-09-29-a	
https://www.free-work.com/fr/tech-it/ingenieur-devops-cloud/job-mission/ingenieur-systemes-kubernetes-devops-h-f-1	https://www.free-work.com/fr/tech-it/ingenieur-devops-cloud/job-mission/ingenieur-systemes-kubernetes-devops-h-f-1	DAVRICOURT	Ingénieur Systèmes Kubernetes / DevOps H/F	-	submitted	2026-09-29T06:08:24.468Z	fm-2026-09-29-a	Vous avez postulé à cette offre le 29/09/2026
https://www.welcometothejungle.com/en/companies/amo/jobs/saftey-fullstack-be_paris	https://www.welcometothejungle.com/en/companies/amo/jobs/saftey-fullstack-be_paris	amo	Software Engineer, Backend (Safety)	-	in-progress	2026-09-29T06:09:01.310Z	fm-2026-09-29-a	
https://www.welcometothejungle.com/en/companies/amo/jobs/saftey-fullstack-be_paris	https://www.welcometothejungle.com/en/companies/amo/jobs/saftey-fullstack-be_paris	amo	Software Engineer, Backend (Safety)	-	submitted	2026-09-29T06:12:16.496Z	fm-2026-09-29-a	Thank you for applying to amo! Our team will review your application and let you know whether or not you've been selected to continue in the interview process.
https://www.hellowork.com/fr-fr/emplois/83703319.html	https://www.hellowork.com/fr-fr/emplois/83703319.html	Odaseva	Big Data Engineer H/F	-	in-progress	2026-09-29T06:12:35.161Z	fm-2026-09-29-a	
https://www.hellowork.com/fr-fr/emplois/83703319.html	https://www.hellowork.com/fr-fr/emplois/83703319.html	Odaseva	Big Data Engineer H/F	-	submitted	2026-09-29T06:18:25.560Z	fm-2026-09-29-a	Application submitted! RETURN TO THE MAIN PAGE
https://www.hellowork.com/fr-fr/emplois/82813032.html	https://www.hellowork.com/fr-fr/emplois/82813032.html	CGI	Consultant IA Expérimenté H/F	-	in-progress	2026-09-29T21:51:27.231Z	fm-2026-09-29-b	
https://www.hellowork.com/fr-fr/emplois/82813032.html	https://www.hellowork.com/fr-fr/emplois/82813032.html	CGI	Consultant IA Expérimenté H/F	-	submitted	2026-09-29T21:54:16.082Z	fm-2026-09-29-b	Félicitations ! Votre candidature au poste de Consultant IA Expérimenté H/F va être transmise à CGI. Retrouvez l'historique de vos candidatures dans votre espace candidat.
https://www.engagement-jeunes.com/fr/detail-offre/39032116/cdi-cs-group-ingenieur-e-devops-ivvq-spatial-h-f.html	https://www.engagement-jeunes.com/fr/detail-offre/39032116/cdi-cs-group-ingenieur-e-devops-ivvq-spatial-h-f.html	Proaxian	Ingénieur(e) DevOps / IVVQ - Spatial F/H	-	in-progress	2026-09-29T21:54:36.247Z	fm-2026-09-29-b	
https://www.engagement-jeunes.com/fr/detail-offre/39032116/cdi-cs-group-ingenieur-e-devops-ivvq-spatial-h-f.html	https://www.engagement-jeunes.com/fr/detail-offre/39032116/cdi-cs-group-ingenieur-e-devops-ivvq-spatial-h-f.html	Proaxian	Ingénieur(e) DevOps / IVVQ - Spatial F/H	-	errored	2026-09-29T21:56:05.815Z	fm-2026-09-29-b	Posting on SmartRecruiters has expired (Désolé, cette offre a expiré)
https://www.engagement-jeunes.com/fr/detail-offre/39032116/cdi-cs-group-ingenieur-e-devops-ivvq-spatial-h-f.html	https://www.engagement-jeunes.com/fr/detail-offre/39032116/cdi-cs-group-ingenieur-e-devops-ivvq-spatial-h-f.html	Proaxian	Ingénieur(e) DevOps / IVVQ - Spatial F/H	-	in-progress	2026-09-29T21:56:23.959Z	fm-2026-09-29-b	reclaimed after errored
https://www.engagement-jeunes.com/fr/detail-offre/39032116/cdi-cs-group-ingenieur-e-devops-ivvq-spatial-h-f.html	https://www.engagement-jeunes.com/fr/detail-offre/39032116/cdi-cs-group-ingenieur-e-devops-ivvq-spatial-h-f.html	Proaxian	Ingénieur(e) DevOps / IVVQ - Spatial F/H	-	errored	2026-09-29T21:56:50.772Z	fm-2026-09-29-b	Posting closed: apply button on employer's SmartRecruiters page (Sopra Steria/CS Group) is disabled, text 'Désolé, cette offre a expiré'
https://www.hellowork.com/fr-fr/emplois/81612553.html	https://www.hellowork.com/fr-fr/emplois/81612553.html	Swan.io	Software Engineer - Banking Experience Team Backend Typescript H/F	-	in-progress	2026-09-29T21:57:02.438Z	fm-2026-09-29-b	
https://www.hellowork.com/fr-fr/emplois/81612553.html	https://www.hellowork.com/fr-fr/emplois/81612553.html	Swan.io	Software Engineer - Banking Experience Team Backend Typescript H/F	-	errored	2026-09-29T21:58:28.054Z	fm-2026-09-29-b	Teamtailor form fully filled; check.js kept reporting a false-positive error (CSS class field-with-errors on consent wrapper), not submitted
https://www.hellowork.com/fr-fr/emplois/71511908.html	https://www.hellowork.com/fr-fr/emplois/71511908.html	ALTEN	Backend Engineer H/F	-	in-progress	2026-09-29T21:58:40.487Z	fm-2026-09-29-b	
https://www.hellowork.com/fr-fr/emplois/71511908.html	https://www.hellowork.com/fr-fr/emplois/71511908.html	ALTEN	Backend Engineer H/F	-	submitted	2026-09-29T21:59:42.544Z	fm-2026-09-29-b	Hellowork confirmation: Félicitations ! Votre candidature au poste de Backend Engineer H/F va être transmise à ALTEN.
https://www.hellowork.com/fr-fr/emplois/74996548.html	https://www.hellowork.com/fr-fr/emplois/74996548.html	Groupe SII	Ingénieur Validation Ivv Constellation 5G H/F	-	in-progress	2026-09-29T22:00:00.642Z	fm-2026-09-29-b	
https://www.hellowork.com/fr-fr/emplois/74996548.html	https://www.hellowork.com/fr-fr/emplois/74996548.html	Groupe SII	Ingénieur Validation Ivv Constellation 5G H/F	-	submitted	2026-09-29T22:02:04.365Z	fm-2026-09-29-b	Hellowork: Félicitations ! Votre candidature au poste de Ingénieur Validation Ivv Constellation 5G H/F va être transmise à Groupe SII.
https://www.hellowork.com/fr-fr/emplois/81853933.html	https://www.hellowork.com/fr-fr/emplois/81853933.html	SIBYLONE	Développeur Big Data H/F	-	in-progress	2026-09-29T22:02:20.193Z	fm-2026-09-29-b	
https://www.hellowork.com/fr-fr/emplois/81853933.html	https://www.hellowork.com/fr-fr/emplois/81853933.html	SIBYLONE	Développeur Big Data H/F	-	errored	2026-09-29T22:06:32.694Z	fm-2026-09-29-b	Hellowork: step 1 sent, phone step clicked Postuler with 0753377823 and no confirmation text or email appeared; job page reloaded shows fresh form, not 'already applied'. Unconfirmed, not retried.
https://www.hellowork.com/fr-fr/emplois/74996567.html	https://www.hellowork.com/fr-fr/emplois/74996567.html	Groupe SII	Ingénieur Validation Ivv Fonctionnelle Payload Télécom H/F	-	in-progress	2026-09-29T22:06:47.705Z	fm-2026-09-29-b	
https://www.hellowork.com/fr-fr/emplois/74996567.html	https://www.hellowork.com/fr-fr/emplois/74996567.html	Groupe SII	Ingénieur Validation Ivv Fonctionnelle Payload Télécom H/F	-	errored	2026-09-29T22:09:57.428Z	fm-2026-09-29-b	Unconfirmed: step 2 asks phone; +33 format rejected, 0753377823 accepted without error but page stayed on phone form, no confirmation text, no Hellowork email after 2 min. Not re-clicked; check the Hellowork account.
https://www.hellowork.com/fr-fr/emplois/83872248.html	https://www.hellowork.com/fr-fr/emplois/83872248.html	AZ Conseil	Ingénieur de Production DevOps H/F	-	in-progress	2026-09-29T22:10:13.690Z	fm-2026-09-29-b	
https://www.hellowork.com/fr-fr/emplois/83872248.html	https://www.hellowork.com/fr-fr/emplois/83872248.html	AZ Conseil	Ingénieur de Production DevOps H/F	-	validation-failed	2026-09-29T22:11:08.947Z	fm-2026-09-29-b	Not submitted: check.js returned requiredEmpty 1 (hidden required field Localite, no UI, browser marks nothing invalid). Visible form was complete; stopped per the both-checks rule.
https://www.hellowork.com/fr-fr/emplois/83860606.html	https://www.hellowork.com/fr-fr/emplois/83860606.html	Devoteam France	MLOps Engineer H/F	-	in-progress	2026-09-29T22:11:24.849Z	fm-2026-09-29-b	
https://www.hellowork.com/fr-fr/emplois/83860606.html	https://www.hellowork.com/fr-fr/emplois/83860606.html	Devoteam France	MLOps Engineer H/F	-	submitted	2026-09-29T22:12:44.801Z	fm-2026-09-29-b	Hellowork confirmation: Félicitations ! Votre candidature au poste de MLOps Engineer H/F va être transmise à Devoteam France.
https://www.hellowork.com/fr-fr/emplois/81881839.html	https://www.hellowork.com/fr-fr/emplois/81881839.html	A Partners	Software Engineer Cloud H/F	-	in-progress	2026-09-29T22:13:00.765Z	fm-2026-09-29-b	
https://www.hellowork.com/fr-fr/emplois/81881839.html	https://www.hellowork.com/fr-fr/emplois/81881839.html	A Partners	Software Engineer Cloud H/F	-	submitted	2026-09-29T22:14:20.813Z	fm-2026-09-29-b	Hellowork confirmation: Félicitations ! Votre candidature au poste de Software Engineer Cloud H/F va être transmise à A Partners.
https://www.jobposting.pro/emploi-2678715-113	https://www.jobposting.pro/emploi-2678715-113#postuler	Labsoft	Consultant AMOA Contrôle aérien, ingénierie système et spécifications F/H	-	in-progress	2026-09-29T22:14:33.757Z	fm-2026-09-29-b	
https://www.jobposting.pro/emploi-2678715-113	https://www.jobposting.pro/emploi-2678715-113#postuler	Labsoft	Consultant AMOA Contrôle aérien, ingénierie système et spécifications F/H	-	submitted	2026-09-29T22:15:48.603Z	fm-2026-09-29-b	Confirmation: 'Candidature bien reçue !' then after profile form 'Votre candidature est maintenant complète.'
https://jobs.ashbyhq.com/cohere/d1ab4fbd-3271-4057-8b20-dfaad4270fa8	https://jobs.ashbyhq.com/cohere/d1ab4fbd-3271-4057-8b20-dfaad4270fa8	Cohere	Solutions Architect	-	in-progress	2026-09-29T22:16:01.972Z	fm-2026-09-29-b	
https://jobs.ashbyhq.com/cohere/d1ab4fbd-3271-4057-8b20-dfaad4270fa8	https://jobs.ashbyhq.com/cohere/d1ab4fbd-3271-4057-8b20-dfaad4270fa8	Cohere	Solutions Architect	-	errored	2026-09-29T22:16:17.041Z	fm-2026-09-29-b	stopped by the user before any form step (no Sonnet); retry later
https://www.hellowork.com/fr-fr/emplois/76066472.html	https://www.hellowork.com/fr-fr/emplois/76066472.html	Sopra Steria	Ingénieur Intégration Vérification et Validation - Spatial - Toulouse H/F	-	in-progress	2026-09-29T22:23:26.908Z	fm-2026-09-29-b	
https://www.hellowork.com/fr-fr/emplois/76066472.html	https://www.hellowork.com/fr-fr/emplois/76066472.html	Sopra Steria	Ingénieur Intégration Vérification et Validation - Spatial - Toulouse H/F	-	errored	2026-09-29T22:23:59.225Z	fm-2026-09-29-b	Browser setup failed: Playwright MCP requires missing chrome-for-testing executable instead of configured Camoufox; task forbids installing or launching another browser. No page opened or submission attempted.
https://www.hellowork.com/fr-fr/emplois/60660317.html	https://www.hellowork.com/fr-fr/emplois/60660317.html	Hardis Group	Architecte Cloud H/F	-	in-progress	2026-09-29T22:25:11.296Z	fm-2026-09-29-b	
https://www.hellowork.com/fr-fr/emplois/60660317.html	https://www.hellowork.com/fr-fr/emplois/60660317.html	Hardis Group	Architecte Cloud H/F	-	errored	2026-09-29T22:25:53.909Z	fm-2026-09-29-b	Browser MCP cannot start: configured tool requests missing chrome-for-testing executable; setup.js and navigation fail before opening any page. Task forbids installing a browser.
https://www.hellowork.com/fr-fr/emplois/81797804.html	https://www.hellowork.com/fr-fr/emplois/81797804.html	Artemys	Ingénieur Système DevOps H/F	-	in-progress	2026-09-29T22:26:46.871Z	fm-2026-09-29-b	
https://www.hellowork.com/fr-fr/emplois/81797804.html	https://www.hellowork.com/fr-fr/emplois/81797804.html	Artemys	Ingénieur Système DevOps H/F	-	errored	2026-09-29T22:27:27.152Z	fm-2026-09-29-b	Playwright MCP setup and navigation fail: chrome-for-testing executable missing; task forbids browser installation/download; no page opened or submission attempted.
https://www.engagement-jeunes.com/fr/detail-offre/39000481/cdi-alten-data-engineer-plateforme-data-engineering-h-f.html	https://www.engagement-jeunes.com/fr/detail-offre/39000481/cdi-alten-data-engineer-plateforme-data-engineering-h-f.html	Proaxian	Data Engineer – Plateforme Data Engineering F/H	-	in-progress	2026-09-29T22:28:37.694Z	fm-2026-09-29-b	
https://www.engagement-jeunes.com/fr/detail-offre/39000481/cdi-alten-data-engineer-plateforme-data-engineering-h-f.html	https://www.engagement-jeunes.com/fr/detail-offre/39000481/cdi-alten-data-engineer-plateforme-data-engineering-h-f.html	Proaxian	Data Engineer – Plateforme Data Engineering F/H	-	errored	2026-09-29T22:29:08.385Z	fm-2026-09-29-b	Playwright MCP cannot start: configured chrome-for-testing executable is missing; setup.js failed before any page opened. No submission.
https://www.hellowork.com/fr-fr/emplois/83778159.html	https://www.hellowork.com/fr-fr/emplois/83778159.html	TOHTEM	Expert DevOps - Middleware H/F	-	in-progress	2026-09-29T22:29:40.333Z	fm-2026-09-29-b	
https://www.hellowork.com/fr-fr/emplois/83778159.html	https://www.hellowork.com/fr-fr/emplois/83778159.html	TOHTEM	Expert DevOps - Middleware H/F	-	errored	2026-09-29T22:30:10.748Z	fm-2026-09-29-b	Playwright MCP setup and navigation failed before page opened: configured chrome-for-testing executable is missing; task prohibits browser installation or background jobs.
https://www.hellowork.com/fr-fr/emplois/73898432.html	https://www.hellowork.com/fr-fr/emplois/73898432.html	ALTEN	Ingénieur Administrateur Systèmes et Réseaux H/F	-	in-progress	2026-09-29T22:31:16.847Z	fm-2026-09-29-b	
https://www.hellowork.com/fr-fr/emplois/73898432.html	https://www.hellowork.com/fr-fr/emplois/73898432.html	ALTEN	Ingénieur Administrateur Systèmes et Réseaux H/F	-	errored	2026-09-29T22:31:43.319Z	fm-2026-09-29-b	run stopped: Codex browser (Playwright MCP) could not start; nothing opened; retry
https://www.hellowork.com/fr-fr/emplois/81612553.html	https://www.hellowork.com/fr-fr/emplois/81612553.html	Swan.io	Software Engineer - Banking Experience Team Backend Typescript H/F	-	in-progress	2026-09-29T22:32:57.699Z	fm-2026-09-30-c	reclaimed after errored
https://www.hellowork.com/fr-fr/emplois/81612553.html	https://www.hellowork.com/fr-fr/emplois/81612553.html	Swan.io	Software Engineer - Banking Experience Team Backend Typescript H/F	-	already-applied	2026-09-29T22:34:19.441Z	fm-2026-09-30-c	Hellowork says: Vous avez déjà postulé à cette offre. Nous ne pouvons pas transmettre une 2ème fois votre candidature au recruteur.
https://jobs.ashbyhq.com/cohere/d1ab4fbd-3271-4057-8b20-dfaad4270fa8	https://jobs.ashbyhq.com/cohere/d1ab4fbd-3271-4057-8b20-dfaad4270fa8	Cohere	Solutions Architect	-	in-progress	2026-09-29T22:35:13.180Z	fm-2026-09-30-c	reclaimed after errored
https://jobs.ashbyhq.com/cohere/d1ab4fbd-3271-4057-8b20-dfaad4270fa8	https://jobs.ashbyhq.com/cohere/d1ab4fbd-3271-4057-8b20-dfaad4270fa8	Cohere	Solutions Architect	-	submitted	2026-09-29T22:38:37.594Z	fm-2026-09-30-c	Success: Your application has been submitted! Thank you for your interest in a career growth opportunity at Cohere!
https://www.hellowork.com/fr-fr/emplois/76066472.html	https://www.hellowork.com/fr-fr/emplois/76066472.html	Sopra Steria	Ingénieur Intégration Vérification et Validation - Spatial - Toulouse H/F	-	in-progress	2026-09-29T22:39:35.944Z	fm-2026-09-30-c	reclaimed after errored
https://www.hellowork.com/fr-fr/emplois/76066472.html	https://www.hellowork.com/fr-fr/emplois/76066472.html	Sopra Steria	Ingénieur Intégration Vérification et Validation - Spatial - Toulouse H/F	-	submitted	2026-09-29T22:41:58.435Z	fm-2026-09-30-c	Hellowork confirme : Félicitations ! Votre candidature au poste de Ingénieur Intégration Vérification et Validation - Spatial - Toulouse H/F va être transmise à Sopra Steria.
https://www.hellowork.com/fr-fr/emplois/60660317.html	https://www.hellowork.com/fr-fr/emplois/60660317.html	Hardis Group	Architecte Cloud H/F	-	in-progress	2026-09-29T22:42:36.442Z	fm-2026-09-30-c	reclaimed after errored
https://www.hellowork.com/fr-fr/emplois/60660317.html	https://www.hellowork.com/fr-fr/emplois/60660317.html	Hardis Group	Architecte Cloud H/F	-	submitted	2026-09-29T22:45:32.004Z	fm-2026-09-30-c	Félicitations ! Votre candidature au poste de Architecte Cloud H/F va être transmise à Hardis Group.
https://www.hellowork.com/fr-fr/emplois/81797804.html	https://www.hellowork.com/fr-fr/emplois/81797804.html	Artemys	Ingénieur Système DevOps H/F	-	in-progress	2026-09-29T22:46:45.945Z	fm-2026-09-30-c	reclaimed after errored
https://www.hellowork.com/fr-fr/emplois/81797804.html	https://www.hellowork.com/fr-fr/emplois/81797804.html	Artemys	Ingénieur Système DevOps H/F	-	submitted	2026-09-29T22:50:34.556Z	fm-2026-09-30-c	Félicitations ! Votre candidature au poste de Ingénieur Système DevOps H/F va être transmise à Artemys.
https://www.engagement-jeunes.com/fr/detail-offre/39000481/cdi-alten-data-engineer-plateforme-data-engineering-h-f.html	https://www.engagement-jeunes.com/fr/detail-offre/39000481/cdi-alten-data-engineer-plateforme-data-engineering-h-f.html	Proaxian	Data Engineer – Plateforme Data Engineering F/H	-	in-progress	2026-09-29T22:52:00.374Z	fm-2026-09-30-c	reclaimed after errored
https://www.engagement-jeunes.com/fr/detail-offre/39000481/cdi-alten-data-engineer-plateforme-data-engineering-h-f.html	https://www.engagement-jeunes.com/fr/detail-offre/39000481/cdi-alten-data-engineer-plateforme-data-engineering-h-f.html	Proaxian	Data Engineer – Plateforme Data Engineering F/H	-	validation-failed	2026-09-29T22:58:38.027Z	fm-2026-09-30-c	No submit: required helper check flags mobility input empty despite All France selected chip; screenshot confirms screening complete. Helpers unchanged.
https://www.hellowork.com/fr-fr/emplois/83778159.html	https://www.hellowork.com/fr-fr/emplois/83778159.html	TOHTEM	Expert DevOps - Middleware H/F	-	in-progress	2026-09-29T22:59:43.249Z	fm-2026-09-30-c	reclaimed after errored
https://www.hellowork.com/fr-fr/emplois/83778159.html	https://www.hellowork.com/fr-fr/emplois/83778159.html	TOHTEM	Expert DevOps - Middleware H/F	-	submitted	2026-09-29T23:02:25.990Z	fm-2026-09-30-c	Hellowork confirmed: Félicitations ! Votre candidature au poste de Expert DevOps - Middleware H/F va être transmise à TOHTEM.
https://www.hellowork.com/fr-fr/emplois/73898432.html	https://www.hellowork.com/fr-fr/emplois/73898432.html	ALTEN	Ingénieur Administrateur Systèmes et Réseaux H/F	-	in-progress	2026-09-29T23:03:13.725Z	fm-2026-09-30-c	reclaimed after errored
https://www.hellowork.com/fr-fr/emplois/73898432.html	https://www.hellowork.com/fr-fr/emplois/73898432.html	ALTEN	Ingénieur Administrateur Systèmes et Réseaux H/F	-	submitted	2026-09-29T23:05:28.199Z	fm-2026-09-30-c	HelloWork confirmed: Félicitations ! Votre candidature au poste de Ingénieur Administrateur Systèmes et Réseaux H/F va être transmise à ALTEN.
https://www.hellowork.com/fr-fr/emplois/69242940.html	https://www.hellowork.com/fr-fr/emplois/69242940.html	Scaleway	Software Engineer - Developer H/F	-	in-progress	2026-09-29T23:06:25.529Z	fm-2026-09-30-c	
https://www.hellowork.com/fr-fr/emplois/69242940.html	https://www.hellowork.com/fr-fr/emplois/69242940.html	Scaleway	Software Engineer - Developer H/F	-	submitted	2026-09-29T23:10:54.585Z	fm-2026-09-30-c	Lever confirmed: Application submitted!
https://www.hellowork.com/fr-fr/emplois/81850601.html	https://www.hellowork.com/fr-fr/emplois/81850601.html	Emil Frey Pro Support	Data Engineer H/F	-	in-progress	2026-09-29T23:11:32.726Z	fm-2026-09-30-c	
https://www.hellowork.com/fr-fr/emplois/81850601.html	https://www.hellowork.com/fr-fr/emplois/81850601.html	Emil Frey Pro Support	Data Engineer H/F	-	submitted	2026-09-29T23:14:53.450Z	fm-2026-09-30-c	Confirmation: Merci pour votre candidature.
https://www.meteojob.com/jobs/57141356	https://www.meteojob.com/jobs/57141356?utm_source=pole-emploi&utm_medium=aggregator-free	OFF NAT ETUDES RECHERCHES AEROSPATIALES	Ingénieur en développement Logiciel pour l'Industrie (H/F)	-	in-progress	2026-09-29T23:15:36.005Z	fm-2026-09-30-c	
https://www.meteojob.com/jobs/57141356	https://www.meteojob.com/jobs/57141356?utm_source=pole-emploi&utm_medium=aggregator-free	OFF NAT ETUDES RECHERCHES AEROSPATIALES	Ingénieur en développement Logiciel pour l'Industrie (H/F)	-	errored	2026-09-29T23:22:00.985Z	fm-2026-09-30-c	Meteojob existing account recovered by emailed reset link; browser stalled returning to specified posting (navigation timeout, subsequent click and page-state read unresponsive). No application submitted or confirmed.
https://www.hellowork.com/fr-fr/emplois/77300375.html	https://www.hellowork.com/fr-fr/emplois/77300375.html	Siemens France	Ingénieur Sécurité Cloud H/F	-	in-progress	2026-09-30T01:12:30.365Z	fm-2026-09-30-c	
https://www.hellowork.com/fr-fr/emplois/77300375.html	https://www.hellowork.com/fr-fr/emplois/77300375.html	Siemens France	Ingénieur Sécurité Cloud H/F	-	errored	2026-09-30T01:15:36.439Z	fm-2026-09-30-c	Blocked before submit: Siemens required Country/Region of citizenship field has no options and the supplied facts do not state citizenship; refusing to infer.
https://www.hellowork.com/fr-fr/emplois/82797232.html	https://www.hellowork.com/fr-fr/emplois/82797232.html	AVISTO	Ingénieur DevOps - Cloud H/F	-	in-progress	2026-09-30T01:16:15.472Z	fm-2026-09-30-c	
https://www.hellowork.com/fr-fr/emplois/82797232.html	https://www.hellowork.com/fr-fr/emplois/82797232.html	AVISTO	Ingénieur DevOps - Cloud H/F	-	errored	2026-09-30T01:16:42.826Z	fm-2026-09-30-c	Posting page states: Cette offre d emploi n est plus disponible; no application form was available.
https://www.hellowork.com/fr-fr/emplois/79569505.html	https://www.hellowork.com/fr-fr/emplois/79569505.html	Job Staging	Ingénieur DevOps CDI - Finistère - 35 - 45K H/F	-	in-progress	2026-09-30T01:17:18.261Z	fm-2026-09-30-c	
https://www.hellowork.com/fr-fr/emplois/79569505.html	https://www.hellowork.com/fr-fr/emplois/79569505.html	Job Staging	Ingénieur DevOps CDI - Finistère - 35 - 45K H/F	-	submitted	2026-09-30T01:18:30.833Z	fm-2026-09-30-c	Confirmation: Félicitations ! Votre candidature au poste de Ingénieur DevOps CDI - Finistère - 35 - 45K H/F va être transmise à Job Staging.
https://www.hellowork.com/fr-fr/emplois/71876771.html	https://www.hellowork.com/fr-fr/emplois/71876771.html	REEL IT	Data Engineer H/F	-	in-progress	2026-09-30T01:19:08.419Z	fm-2026-09-30-c	
https://www.hellowork.com/fr-fr/emplois/71876771.html	https://www.hellowork.com/fr-fr/emplois/71876771.html	REEL IT	Data Engineer H/F	-	submitted	2026-09-30T01:20:21.576Z	fm-2026-09-30-c	Félicitations ! Votre candidature au poste de Data Engineer H/F va être transmise à REEL IT. Retrouvez l'historique de vos candidatures dans votre espace candidat.
https://www.free-work.com/fr/tech-it/ingenieur-devops-cloud/job-mission/devops-h-f-726	https://www.free-work.com/fr/tech-it/ingenieur-devops-cloud/job-mission/devops-h-f-726	CONSORT GROUP	DevOps H/F	-	in-progress	2026-09-30T01:20:50.647Z	fm-2026-09-30-c	
https://www.free-work.com/fr/tech-it/ingenieur-devops-cloud/job-mission/devops-h-f-726	https://www.free-work.com/fr/tech-it/ingenieur-devops-cloud/job-mission/devops-h-f-726	CONSORT GROUP	DevOps H/F	-	submitted	2026-09-30T01:22:27.733Z	fm-2026-09-30-c	Confirmation text: Vous avez postulé à cette offre le 30/09/2026; Votre candidature a été envoyée avec succès.
https://www.hellowork.com/fr-fr/emplois/82722350.html	https://www.hellowork.com/fr-fr/emplois/82722350.html	Dassault Systèmes	Ingénieur Sre - Fiabilité Cloud 3Dexperience H/F	-	in-progress	2026-09-30T01:32:21.679Z	fm-2026-09-30-c	
https://www.hellowork.com/fr-fr/emplois/82722350.html	https://www.hellowork.com/fr-fr/emplois/82722350.html	Dassault Systèmes	Ingénieur Sre - Fiabilité Cloud 3Dexperience H/F	-	errored	2026-09-30T01:38:12.696Z	fm-2026-09-30-c	run ended without recording a result; check by hand before any retry
https://www.hellowork.com/fr-fr/emplois/77077445.html	https://www.hellowork.com/fr-fr/emplois/77077445.html	Umake	Ingénieur DevOps H/F	-	in-progress	2026-09-30T01:38:34.555Z	fm-2026-09-30-c	
https://www.hellowork.com/fr-fr/emplois/77077445.html	https://www.hellowork.com/fr-fr/emplois/77077445.html	Umake	Ingénieur DevOps H/F	-	validation-failed	2026-09-30T01:40:26.148Z	fm-2026-09-30-c	Hellowork form populated and selected cv-mohammad-machaka.pdf, but lib/freemotion-browser/check.js remained requiredEmpty: 1 after upload; no submission made.
https://www.hellowork.com/fr-fr/emplois/80829444.html	https://www.hellowork.com/fr-fr/emplois/80829444.html	Volvo Group	Senior ai Solution Engineer H/F	-	in-progress	2026-09-30T01:41:05.395Z	fm-2026-09-30-c	
https://www.hellowork.com/fr-fr/emplois/80829444.html	https://www.hellowork.com/fr-fr/emplois/80829444.html	Volvo Group	Senior ai Solution Engineer H/F	-	errored	2026-09-30T02:05:46.961Z	fm-2026-09-30-c	run ended without recording a result; check by hand before any retry
https://www.hellowork.com/fr-fr/emplois/82813032.html	https://www.hellowork.com/fr-fr/emplois/82813032.html	CGI	Consultant IA Expérimenté H/F	-	errored	2026-09-30T05:46:30.494Z	fm-2026-09-29-b	check-sent: no HelloWork email: probably not sent (inbox, 2026-09-30); retry
https://www.hellowork.com/fr-fr/emplois/81612553.html	https://www.hellowork.com/fr-fr/emplois/81612553.html	Swan.io	Software Engineer - Banking Experience Team Backend Typescript H/F	-	errored	2026-09-30T05:46:30.605Z	fm-2026-09-30-c	check-sent: passed to employer site; NOT finished there (inbox, 2026-09-30); retry
https://www.hellowork.com/fr-fr/emplois/82813032.html	https://www.hellowork.com/fr-fr/emplois/82813032.html	CGI	Consultant IA Expérimenté H/F	-	in-progress	2026-09-30T05:47:48.618Z	fm-2026-09-30-d	reclaimed after errored
https://www.hellowork.com/fr-fr/emplois/82813032.html	https://www.hellowork.com/fr-fr/emplois/82813032.html	CGI	Consultant IA Expérimenté H/F	-	already-applied	2026-09-30T05:51:07.616Z	fm-2026-09-30-d	Hellowork confirmed: Vous avez déjà postulé à cette offre. Nous ne pouvons pas transmettre une 2ème fois votre candidature au recruteur.
https://swanio.teamtailor.com/jobs/7945161	https://swanio.teamtailor.com/jobs/7945161	Swan.io	Software Engineer - Banking Experience Team Backend Typescript H/F	-	in-progress	2026-09-30T05:51:49.274Z	fm-2026-09-30-d	
https://swanio.teamtailor.com/jobs/7945161	https://swanio.teamtailor.com/jobs/7945161	Swan.io	Software Engineer - Banking Experience Team Backend Typescript H/F	-	already-applied	2026-09-30T05:54:15.601Z	fm-2026-09-30-d	Teamtailor returned exact text: You already applied for this job.
https://www.hellowork.com/fr-fr/emplois/81853933.html	https://www.hellowork.com/fr-fr/emplois/81853933.html	SIBYLONE	Développeur Big Data H/F	-	in-progress	2026-09-30T05:55:05.307Z	fm-2026-09-30-d	reclaimed after errored
https://www.hellowork.com/fr-fr/emplois/81853933.html	https://www.hellowork.com/fr-fr/emplois/81853933.html	SIBYLONE	Développeur Big Data H/F	-	submitted	2026-09-30T05:59:10.179Z	fm-2026-09-30-d	Félicitations ! Votre candidature au poste de Développeur Big Data H/F va être transmise à SIBYLONE. Retrouvez l'historique de vos candidatures dans votre espace candidat.
https://www.hellowork.com/fr-fr/emplois/74996567.html	https://www.hellowork.com/fr-fr/emplois/74996567.html	Groupe SII	Ingénieur Validation Ivv Fonctionnelle Payload Télécom H/F	-	in-progress	2026-09-30T06:07:46.649Z	fm-2026-09-30-d	reclaimed after errored
https://www.hellowork.com/fr-fr/emplois/74996567.html	https://www.hellowork.com/fr-fr/emplois/74996567.html	Groupe SII	Ingénieur Validation Ivv Fonctionnelle Payload Télécom H/F	-	submitted	2026-09-30T06:11:10.888Z	fm-2026-09-30-d	Félicitations ! Votre candidature au poste de Ingénieur Validation Ivv Fonctionnelle Payload Télécom H/F va être transmise à Groupe SII. Retrouvez l'historique de vos candidatures dans votre espace candidat.
https://www.hellowork.com/fr-fr/emplois/82642618.html	https://www.hellowork.com/fr-fr/emplois/82642618.html	SCC	Référent Finops H/F	-	in-progress	2026-09-30T06:12:04.736Z	fm-2026-09-30-d	reclaimed after errored
https://www.hellowork.com/fr-fr/emplois/82642618.html	https://www.hellowork.com/fr-fr/emplois/82642618.html	SCC	Référent Finops H/F	-	validation-failed	2026-09-30T06:15:08.891Z	fm-2026-09-30-d	Hellowork rejected the required phone field with 'Certains caractères ne sont pas acceptés.'; numeric 10-digit value also remained invalid, and no confirmation email was found.
https://www.hellowork.com/fr-fr/emplois/83797374.html	https://www.hellowork.com/fr-fr/emplois/83797374.html	D-Edge Hospitality Solutions	Backend Software Engineer Golang M - F - Nb - Toulouse H/F	-	in-progress	2026-09-30T06:23:10.932Z	fm-2026-09-30-d	reclaimed after validation-failed
https://www.hellowork.com/fr-fr/emplois/83797374.html	https://www.hellowork.com/fr-fr/emplois/83797374.html	D-Edge Hospitality Solutions	Backend Software Engineer Golang M - F - Nb - Toulouse H/F	-	submitted	2026-09-30T06:26:54.151Z	fm-2026-09-30-d	Thanks for applying. We have received your application and we will be reviewing it shortly.
https://www.hellowork.com/fr-fr/emplois/77300375.html	https://www.hellowork.com/fr-fr/emplois/77300375.html	Siemens France	Ingénieur Sécurité Cloud H/F	-	in-progress	2026-09-30T06:27:43.150Z	fm-2026-09-30-d	reclaimed after errored
https://www.hellowork.com/fr-fr/emplois/77300375.html	https://www.hellowork.com/fr-fr/emplois/77300375.html	Siemens France	Ingénieur Sécurité Cloud H/F	-	errored	2026-09-30T06:35:27.454Z	fm-2026-09-30-d	Copilot usage limit mid-job; retry next run
https://www.hellowork.com/fr-fr/emplois/80829444.html	https://www.hellowork.com/fr-fr/emplois/80829444.html	Volvo Group	Senior ai Solution Engineer H/F	-	in-progress	2026-09-30T07:48:13.421Z	fm-2026-09-30-d	reclaimed after errored
https://www.hellowork.com/fr-fr/emplois/80829444.html	https://www.hellowork.com/fr-fr/emplois/80829444.html	Volvo Group	Senior ai Solution Engineer H/F	-	submitted	2026-09-30T07:55:49.560Z	fm-2026-09-30-d	Your application has been sent. Thank you!
https://www.hellowork.com/fr-fr/emplois/83872248.html	https://www.hellowork.com/fr-fr/emplois/83872248.html	AZ Conseil	Ingénieur de Production DevOps H/F	-	in-progress	2026-09-30T07:56:43.290Z	fm-2026-09-30-d	reclaimed after validation-failed
https://www.hellowork.com/fr-fr/emplois/83872248.html	https://www.hellowork.com/fr-fr/emplois/83872248.html	AZ Conseil	Ingénieur de Production DevOps H/F	-	submitted	2026-09-30T08:00:05.013Z	fm-2026-09-30-d	HelloWork: Félicitations ! Votre candidature au poste de Ingénieur de Production DevOps H/F va être transmise à AZ Conseil.
https://www.engagement-jeunes.com/fr/detail-offre/39000481/cdi-alten-data-engineer-plateforme-data-engineering-h-f.html	https://www.engagement-jeunes.com/fr/detail-offre/39000481/cdi-alten-data-engineer-plateforme-data-engineering-h-f.html	Proaxian	Data Engineer – Plateforme Data Engineering F/H	-	in-progress	2026-09-30T08:01:36.488Z	fm-2026-09-30-d	reclaimed after validation-failed
https://www.engagement-jeunes.com/fr/detail-offre/39000481/cdi-alten-data-engineer-plateforme-data-engineering-h-f.html	https://www.engagement-jeunes.com/fr/detail-offre/39000481/cdi-alten-data-engineer-plateforme-data-engineering-h-f.html	Proaxian	Data Engineer – Plateforme Data Engineering F/H	-	validation-failed	2026-09-30T08:06:53.203Z	fm-2026-09-30-d	Complete ALTEN form, but check.js reports geographic mobility multiselect empty despite All France chip visible; task prohibits submitting unless requiredEmpty=0.
https://www.hellowork.com/fr-fr/emplois/77077445.html	https://www.hellowork.com/fr-fr/emplois/77077445.html	Umake	Ingénieur DevOps H/F	-	in-progress	2026-09-30T08:07:51.740Z	fm-2026-09-30-d	reclaimed after validation-failed
https://www.hellowork.com/fr-fr/emplois/77077445.html	https://www.hellowork.com/fr-fr/emplois/77077445.html	Umake	Ingénieur DevOps H/F	-	submitted	2026-09-30T08:11:23.950Z	fm-2026-09-30-d	Félicitations ! Votre candidature au poste de Ingénieur DevOps H/F va être transmise à Umake.
https://www.hellowork.com/fr-fr/emplois/83869739.html	https://www.hellowork.com/fr-fr/emplois/83869739.html	Astek	Ingénieur Sysops H/F	-	in-progress	2026-09-30T08:12:13.592Z	fm-2026-09-30-d	
https://www.hellowork.com/fr-fr/emplois/83869739.html	https://www.hellowork.com/fr-fr/emplois/83869739.html	Astek	Ingénieur Sysops H/F	-	submitted	2026-09-30T08:17:09.659Z	fm-2026-09-30-d	Confirmation: Votre candidature a bien été déposée
https://www.hellowork.com/fr-fr/emplois/83855374.html	https://www.hellowork.com/fr-fr/emplois/83855374.html	DEODIS	Ingénieur DevOps H/F	-	in-progress	2026-09-30T08:18:35.541Z	fm-2026-09-30-d	
https://www.hellowork.com/fr-fr/emplois/83855374.html	https://www.hellowork.com/fr-fr/emplois/83855374.html	DEODIS	Ingénieur DevOps H/F	-	submitted	2026-09-30T08:24:18.154Z	fm-2026-09-30-d	Félicitations ! Votre candidature au poste de Ingénieur DevOps H/F va être transmise à DEODIS.
https://www.hellowork.com/fr-fr/emplois/83875741.html	https://www.hellowork.com/fr-fr/emplois/83875741.html	Wold	Wold I ai Engineer H/F	-	in-progress	2026-09-30T08:26:14.805Z	fm-2026-09-30-d	
https://www.hellowork.com/fr-fr/emplois/83875741.html	https://www.hellowork.com/fr-fr/emplois/83875741.html	Wold	Wold I ai Engineer H/F	-	submitted	2026-09-30T08:36:39.178Z	fm-2026-09-30-d	Collective: Candidature envoyée. Votre candidature a été envoyée, vous pouvez être contacté par le recruteur.
https://www.hellowork.com/fr-fr/emplois/78488968.html	https://www.hellowork.com/fr-fr/emplois/78488968.html	Inside	Architecte Cloud Toulouse H/F	-	in-progress	2026-09-30T08:38:25.276Z	fm-2026-09-30-d	
https://www.hellowork.com/fr-fr/emplois/78488968.html	https://www.hellowork.com/fr-fr/emplois/78488968.html	Inside	Architecte Cloud Toulouse H/F	-	submitted	2026-09-30T08:42:45.834Z	fm-2026-09-30-d	Félicitations ! Votre candidature au poste de Architecte Cloud Toulouse H/F va être transmise à Inside.
https://www.hellowork.com/fr-fr/emplois/82820651.html	https://www.hellowork.com/fr-fr/emplois/82820651.html	Silkhom	Administrateur Systèmes Linux - DevOps - Client Final H/F	-	in-progress	2026-09-30T08:44:02.796Z	fm-2026-09-30-d	
https://www.hellowork.com/fr-fr/emplois/82820651.html	https://www.hellowork.com/fr-fr/emplois/82820651.html	Silkhom	Administrateur Systèmes Linux - DevOps - Client Final H/F	-	submitted	2026-09-30T08:48:01.904Z	fm-2026-09-30-d	Hellowork confirme : Félicitations ! Votre candidature au poste de Administrateur Systèmes Linux - DevOps - Client Final H/F va être transmise à Silkhom.
https://www.hellowork.com/fr-fr/emplois/74997114.html	https://www.hellowork.com/fr-fr/emplois/74997114.html	Informatis	Ingenieur DevOps Plateforme IA H/F	-	in-progress	2026-09-30T08:48:59.293Z	fm-2026-09-30-d	
https://www.hellowork.com/fr-fr/emplois/74997114.html	https://www.hellowork.com/fr-fr/emplois/74997114.html	Informatis	Ingenieur DevOps Plateforme IA H/F	-	errored	2026-09-30T08:50:52.863Z	fm-2026-09-30-d	Recruiter page for ref 3071 has only a mailto application link to recrutement-jobs@informatis-ts.fr; no browser application form or upload, no submission.
https://www.welcometothejungle.com/en/companies/oresys/jobs/consultant-experimente-data-h-f_paris	https://www.welcometothejungle.com/en/companies/oresys/jobs/consultant-experimente-data-h-f_paris	Oresys	Consultant confirmé DATA (H/F)	-	in-progress	2026-09-30T08:52:01.200Z	fm-2026-09-30-d	
https://www.welcometothejungle.com/en/companies/oresys/jobs/consultant-experimente-data-h-f_paris	https://www.welcometothejungle.com/en/companies/oresys/jobs/consultant-experimente-data-h-f_paris	Oresys	Consultant confirmé DATA (H/F)	-	errored	2026-09-30T08:53:47.908Z	fm-2026-09-30-d	Apply redirects to https://oresys.nous-recrutons.fr/ which returns HTTP 403 Forbidden (nginx), confirmed on retry; no application form accessible.
https://www.hellowork.com/fr-fr/emplois/82806152.html	https://www.hellowork.com/fr-fr/emplois/82806152.html	Inside	Expert Middleware & Devsecops H/F	-	in-progress	2026-09-30T08:54:57.838Z	fm-2026-09-30-d	
https://www.hellowork.com/fr-fr/emplois/82806152.html	https://www.hellowork.com/fr-fr/emplois/82806152.html	Inside	Expert Middleware & Devsecops H/F	-	submitted	2026-09-30T08:59:16.414Z	fm-2026-09-30-d	Hellowork: Félicitations ! Votre candidature au poste de Expert Middleware & Devsecops H/F va être transmise à Inside.
https://www.hellowork.com/fr-fr/emplois/83780980.html	https://www.hellowork.com/fr-fr/emplois/83780980.html?utm_campaign=staffing+-+apec+-+marketing%2Cgraphisme%2Caudiovisuel%2Cpub&utm_content=fluxapec&utm_medium=metamoteurs-free&utm_source=apec&utm_term=83780980	Hellowork	Ingénieur Intégration Linux - Kubernetes F/H	-	in-progress	2026-09-30T09:00:40.101Z	fm-2026-09-30-d	
https://www.hellowork.com/fr-fr/emplois/83780980.html	https://www.hellowork.com/fr-fr/emplois/83780980.html?utm_campaign=staffing+-+apec+-+marketing%2Cgraphisme%2Caudiovisuel%2Cpub&utm_content=fluxapec&utm_medium=metamoteurs-free&utm_source=apec&utm_term=83780980	Hellowork	Ingénieur Intégration Linux - Kubernetes F/H	-	submitted	2026-09-30T09:05:21.051Z	fm-2026-09-30-d	Félicitations ! Votre candidature au poste de Ingénieur Intégration Linux - Kubernetes H/F va être transmise à SCC.
https://www.free-work.com/fr/tech-it/data-engineer/job-mission/data-engineer-spark-aws-iceberg	https://www.free-work.com/fr/tech-it/data-engineer/job-mission/data-engineer-spark-aws-iceberg	OBJECTWARE	Data Engineer Spark/AWS/Iceberg	-	in-progress	2026-09-30T09:07:27.949Z	fm-2026-09-30-d	
https://www.free-work.com/fr/tech-it/data-engineer/job-mission/data-engineer-spark-aws-iceberg	https://www.free-work.com/fr/tech-it/data-engineer/job-mission/data-engineer-spark-aws-iceberg	OBJECTWARE	Data Engineer Spark/AWS/Iceberg	-	submitted	2026-09-30T09:09:32.856Z	fm-2026-09-30-d	Free-Work confirmed: Votre candidature a été envoyée avec succès. Vous avez postulé à cette offre le 30/09/2026; stored cv-mohammad-machaka.pdf sent by one-click Je postule.
https://www.hellowork.com/fr-fr/emplois/81757224.html	https://www.hellowork.com/fr-fr/emplois/81757224.html	Morgan Philips Specialist	Data Engineer Gcp H/F	-	in-progress	2026-09-30T09:11:20.145Z	fm-2026-09-30-d	
https://www.hellowork.com/fr-fr/emplois/81757224.html	https://www.hellowork.com/fr-fr/emplois/81757224.html	Morgan Philips Specialist	Data Engineer Gcp H/F	-	submitted	2026-09-30T09:15:05.218Z	fm-2026-09-30-d	Hellowork confirmation: Félicitations ! Votre candidature au poste de Data Engineer Gcp H/F va être transmise à Morgan Philips Specialist.
https://www.hellowork.com/fr-fr/emplois/83754799.html	https://www.hellowork.com/fr-fr/emplois/83754799.html	Descartes Underwriting	Data Scientist - CDI H/F	-	in-progress	2026-09-30T09:16:01.298Z	fm-2026-09-30-d	
https://www.hellowork.com/fr-fr/emplois/83754799.html	https://www.hellowork.com/fr-fr/emplois/83754799.html	Descartes Underwriting	Data Scientist - CDI H/F	-	submitted	2026-09-30T09:20:01.216Z	fm-2026-09-30-d	Thanks for applying. We have received your application and we will be reviewing it shortly.
https://www.hellowork.com/fr-fr/emplois/82672526.html	https://www.hellowork.com/fr-fr/emplois/82672526.html	Kpler	Senior ai Engineer Ai Enablement H/F	-	in-progress	2026-09-30T09:21:11.113Z	fm-2026-09-30-d	
https://www.hellowork.com/fr-fr/emplois/82672526.html	https://www.hellowork.com/fr-fr/emplois/82672526.html	Kpler	Senior ai Engineer Ai Enablement H/F	-	submitted	2026-09-30T09:24:52.106Z	fm-2026-09-30-d	Confirmed on Kpler Lever: Application submitted!
https://www.engagement-jeunes.com/fr/detail-offre/38976310/cdi-devoteam-innovative-tech-france-ingenieur-observabilite-sre-h-f.html	https://www.engagement-jeunes.com/fr/detail-offre/38976310/cdi-devoteam-innovative-tech-france-ingenieur-observabilite-sre-h-f.html	Proaxian	Ingénieur Observabilité / SRE F/H	-	in-progress	2026-09-30T09:27:49.246Z	fm-2026-09-30-d	
https://www.engagement-jeunes.com/fr/detail-offre/38976310/cdi-devoteam-innovative-tech-france-ingenieur-observabilite-sre-h-f.html	https://www.engagement-jeunes.com/fr/detail-offre/38976310/cdi-devoteam-innovative-tech-france-ingenieur-observabilite-sre-h-f.html	Proaxian	Ingénieur Observabilité / SRE F/H	-	errored	2026-09-30T09:31:37.342Z	fm-2026-09-30-d	Codex usage limit mid-job; retry next run
https://www.hellowork.com/fr-fr/emplois/77300375.html	https://www.hellowork.com/fr-fr/emplois/77300375.html	Siemens France	Ingénieur Sécurité Cloud H/F	-	in-progress	2026-09-30T09:54:36.412Z	fm-2026-09-30-d	reclaimed after errored
https://www.hellowork.com/fr-fr/emplois/77300375.html	https://www.hellowork.com/fr-fr/emplois/77300375.html	Siemens France	Ingénieur Sécurité Cloud H/F	-	errored	2026-09-30T10:14:07.797Z	fm-2026-09-30-d	run ended without recording a result; check by hand before any retry
https://www.hellowork.com/fr-fr/emplois/83715159.html	https://www.hellowork.com/fr-fr/emplois/83715159.html?utm_campaign=staffing+-+production+2+-+apec&utm_content=fluxapec&utm_medium=metamoteurs-free&utm_source=apec&utm_term=83715159	Guarani	Ingénieur de Production DevOps H/F	-	already-applied	2026-09-30T10:15:55.638Z	fm-2026-09-30-d	Already submitted on 2026-09-27 (run fm-2026-09-27-night)
https://www.engagement-jeunes.com/fr/detail-offre/38976310/cdi-devoteam-innovative-tech-france-ingenieur-observabilite-sre-h-f.html	https://www.engagement-jeunes.com/fr/detail-offre/38976310/cdi-devoteam-innovative-tech-france-ingenieur-observabilite-sre-h-f.html	Proaxian	Ingénieur Observabilité / SRE F/H	-	in-progress	2026-09-30T10:17:14.872Z	fm-2026-09-30-d	reclaimed after errored
https://www.engagement-jeunes.com/fr/detail-offre/38976310/cdi-devoteam-innovative-tech-france-ingenieur-observabilite-sre-h-f.html	https://www.engagement-jeunes.com/fr/detail-offre/38976310/cdi-devoteam-innovative-tech-france-ingenieur-observabilite-sre-h-f.html	Proaxian	Ingénieur Observabilité / SRE F/H	-	submitted	2026-09-30T10:32:11.252Z	fm-2026-09-30-d	Votre candidature a bien été envoyée ! Votre candidature pour le poste de Ingénieur Observabilité / SRE H/F chez Devoteam Innovative Tech France a bien été
https://www.hellowork.com/fr-fr/emplois/78283512.html	https://www.hellowork.com/fr-fr/emplois/78283512.html	Swile	Senior Site Reliability Engineer Sre H/F	-	in-progress	2026-09-30T10:33:20.951Z	fm-2026-09-30-d	
https://www.hellowork.com/fr-fr/emplois/78283512.html	https://www.hellowork.com/fr-fr/emplois/78283512.html	Swile	Senior Site Reliability Engineer Sre H/F	-	submitted	2026-09-30T10:50:00.952Z	fm-2026-09-30-d	Application submitted! RETURN TO THE MAIN PAGE Swile Home Page
https://www.jobposting.pro/emploi-2707603-113	https://www.jobposting.pro/emploi-2707603-113#postuler	Labsoft	Ingénieur DevOps F/H	-	in-progress	2026-09-30T10:50:54.534Z	fm-2026-09-30-d	
https://www.jobposting.pro/emploi-2707603-113	https://www.jobposting.pro/emploi-2707603-113#postuler	Labsoft	Ingénieur DevOps F/H	-	submitted	2026-09-30T10:58:03.538Z	fm-2026-09-30-d	Labsoft CDI Ingénieur DevOps H/F Labsoft, à Toulouse (31). Candidature bien reçue ! Pouvez-vous compléter quelques informations sur votre profil ?
https://www.hellowork.com/fr-fr/emplois/81612556.html	https://www.hellowork.com/fr-fr/emplois/81612556.html	Swan.io	Software Engineer - Payment Team Scala - Typescript H/F	-	in-progress	2026-09-30T10:58:28.927Z	fm-2026-09-30-d	
https://www.hellowork.com/fr-fr/emplois/81612556.html	https://www.hellowork.com/fr-fr/emplois/81612556.html	Swan.io	Software Engineer - Payment Team Scala - Typescript H/F	-	already-applied	2026-09-30T11:02:28.166Z	fm-2026-09-30-d	Teamtailor ATS returned: You already applied for this job.
https://www.hellowork.com/fr-fr/emplois/82842694.html	https://www.hellowork.com/fr-fr/emplois/82842694.html?utm_campaign=staffing+-+logistique+2+-+apec&utm_content=fluxapec&utm_medium=metamoteurs-free&utm_source=apec&utm_term=82842694	Hellowork	Ingénieur Devsecops Support Outillage d'Ingénierie F/H	-	in-progress	2026-09-30T11:02:51.526Z	fm-2026-09-30-d	
https://www.hellowork.com/fr-fr/emplois/82842694.html	https://www.hellowork.com/fr-fr/emplois/82842694.html?utm_campaign=staffing+-+logistique+2+-+apec&utm_content=fluxapec&utm_medium=metamoteurs-free&utm_source=apec&utm_term=82842694	Hellowork	Ingénieur Devsecops Support Outillage d'Ingénierie F/H	-	submitted	2026-09-30T11:06:24.026Z	fm-2026-09-30-d	Félicitations ! Votre candidature au poste de Ingénieur Devsecops Support Outillage d'Ingénierie H/F va être transmise à Step Up. Retrouvez l'historique de vos candidatures dans votre espace candidat.
https://www.hellowork.com/fr-fr/emplois/83885368.html	https://www.hellowork.com/fr-fr/emplois/83885368.html	Xelians	DevOps Infrastructure H/F	-	in-progress	2026-09-30T11:06:44.539Z	fm-2026-09-30-d	
https://www.hellowork.com/fr-fr/emplois/83885368.html	https://www.hellowork.com/fr-fr/emplois/83885368.html	Xelians	DevOps Infrastructure H/F	-	submitted	2026-09-30T11:10:10.068Z	fm-2026-09-30-d	Félicitations ! Votre candidature au poste de DevOps Infrastructure H/F va être transmise à Xelians.
https://www.hellowork.com/fr-fr/emplois/83864252.html	https://www.hellowork.com/fr-fr/emplois/83864252.html	Cocerto	Ingénieur DevOps H/F	-	in-progress	2026-09-30T11:10:29.159Z	fm-2026-09-30-d	
https://www.hellowork.com/fr-fr/emplois/83864252.html	https://www.hellowork.com/fr-fr/emplois/83864252.html	Cocerto	Ingénieur DevOps H/F	-	submitted	2026-09-30T11:13:17.865Z	fm-2026-09-30-d	Félicitations ! Votre candidature au poste de Ingénieur DevOps H/F va être transmise à Cocerto.
https://www.hellowork.com/fr-fr/emplois/83860366.html	https://www.hellowork.com/fr-fr/emplois/83860366.html	fortil group	Data Engineer H/F	-	in-progress	2026-09-30T11:13:33.758Z	fm-2026-09-30-d	
https://www.hellowork.com/fr-fr/emplois/83860366.html	https://www.hellowork.com/fr-fr/emplois/83860366.html	fortil group	Data Engineer H/F	-	validation-failed	2026-09-30T11:16:25.338Z	fm-2026-09-30-d	Phone field rejected all standard French formats (0753377823, 07 53 37 78 23, +33753377823, 753377823) with Certains caractères ne sont pas acceptés
https://www.hellowork.com/fr-fr/emplois/82799543.html	https://www.hellowork.com/fr-fr/emplois/82799543.html	ALTEN	Développeur Spécialiste Spatial H/F	-	in-progress	2026-09-30T11:17:03.795Z	fm-2026-09-30-d	
https://www.hellowork.com/fr-fr/emplois/82799543.html	https://www.hellowork.com/fr-fr/emplois/82799543.html	ALTEN	Développeur Spécialiste Spatial H/F	-	errored	2026-09-30T11:17:55.683Z	fm-2026-09-30-d	Posting expired/closed: Cette offre d'emploi chez ALTEN n'est plus disponible
https://www.hellowork.com/fr-fr/emplois/60660149.html	https://www.hellowork.com/fr-fr/emplois/60660149.html	Hardis Group	Architecte Logiciel Cloud Azure H/F	-	in-progress	2026-09-30T11:18:11.558Z	fm-2026-09-30-d	
https://www.hellowork.com/fr-fr/emplois/60660149.html	https://www.hellowork.com/fr-fr/emplois/60660149.html	Hardis Group	Architecte Logiciel Cloud Azure H/F	-	submitted	2026-09-30T11:20:39.210Z	fm-2026-09-30-d	Votre candidature a bien été transmise à l'entreprise Hardis Group
https://www.hellowork.com/fr-fr/emplois/83836647.html	https://www.hellowork.com/fr-fr/emplois/83836647.html	Fokus	Ingénieur Système - DevOps H/F	-	in-progress	2026-09-30T11:20:56.191Z	fm-2026-09-30-d	
https://www.hellowork.com/fr-fr/emplois/83836647.html	https://www.hellowork.com/fr-fr/emplois/83836647.html	Fokus	Ingénieur Système - DevOps H/F	-	submitted	2026-09-30T11:23:16.348Z	fm-2026-09-30-d	Félicitations ! Votre candidature au poste de Ingénieur Système - DevOps H/F va être transmise à Fokus.
https://www.hellowork.com/fr-fr/emplois/82803554.html	https://www.hellowork.com/fr-fr/emplois/82803554.html	SYD Digital Care	Ingénieur Openshift Kubernetes H/F	-	in-progress	2026-09-30T11:23:39.156Z	fm-2026-09-30-d	
https://www.hellowork.com/fr-fr/emplois/82803554.html	https://www.hellowork.com/fr-fr/emplois/82803554.html	SYD Digital Care	Ingénieur Openshift Kubernetes H/F	-	submitted	2026-09-30T11:25:42.648Z	fm-2026-09-30-d	Félicitations ! Votre candidature au poste de Ingénieur Openshift Kubernetes H/F va être transmise à SYD Digital Care.
https://www.hellowork.com/fr-fr/emplois/69886526.html	https://www.hellowork.com/fr-fr/emplois/69886526.html	CGI	Ingénieur DevOps Infrastructure H/F	-	in-progress	2026-09-30T11:26:07.101Z	fm-2026-09-30-d	
https://www.hellowork.com/fr-fr/emplois/69886526.html	https://www.hellowork.com/fr-fr/emplois/69886526.html	CGI	Ingénieur DevOps Infrastructure H/F	-	submitted	2026-09-30T11:30:19.349Z	fm-2026-09-30-d	Félicitations ! Votre candidature au poste de Ingénieur DevOps Infrastructure H/F va être transmise à CGI.
https://www.hellowork.com/fr-fr/emplois/83837311.html	https://www.hellowork.com/fr-fr/emplois/83837311.html	Aubay	Data Engineer - Nantes H/F	-	in-progress	2026-09-30T11:30:47.443Z	fm-2026-09-30-d	
https://www.hellowork.com/fr-fr/emplois/83837311.html	https://www.hellowork.com/fr-fr/emplois/83837311.html	Aubay	Data Engineer - Nantes H/F	-	submitted	2026-09-30T11:37:12.387Z	fm-2026-09-30-d	Félicitations ! Votre candidature au poste de Data Engineer - Nantes H/F va être transmise à Aubay.
https://jobs.ashbyhq.com/legora/f835b884-d93b-473c-bf12-e754166f854d	https://jobs.ashbyhq.com/legora/f835b884-d93b-473c-bf12-e754166f854d	Legora	Staff Platform Engineer - Platform Team	-	in-progress	2026-09-30T11:38:21.234Z	fm-2026-09-30-d	
https://jobs.ashbyhq.com/legora/f835b884-d93b-473c-bf12-e754166f854d	https://jobs.ashbyhq.com/legora/f835b884-d93b-473c-bf12-e754166f854d	Legora	Staff Platform Engineer - Platform Team	-	submitted	2026-09-30T11:55:42.265Z	fm-2026-09-30-d	Success Thank you for applying to Legora! We’re looking forward to review your background as we build the future of law.
https://jobs.ashbyhq.com/supabase/fab1525f-3d89-4d1c-9094-84d21647415e	https://jobs.ashbyhq.com/supabase/fab1525f-3d89-4d1c-9094-84d21647415e	Supabase	FinOps Engineer	-	in-progress	2026-09-30T11:56:57.748Z	fm-2026-09-30-d	
https://jobs.ashbyhq.com/supabase/fab1525f-3d89-4d1c-9094-84d21647415e	https://jobs.ashbyhq.com/supabase/fab1525f-3d89-4d1c-9094-84d21647415e	Supabase	FinOps Engineer	-	submitted	2026-09-30T12:06:09.508Z	fm-2026-09-30-d	Your application was successfully submitted.
https://jobs.ashbyhq.com/legora/97784bc1-e75b-4da9-89e0-e6e61a6d7e06	https://jobs.ashbyhq.com/legora/97784bc1-e75b-4da9-89e0-e6e61a6d7e06	Legora	Senior Platform Engineer - Platform Team	-	in-progress	2026-09-30T12:07:22.360Z	fm-2026-09-30-d	
https://jobs.ashbyhq.com/legora/97784bc1-e75b-4da9-89e0-e6e61a6d7e06	https://jobs.ashbyhq.com/legora/97784bc1-e75b-4da9-89e0-e6e61a6d7e06	Legora	Senior Platform Engineer - Platform Team	-	errored	2026-09-30T12:13:48.822Z	fm-2026-09-30-d	Playwright MCP tool parameter parsing broken (arguments wrapped under nested Arguments object, causing runtime schema validation failures)
https://www.hellowork.com/fr-fr/emplois/64095166.html	https://www.hellowork.com/fr-fr/emplois/64095166.html	Pigment	Senior Backend Software Engineer H/F	-	in-progress	2026-09-30T12:15:15.491Z	fm-2026-09-30-d	
https://www.hellowork.com/fr-fr/emplois/64095166.html	https://www.hellowork.com/fr-fr/emplois/64095166.html	Pigment	Senior Backend Software Engineer H/F	-	captcha	2026-09-30T12:30:08.625Z	fm-2026-09-30-d	hCaptcha triggered on Lever submit
https://www.hellowork.com/fr-fr/emplois/83873911.html	https://www.hellowork.com/fr-fr/emplois/83873911.html	Amazon	Software Development Engineer Operational Research And Development Operational Research Aws Security H/F	-	in-progress	2026-09-30T12:31:33.529Z	fm-2026-09-30-d	
https://www.hellowork.com/fr-fr/emplois/83873911.html	https://www.hellowork.com/fr-fr/emplois/83873911.html	Amazon	Software Development Engineer Operational Research And Development Operational Research Aws Security H/F	-	errored	2026-09-30T12:50:57.690Z	fm-2026-09-30-d	run ended without recording a result; check by hand before any retry
https://www.hellowork.com/fr-fr/emplois/76607355.html	https://www.hellowork.com/fr-fr/emplois/76607355.html	Amazon	Senior Software Development Engineer - Security Automation Aws Security Opres H/F	-	in-progress	2026-09-30T12:51:40.355Z	fm-2026-09-30-d	
https://www.hellowork.com/fr-fr/emplois/76607355.html	https://www.hellowork.com/fr-fr/emplois/76607355.html	Amazon	Senior Software Development Engineer - Security Automation Aws Security Opres H/F	-	errored	2026-09-30T13:11:04.091Z	fm-2026-09-30-d	run ended without recording a result; check by hand before any retry
https://www.hellowork.com/fr-fr/emplois/83860382.html	https://www.hellowork.com/fr-fr/emplois/83860382.html	Viveris.	Ingénieur DevOps Kubernetes Gcp - Openshift H/F	-	in-progress	2026-09-30T13:11:14.780Z	fm-2026-09-30-d	
https://www.hellowork.com/fr-fr/emplois/83860382.html	https://www.hellowork.com/fr-fr/emplois/83860382.html	Viveris.	Ingénieur DevOps Kubernetes Gcp - Openshift H/F	-	submitted	2026-09-30T13:12:02.618Z	fm-2026-09-30-d	Félicitations ! Votre candidature au poste de Ingénieur DevOps Kubernetes Gcp - Openshift H/F va être transmise à Viveris.
https://www.hellowork.com/fr-fr/emplois/83881716.html	https://www.hellowork.com/fr-fr/emplois/83881716.html	Klanik	Ingénieur Sysops Linux - Automatisation & Orchestration H/F	-	in-progress	2026-09-30T13:12:18.781Z	fm-2026-09-30-d	
https://www.hellowork.com/fr-fr/emplois/83881716.html	https://www.hellowork.com/fr-fr/emplois/83881716.html	Klanik	Ingénieur Sysops Linux - Automatisation & Orchestration H/F	-	submitted	2026-09-30T13:13:16.514Z	fm-2026-09-30-d	HelloWork: 'Félicitations ! Votre candidature au poste de Ingénieur Sysops Linux - Automatisation & Orchestration H/F va être transmise à Klanik.'
https://www.hellowork.com/fr-fr/emplois/81834880.html	https://www.hellowork.com/fr-fr/emplois/81834880.html	CT Ingenierie	Ingénieur Systèmes Gnss - Secteur Spatial H/F	-	in-progress	2026-09-30T13:13:30.336Z	fm-2026-09-30-d	
https://www.hellowork.com/fr-fr/emplois/81834880.html	https://www.hellowork.com/fr-fr/emplois/81834880.html	CT Ingenierie	Ingénieur Systèmes Gnss - Secteur Spatial H/F	-	submitted	2026-09-30T13:14:22.735Z	fm-2026-09-30-d	Félicitations ! Votre candidature au poste de Ingénieur Systèmes Gnss - Secteur Spatial H/F va être transmise à CT Ingénierie Toulouse.
https://www.hellowork.com/fr-fr/emplois/81890450.html	https://www.hellowork.com/fr-fr/emplois/81890450.html	Sopra Steria	Ingénieur Développement en Traitement d'Image - Spatial - Toulouse H/F	-	in-progress	2026-09-30T13:14:38.135Z	fm-2026-09-30-d	
https://www.hellowork.com/fr-fr/emplois/81890450.html	https://www.hellowork.com/fr-fr/emplois/81890450.html	Sopra Steria	Ingénieur Développement en Traitement d'Image - Spatial - Toulouse H/F	-	submitted	2026-09-30T13:15:23.888Z	fm-2026-09-30-d	Félicitations ! Votre candidature au poste de Ingénieur Développement en Traitement d'Image - Spatial - Toulouse H/F va être transmise à Sopra Steria.
https://www.hellowork.com/fr-fr/emplois/83875861.html	https://www.hellowork.com/fr-fr/emplois/83875861.html	Hublot	Cpto121 - Data & Ml Platform Engineer - N H/F	-	in-progress	2026-09-30T13:15:38.744Z	fm-2026-09-30-d	
https://www.hellowork.com/fr-fr/emplois/83875861.html	https://www.hellowork.com/fr-fr/emplois/83875861.html	Hublot	Cpto121 - Data & Ml Platform Engineer - N H/F	-	errored	2026-09-30T13:16:01.623Z	fm-2026-09-30-d	Posting closed: page says 'Cette offre d'emploi chez Hublot n'est plus disponible', no Postuler button
https://www.hellowork.com/fr-fr/emplois/83884808.html	https://www.hellowork.com/fr-fr/emplois/83884808.html	Klanik	Expert Kubernetes H/F	-	in-progress	2026-09-30T13:16:14.308Z	fm-2026-09-30-d	
https://www.hellowork.com/fr-fr/emplois/83884808.html	https://www.hellowork.com/fr-fr/emplois/83884808.html	Klanik	Expert Kubernetes H/F	-	submitted	2026-09-30T13:16:54.330Z	fm-2026-09-30-d	HelloWork: Félicitations ! Votre candidature au poste de Expert Kubernetes H/F va être transmise à Klanik.
https://www.free-work.com/fr/tech-it/job-mission/ingenieur-devops-cloud/ingenieur-devops-kubernetes-gcp-openshift-h-f	https://www.free-work.com/fr/tech-it/job-mission/ingenieur-devops-cloud/ingenieur-devops-kubernetes-gcp-openshift-h-f?utm_source=apec&utm_medium=organic&utm_campaign=apec_organic_fr_w	CO-MARTIN	Ingénieur DevOps Kubernetes - GCP / OpenShift F/H	-	in-progress	2026-09-30T13:17:08.489Z	fm-2026-09-30-d	
https://www.free-work.com/fr/tech-it/job-mission/ingenieur-devops-cloud/ingenieur-devops-kubernetes-gcp-openshift-h-f	https://www.free-work.com/fr/tech-it/job-mission/ingenieur-devops-cloud/ingenieur-devops-kubernetes-gcp-openshift-h-f?utm_source=apec&utm_medium=organic&utm_campaign=apec_organic_fr_w	CO-MARTIN	Ingénieur DevOps Kubernetes - GCP / OpenShift F/H	-	submitted	2026-09-30T13:17:51.337Z	fm-2026-09-30-d	Free-Work own form, page said: Votre candidature a été envoyée avec succès. (posting page names the company VIVERIS)
https://www.free-work.com/fr/tech-it/ingenieur-devops-cloud/job-mission/ingenieur-reseau-cloud-aws-3	https://www.free-work.com/fr/tech-it/ingenieur-devops-cloud/job-mission/ingenieur-reseau-cloud-aws-3	Signe +	ingénieur réseau cloud AWS	-	in-progress	2026-09-30T13:18:06.285Z	fm-2026-09-30-d	
https://www.free-work.com/fr/tech-it/ingenieur-devops-cloud/job-mission/ingenieur-reseau-cloud-aws-3	https://www.free-work.com/fr/tech-it/ingenieur-devops-cloud/job-mission/ingenieur-reseau-cloud-aws-3	Signe +	ingénieur réseau cloud AWS	-	submitted	2026-09-30T13:18:55.501Z	fm-2026-09-30-d	Free-Work own form, signed in already. Page said: Envoyé Votre candidature a été envoyée avec succès.
https://www.hellowork.com/fr-fr/emplois/83711679.html	https://www.hellowork.com/fr-fr/emplois/83711679.html	DAVRICOURT	Ingénieur IA Générative H/F	-	in-progress	2026-09-30T18:11:33.404Z	fm-2026-09-30-e	
https://www.hellowork.com/fr-fr/emplois/82538003.html	https://www.hellowork.com/fr-fr/emplois/82538003.html	COSMOBILIS - BYMYCAR	Cloud Engineer H/F	-	in-progress	2026-09-30T18:11:56.447Z	fm-2026-09-30-e	
https://www.hellowork.com/fr-fr/emplois/82538003.html	https://www.hellowork.com/fr-fr/emplois/82538003.html	COSMOBILIS - BYMYCAR	Cloud Engineer H/F	-	errored	2026-09-30T18:14:54.457Z	fm-2026-09-30-e	Camoufox exited during Playwright initialization twice; job page never opened
https://www.hellowork.com/fr-fr/emplois/83711679.html	https://www.hellowork.com/fr-fr/emplois/83711679.html	DAVRICOURT	Ingénieur IA Générative H/F	-	submitted	2026-09-30T18:15:30.901Z	fm-2026-09-30-e	Félicitations ! Votre candidature au poste de Ingénieur IA Générative H/F va être transmise à DAVRICOURT.
https://www.hellowork.com/fr-fr/emplois/81524307.html	https://www.hellowork.com/fr-fr/emplois/81524307.html	Max Digital Services	Ingénieur DevOps H/F	-	in-progress	2026-09-30T18:15:49.868Z	fm-2026-09-30-e	
https://www.free-work.com/fr/tech-it/ingenieur-apres-vente/job-mission/ingenieur-ia-17	https://www.free-work.com/fr/tech-it/ingenieur-apres-vente/job-mission/ingenieur-ia-17	Freelance.com	Ingénieur IA	-	in-progress	2026-09-30T18:15:57.350Z	fm-2026-09-30-e	
https://www.free-work.com/fr/tech-it/ingenieur-apres-vente/job-mission/ingenieur-ia-17	https://www.free-work.com/fr/tech-it/ingenieur-apres-vente/job-mission/ingenieur-ia-17	Freelance.com	Ingénieur IA	-	errored	2026-09-30T18:17:03.744Z	fm-2026-09-30-e	run ended without recording a result; check by hand before any retry
https://www.hellowork.com/fr-fr/emplois/81524307.html	https://www.hellowork.com/fr-fr/emplois/81524307.html	Max Digital Services	Ingénieur DevOps H/F	-	errored	2026-09-30T18:17:03.864Z	fm-2026-09-30-e	run ended without recording a result; check by hand before any retry
https://www.hellowork.com/fr-fr/emplois/81399427.html	https://www.hellowork.com/fr-fr/emplois/81399427.html	Sopra Steria	Ingénieur Ivv Segment Sol Mission - Spatial - Toulouse H/F	-	in-progress	2026-09-30T18:17:28.805Z	fm-2026-09-30-e	
https://www.hellowork.com/fr-fr/emplois/81526449.html	https://www.hellowork.com/fr-fr/emplois/81526449.html	Aktisea	Ingénieur DevOps H/F	-	in-progress	2026-09-30T18:17:44.158Z	fm-2026-09-30-e	
https://www.hellowork.com/fr-fr/emplois/81526449.html	https://www.hellowork.com/fr-fr/emplois/81526449.html	Aktisea	Ingénieur DevOps H/F	-	errored	2026-09-30T18:20:06.309Z	fm-2026-09-30-e	run ended without recording a result; check by hand before any retry
https://www.hellowork.com/fr-fr/emplois/81526449.html	https://www.hellowork.com/fr-fr/emplois/81526449.html	Aktisea	Ingénieur DevOps H/F	-	errored	2026-09-30T18:20:06.399Z	fm-2026-09-30-e	run ended without recording a result; check by hand before any retry
https://www.hellowork.com/fr-fr/emplois/81399427.html	https://www.hellowork.com/fr-fr/emplois/81399427.html	Sopra Steria	Ingénieur Ivv Segment Sol Mission - Spatial - Toulouse H/F	-	errored	2026-09-30T18:20:48.653Z	fm-2026-09-30-e	stopped: two run loops were running at once (Camoufox clash); retry
https://www.hellowork.com/fr-fr/emplois/83467335.html	https://www.hellowork.com/fr-fr/emplois/83467335.html	Sopra Steria	Ingénieur Back-End Cloud Senior IA Générative - Toulouse H/F	-	in-progress	2026-09-30T18:21:17.681Z	fm-2026-09-30-e	
https://www.hellowork.com/fr-fr/emplois/83467335.html	https://www.hellowork.com/fr-fr/emplois/83467335.html	Sopra Steria	Ingénieur Back-End Cloud Senior IA Générative - Toulouse H/F	-	submitted	2026-09-30T18:24:07.888Z	fm-2026-09-30-e	Félicitations ! Votre candidature au poste de Ingénieur Back-End Cloud Senior IA Générative - Toulouse H/F va être transmise à Sopra Steria. Retrouvez l'historique de vos candidatures dans votre espace candidat.
https://www.hellowork.com/fr-fr/emplois/83401793.html	https://www.hellowork.com/fr-fr/emplois/83401793.html	Devoteam France	Gcp Cloud Engineer H/F	-	in-progress	2026-09-30T18:24:45.413Z	fm-2026-09-30-e	
https://www.hellowork.com/fr-fr/emplois/83401793.html	https://www.hellowork.com/fr-fr/emplois/83401793.html	Devoteam France	Gcp Cloud Engineer H/F	-	submitted	2026-09-30T18:27:56.829Z	fm-2026-09-30-e	Application submitted via HelloWork. Redirected to bounce page: Devenez visible des autres recruteurs (offerId=83401793)
https://www.hellowork.com/fr-fr/emplois/83421841.html	https://www.hellowork.com/fr-fr/emplois/83421841.html	fortil group	Développeur Python H/F	-	in-progress	2026-09-30T18:28:31.510Z	fm-2026-09-30-e	
https://www.hellowork.com/fr-fr/emplois/83421841.html	https://www.hellowork.com/fr-fr/emplois/83421841.html	fortil group	Développeur Python H/F	-	submitted	2026-09-30T18:39:26.719Z	fm-2026-09-30-e	Félicitations ! Votre candidature au poste de Développeur Python H/F va être transmise à fortil group.
https://www.hellowork.com/fr-fr/emplois/83780980.html	https://www.hellowork.com/fr-fr/emplois/83780980.html?utm_campaign=staffing+-+apec+-+marketing%2Cgraphisme%2Caudiovisuel%2Cpub&utm_content=fluxapec&utm_medium=metamoteurs-free&utm_source=apec&utm_term=83780980	Hellowork	Ingénieur Intégration Linux - Kubernetes F/H	-	errored	2026-09-30T19:10:29.307Z	fm-2026-09-30-d	check-sent: no HelloWork email: probably not sent (inbox, 2026-09-30); retry
https://www.hellowork.com/fr-fr/emplois/60660149.html	https://www.hellowork.com/fr-fr/emplois/60660149.html	Hardis Group	Architecte Logiciel Cloud Azure H/F	-	errored	2026-09-30T19:10:29.430Z	fm-2026-09-30-d	check-sent: no HelloWork email: probably not sent (inbox, 2026-09-30); retry
https://www.hellowork.com/fr-fr/emplois/69886526.html	https://www.hellowork.com/fr-fr/emplois/69886526.html	CGI	Ingénieur DevOps Infrastructure H/F	-	errored	2026-09-30T19:10:29.540Z	fm-2026-09-30-d	check-sent: no HelloWork email: probably not sent (inbox, 2026-09-30); retry
https://www.hellowork.com/fr-fr/emplois/83873911.html	https://www.hellowork.com/fr-fr/emplois/83873911.html	Amazon	Software Development Engineer Operational Research And Development Operational Research Aws Security H/F	-	submitted	2026-09-30T19:10:29.663Z	fm-2026-09-30-d	check-sent: passed to employer site; employer confirmed (inbox, 2026-09-30)
https://www.hellowork.com/fr-fr/emplois/76607355.html	https://www.hellowork.com/fr-fr/emplois/76607355.html	Amazon	Senior Software Development Engineer - Security Automation Aws Security Opres H/F	-	submitted	2026-09-30T19:10:29.770Z	fm-2026-09-30-d	check-sent: passed to employer site; employer confirmed (inbox, 2026-09-30)
https://www.welcometothejungle.com/en/companies/exalt/jobs/ai-engineer_paris	https://www.welcometothejungle.com/en/companies/exalt/jobs/ai-engineer_paris	eXalt	AI engineer	-	in-progress	2026-09-30T19:13:36.412Z	fm-2026-09-30-e	
https://www.welcometothejungle.com/en/companies/exalt/jobs/ai-engineer_paris	https://www.welcometothejungle.com/en/companies/exalt/jobs/ai-engineer_paris	eXalt	AI engineer	-	submitted	2026-09-30T19:15:48.823Z	fm-2026-09-30-e	Your application has been sent. You can track it in your Application tracking space.
https://www.welcometothejungle.com/en/companies/jakala/jobs/data-product-owner-data-intelligence-senior-consultant_paris	https://www.welcometothejungle.com/en/companies/jakala/jobs/data-product-owner-data-intelligence-senior-consultant_paris	JAKALA	Data Product Owner / Data Intelligence - Senior Consultant	-	in-progress	2026-09-30T19:16:05.490Z	fm-2026-09-30-e	
https://www.welcometothejungle.com/en/companies/jakala/jobs/data-product-owner-data-intelligence-senior-consultant_paris	https://www.welcometothejungle.com/en/companies/jakala/jobs/data-product-owner-data-intelligence-senior-consultant_paris	JAKALA	Data Product Owner / Data Intelligence - Senior Consultant	-	submitted	2026-09-30T19:18:56.397Z	fm-2026-09-30-e	Your application has been sent You can track it in your Application tracking space.
https://www.welcometothejungle.com/en/companies/kiiro/jobs/ingenieur-ia_paris	https://www.welcometothejungle.com/en/companies/kiiro/jobs/ingenieur-ia_paris	Kiiro	Ingénieur IA	-	in-progress	2026-09-30T19:19:41.076Z	fm-2026-09-30-e	
https://www.welcometothejungle.com/en/companies/kiiro/jobs/ingenieur-ia_paris	https://www.welcometothejungle.com/en/companies/kiiro/jobs/ingenieur-ia_paris	Kiiro	Ingénieur IA	-	submitted	2026-09-30T19:21:59.325Z	fm-2026-09-30-e	Your application has been sent You can track it in your Application tracking space.
https://www.hellowork.com/fr-fr/emplois/83624507.html	https://www.hellowork.com/fr-fr/emplois/83624507.html	Akkodis	Ingénieur Système H/F	-	in-progress	2026-09-30T19:22:24.034Z	fm-2026-09-30-e	
https://www.hellowork.com/fr-fr/emplois/83624507.html	https://www.hellowork.com/fr-fr/emplois/83624507.html	Akkodis	Ingénieur Système H/F	-	submitted	2026-09-30T19:26:25.851Z	fm-2026-09-30-e	FROM: No Reply <do-not-reply@akkodis.com> - SUBJECT: Votre candidature au poste de Ingénieur Système H/F - Confirmation email received
https://www.hellowork.com/fr-fr/emplois/79226274.html	https://www.hellowork.com/fr-fr/emplois/79226274.html	ALTEN	Ingénieur Systèmes H/F	-	in-progress	2026-09-30T19:26:44.429Z	fm-2026-09-30-e	
https://www.hellowork.com/fr-fr/emplois/79226274.html	https://www.hellowork.com/fr-fr/emplois/79226274.html	ALTEN	Ingénieur Systèmes H/F	-	submitted	2026-09-30T19:28:55.257Z	fm-2026-09-30-e	Félicitations ! Votre candidature au poste de Ingénieur Systèmes H/F va être transmise à ALTEN. Retrouvez l'historique de vos candidatures dans votre espace candidat.
https://www.hellowork.com/fr-fr/emplois/81534783.html	https://www.hellowork.com/fr-fr/emplois/81534783.html	Devoteam France	Expert DevOps Kubernetes H/F	-	in-progress	2026-09-30T19:29:14.704Z	fm-2026-09-30-e	
https://www.hellowork.com/fr-fr/emplois/81534783.html	https://www.hellowork.com/fr-fr/emplois/81534783.html	Devoteam France	Expert DevOps Kubernetes H/F	-	submitted	2026-09-30T19:32:19.915Z	fm-2026-09-30-e	Félicitations ! Votre candidature au poste de Expert DevOps Kubernetes H/F va être transmise à Devoteam France.
https://www.hellowork.com/fr-fr/emplois/83549314.html	https://www.hellowork.com/fr-fr/emplois/83549314.html	Eviden	Application Developer H/F	-	in-progress	2026-09-30T19:32:49.640Z	fm-2026-09-30-e	
https://www.hellowork.com/fr-fr/emplois/83549314.html	https://www.hellowork.com/fr-fr/emplois/83549314.html	Eviden	Application Developer H/F	-	errored	2026-09-30T19:34:46.032Z	fm-2026-09-30-e	Job button 'Postuler sur le site du recruteur' redirects externally to jobs.atos.net
https://www.hellowork.com/fr-fr/emplois/73669429.html	https://www.hellowork.com/fr-fr/emplois/73669429.html	Open	Ingénieur DevOps Kubernetes H/F	-	in-progress	2026-09-30T19:35:11.879Z	fm-2026-09-30-e	
https://www.hellowork.com/fr-fr/emplois/73669429.html	https://www.hellowork.com/fr-fr/emplois/73669429.html	Open	Ingénieur DevOps Kubernetes H/F	-	submitted	2026-09-30T19:38:42.394Z	fm-2026-09-30-e	Félicitations ! Votre candidature au poste de Ingénieur DevOps Kubernetes H/F va être transmise à Open.
https://www.hellowork.com/fr-fr/emplois/75757094.html	https://www.hellowork.com/fr-fr/emplois/75757094.html	CGI	Ingénieur Observabilité - Sre H/F	-	in-progress	2026-09-30T19:39:10.347Z	fm-2026-09-30-e	
https://www.hellowork.com/fr-fr/emplois/75757094.html	https://www.hellowork.com/fr-fr/emplois/75757094.html	CGI	Ingénieur Observabilité - Sre H/F	-	submitted	2026-09-30T19:45:17.747Z	fm-2026-09-30-e	Félicitations ! Votre candidature au poste de Ingénieur Observabilité - Sre H/F va être transmise à CGI.
https://www.welcometothejungle.com/en/companies/aqemia-1/jobs/site-reliability-engineer_paris_n7kkifzq	https://www.welcometothejungle.com/en/companies/aqemia-1/jobs/site-reliability-engineer_paris_n7kkifzq	Aqemia	Site Reliability Engineer	-	in-progress	2026-09-30T19:46:11.718Z	fm-2026-09-30-e	
https://www.welcometothejungle.com/en/companies/aqemia-1/jobs/site-reliability-engineer_paris_n7kkifzq	https://www.welcometothejungle.com/en/companies/aqemia-1/jobs/site-reliability-engineer_paris_n7kkifzq	Aqemia	Site Reliability Engineer	-	already-applied	2026-09-30T19:54:51.471Z	fm-2026-09-30-e	Site says application was already received on September 28, 2026
https://www.hellowork.com/fr-fr/emplois/72024035.html	https://www.hellowork.com/fr-fr/emplois/72024035.html	Sopra Steria	Architecte Technique - Solutions IT - Air Traffic Management Atm - Toulouse H/F	-	in-progress	2026-09-30T19:55:54.032Z	fm-2026-09-30-e	
https://www.hellowork.com/fr-fr/emplois/72024035.html	https://www.hellowork.com/fr-fr/emplois/72024035.html	Sopra Steria	Architecte Technique - Solutions IT - Air Traffic Management Atm - Toulouse H/F	-	submitted	2026-09-30T20:06:04.996Z	fm-2026-09-30-e	Félicitations ! Votre candidature au poste de Architecte Technique - Solutions IT - Air Traffic Management Atm - Toulouse H/F va être transmise à Sopra Steria.
https://www.hellowork.com/fr-fr/emplois/83951060.html	https://www.hellowork.com/fr-fr/emplois/83951060.html	Finaxys	Finaxys Recrute un Ingénieur DevOps - CDI H/F	-	in-progress	2026-09-30T20:07:20.409Z	fm-2026-09-30-e	
https://www.hellowork.com/fr-fr/emplois/83951060.html	https://www.hellowork.com/fr-fr/emplois/83951060.html	Finaxys	Finaxys Recrute un Ingénieur DevOps - CDI H/F	-	submitted	2026-09-30T20:19:07.111Z	fm-2026-09-30-e	Application successfully submitted via Collective ATS (Collective.work) after redirect from HelloWork. Confirmation on app.collective.work: Vous avez postulé à cette opportunité.
https://www.cadremploi.fr/emploi/detail_offre?offreId=156550306001978543&provenance=apec	https://www.cadremploi.fr/emploi/detail_offre?offreId=156550306001978543&provenance=apec&utm_source=apec&utm_medium=flux&utm_campaign=apec_agregateur__flux_offres	cadremploi	Ingénieur DevOps — Déploiement d'une plateforme low-code (Citizen Dev) F/H	-	in-progress	2026-09-30T20:20:09.743Z	fm-2026-09-30-e	
https://www.cadremploi.fr/emploi/detail_offre?offreId=156550306001978543&provenance=apec	https://www.cadremploi.fr/emploi/detail_offre?offreId=156550306001978543&provenance=apec&utm_source=apec&utm_medium=flux&utm_campaign=apec_agregateur__flux_offres	cadremploi	Ingénieur DevOps — Déploiement d'une plateforme low-code (Citizen Dev) F/H	-	errored	2026-09-30T20:25:05.961Z	fm-2026-09-30-e	Closed posting: Désolé, cette offre est expirée.
https://www.cadremploi.fr/emploi/detail_offre?offreId=156549926639969559&provenance=apec	https://www.cadremploi.fr/emploi/detail_offre?offreId=156549926639969559&provenance=apec&utm_source=apec&utm_medium=flux&utm_campaign=apec_agregateur__flux_offres	cadremploi	Consultant/Consultante Avant Vente infrastructure 3-tiers F/H	-	in-progress	2026-09-30T20:25:36.286Z	fm-2026-09-30-e	
https://www.cadremploi.fr/emploi/detail_offre?offreId=156549926639969559&provenance=apec	https://www.cadremploi.fr/emploi/detail_offre?offreId=156549926639969559&provenance=apec&utm_source=apec&utm_medium=flux&utm_campaign=apec_agregateur__flux_offres	cadremploi	Consultant/Consultante Avant Vente infrastructure 3-tiers F/H	-	submitted	2026-09-30T20:32:15.416Z	fm-2026-09-30-e	Votre candidature à l’offre 2026-44509 – Consultant/Consultante Avant Vente infrastructure 3-tiers a bien été envoyée
https://www.engagement-jeunes.com/fr/detail-offre/39000481/cdi-alten-data-engineer-plateforme-data-engineering-h-f.html	https://www.engagement-jeunes.com/fr/detail-offre/39000481/cdi-alten-data-engineer-plateforme-data-engineering-h-f.html	Proaxian	Data Engineer – Plateforme Data Engineering F/H	-	in-progress	2026-09-30T20:32:42.272Z	fm-2026-09-30-e	reclaimed after validation-failed
https://www.engagement-jeunes.com/fr/detail-offre/39000481/cdi-alten-data-engineer-plateforme-data-engineering-h-f.html	https://www.engagement-jeunes.com/fr/detail-offre/39000481/cdi-alten-data-engineer-plateforme-data-engineering-h-f.html	Proaxian	Data Engineer – Plateforme Data Engineering F/H	-	submitted	2026-09-30T20:43:40.239Z	fm-2026-09-30-e	Votre candidature pour le poste de Data Engineer – Plateforme Data Engineering (H/F) chez ALTEN a bien été envoyée.
https://www.free-work.com/fr/tech-it/ingenieur-de-production/job-mission/ingenieur-production-it-junior-f-h	https://www.free-work.com/fr/tech-it/ingenieur-de-production/job-mission/ingenieur-production-it-junior-f-h	Atlanse	Ingénieur Production IT – Junior (F/H)	-	in-progress	2026-09-30T20:44:05.897Z	fm-2026-09-30-e	
https://www.free-work.com/fr/tech-it/ingenieur-de-production/job-mission/ingenieur-production-it-junior-f-h	https://www.free-work.com/fr/tech-it/ingenieur-de-production/job-mission/ingenieur-production-it-junior-f-h	Atlanse	Ingénieur Production IT – Junior (F/H)	-	submitted	2026-09-30T20:45:40.325Z	fm-2026-09-30-e	Votre candidature a été envoyée avec succès.
https://www.hellowork.com/fr-fr/emplois/81747205.html	https://www.hellowork.com/fr-fr/emplois/81747205.html	HOUSE OF ABY	Développeur C++ H/F	-	in-progress	2026-09-30T20:46:04.361Z	fm-2026-09-30-e	
https://www.hellowork.com/fr-fr/emplois/81747205.html	https://www.hellowork.com/fr-fr/emplois/81747205.html	HOUSE OF ABY	Développeur C++ H/F	-	submitted	2026-09-30T20:49:43.986Z	fm-2026-09-30-e	Félicitations ! Votre candidature au poste de Développeur C++ H/F va être transmise à HOUSE OF ABY. Retrouvez l'historique de vos candidatures dans votre espace candidat.
https://www.hellowork.com/fr-fr/emplois/82678280.html	https://www.hellowork.com/fr-fr/emplois/82678280.html	Noveo group	Senio Data Analyst - Engineer - Paris H/F	-	in-progress	2026-09-30T20:50:09.657Z	fm-2026-09-30-e	
https://www.hellowork.com/fr-fr/emplois/82678280.html	https://www.hellowork.com/fr-fr/emplois/82678280.html	Noveo group	Senio Data Analyst - Engineer - Paris H/F	-	errored	2026-09-30T20:53:25.898Z	fm-2026-09-30-e	HelloWork phone step not accepted
https://www.hellowork.com/fr-fr/emplois/81717804.html	https://www.hellowork.com/fr-fr/emplois/81717804.html	Hymaïa	Candidature Spontanée H/F	-	in-progress	2026-09-30T20:53:49.750Z	fm-2026-09-30-e	
https://www.hellowork.com/fr-fr/emplois/81717804.html	https://www.hellowork.com/fr-fr/emplois/81717804.html	Hymaïa	Candidature Spontanée H/F	-	submitted	2026-09-30T20:56:05.773Z	fm-2026-09-30-e	Félicitations ! Votre candidature au poste de Candidature Spontanée H/F va être transmise à Hymaïa.
https://www.hellowork.com/fr-fr/emplois/83754875.html	https://www.hellowork.com/fr-fr/emplois/83754875.html	Matera	CDI - Genai Engineer H/F	-	in-progress	2026-09-30T20:56:28.532Z	fm-2026-09-30-e	
https://www.hellowork.com/fr-fr/emplois/83754875.html	https://www.hellowork.com/fr-fr/emplois/83754875.html	Matera	CDI - Genai Engineer H/F	-	submitted	2026-09-30T20:59:36.914Z	fm-2026-09-30-e	Tout est bon ! Ta candidature a été envoyée avec succès !
https://www.hellowork.com/fr-fr/emplois/83755762.html	https://www.hellowork.com/fr-fr/emplois/83755762.html	Team.is	Forward Deployed Engineer H/F	-	in-progress	2026-09-30T20:59:56.262Z	fm-2026-09-30-e	
https://www.hellowork.com/fr-fr/emplois/83755762.html	https://www.hellowork.com/fr-fr/emplois/83755762.html	Team.is	Forward Deployed Engineer H/F	-	submitted	2026-09-30T21:02:34.823Z	fm-2026-09-30-e	Félicitations ! Votre candidature au poste de Forward Deployed Engineer H/F va être transmise à Team.is. Retrouvez l'historique de vos candidatures dans votre espace candidat.
https://www.hellowork.com/fr-fr/emplois/82652292.html	https://www.hellowork.com/fr-fr/emplois/82652292.html	Epsyl	Ingénieur Full Stack H/F	-	in-progress	2026-09-30T21:02:55.003Z	fm-2026-09-30-e	
https://www.hellowork.com/fr-fr/emplois/82652292.html	https://www.hellowork.com/fr-fr/emplois/82652292.html	Epsyl	Ingénieur Full Stack H/F	-	submitted	2026-09-30T21:05:35.479Z	fm-2026-09-30-e	Félicitations ! Votre candidature au poste de Ingénieur Full Stack H/F va être transmise à Epsyl. Retrouvez l'historique de vos candidatures dans votre espace candidat.
https://www.welcometothejungle.com/en/companies/deloitte/jobs/architecte-si-consultant-experimente-f-h_paris-la-defense	https://www.welcometothejungle.com/en/companies/deloitte/jobs/architecte-si-consultant-experimente-f-h_paris-la-defense	Deloitte	Architecte SI - Consultant expérimenté F/H	-	in-progress	2026-09-30T21:05:54.597Z	fm-2026-09-30-e	
https://www.welcometothejungle.com/en/companies/deloitte/jobs/architecte-si-consultant-experimente-f-h_paris-la-defense	https://www.welcometothejungle.com/en/companies/deloitte/jobs/architecte-si-consultant-experimente-f-h_paris-la-defense	Deloitte	Architecte SI - Consultant expérimenté F/H	-	errored	2026-09-30T21:08:33.268Z	fm-2026-09-30-e	Workday portal sign-in/registration form buttons in headless browser do not trigger form submission or account creation
https://www.talents-handicap.com/315-wavestone/344246-consultant-e-junior-analyst-en-transformation-digitale-cto-advisory-plateformes-digitales-cdi-42?src=FranceTravail	https://www.talents-handicap.com/315-wavestone/344246-consultant-e-junior-analyst-en-transformation-digitale-cto-advisory-plateformes-digitales-cdi-42?src=FranceTravail	Wavestone	Consultant-e Junior (Analyst) en Transformation Digitale - CTO Advisory / Plateformes digitales - CDI (H/F)	-	in-progress	2026-09-30T21:08:48.148Z	fm-2026-09-30-e	
https://www.talents-handicap.com/315-wavestone/344246-consultant-e-junior-analyst-en-transformation-digitale-cto-advisory-plateformes-digitales-cdi-42?src=FranceTravail	https://www.talents-handicap.com/315-wavestone/344246-consultant-e-junior-analyst-en-transformation-digitale-cto-advisory-plateformes-digitales-cdi-42?src=FranceTravail	Wavestone	Consultant-e Junior (Analyst) en Transformation Digitale - CTO Advisory / Plateformes digitales - CDI (H/F)	-	submitted	2026-09-30T21:16:05.850Z	fm-2026-09-30-e	Votre candidature a bien été envoyée ! Votre candidature pour le poste de Consultant·e Junior (Analyst) en Transformation Digitale – CTO Advisory / Plateformes digitales – CDI a bien été transmise à Wavestone.
https://www.hellowork.com/fr-fr/emplois/83640483.html	https://www.hellowork.com/fr-fr/emplois/83640483.html	Atos	Ingénieur Cloud - Infra - DevOps H/F	-	in-progress	2026-09-30T21:16:26.060Z	fm-2026-09-30-e	
https://www.hellowork.com/fr-fr/emplois/83640483.html	https://www.hellowork.com/fr-fr/emplois/83640483.html	Atos	Ingénieur Cloud - Infra - DevOps H/F	-	errored	2026-09-30T21:18:37.175Z	fm-2026-09-30-e	HelloWork external apply link returns HTTP 400 when submitting candidacy form
https://www.hellowork.com/fr-fr/emplois/83640483.html	https://www.hellowork.com/fr-fr/emplois/83640483.html	Atos	Ingénieur Cloud - Infra - DevOps H/F	-	in-progress	2026-09-30T21:18:55.700Z	fm-2026-09-30-e	reclaimed after errored
https://www.hellowork.com/fr-fr/emplois/83640483.html	https://www.hellowork.com/fr-fr/emplois/83640483.html	Atos	Ingénieur Cloud - Infra - DevOps H/F	-	captcha	2026-09-30T21:20:01.618Z	fm-2026-09-30-e	HelloWork redirects to Atos SuccessFactors; its sign-in asks for a reCAPTCHA (Je ne suis pas un robot), not attempted
https://www.hellowork.com/fr-fr/emplois/83598018.html	https://www.hellowork.com/fr-fr/emplois/83598018.html	FINEISEL RECRUTEMENT	Développeur Data - Outil d'Audit et de Rapprochement d'Adresses H/F	-	in-progress	2026-09-30T21:20:15.138Z	fm-2026-09-30-e	
https://www.hellowork.com/fr-fr/emplois/83598018.html	https://www.hellowork.com/fr-fr/emplois/83598018.html	FINEISEL RECRUTEMENT	Développeur Data - Outil d'Audit et de Rapprochement d'Adresses H/F	-	submitted	2026-09-30T21:21:30.300Z	fm-2026-09-30-e	Félicitations ! Votre candidature au poste de Développeur Data ... va être transmise à FINEISEL.
https://www.hellowork.com/fr-fr/emplois/82517058.html	https://www.hellowork.com/fr-fr/emplois/82517058.html	Audensiel Technologies	Chef de Projet Ivv H/F	-	in-progress	2026-09-30T21:21:46.847Z	fm-2026-09-30-e	
https://www.hellowork.com/fr-fr/emplois/82517058.html	https://www.hellowork.com/fr-fr/emplois/82517058.html	Audensiel Technologies	Chef de Projet Ivv H/F	-	submitted	2026-09-30T21:23:04.435Z	fm-2026-09-30-e	HelloWork: Félicitations ! Votre candidature au poste de Chef de Projet Ivv H/F va être transmise à Audensiel Technologies.
https://www.hellowork.com/fr-fr/emplois/78126141.html	https://www.hellowork.com/fr-fr/emplois/78126141.html	CGI	Consultant IA Expérimenté - Services Financiers H/F	-	in-progress	2026-09-30T21:23:17.196Z	fm-2026-09-30-e	
https://www.hellowork.com/fr-fr/emplois/78126141.html	https://www.hellowork.com/fr-fr/emplois/78126141.html	CGI	Consultant IA Expérimenté - Services Financiers H/F	-	submitted	2026-09-30T21:24:30.615Z	fm-2026-09-30-e	Félicitations ! Votre candidature au poste de Consultant IA Expérimenté - Services Financiers H/F va être transmise à CGI.
https://www.welcometothejungle.com/en/companies/wavestone/jobs/consultant-e-machine-learning-ai-engineer-jeune-diplome-e-h-f_puteaux	https://www.welcometothejungle.com/en/companies/wavestone/jobs/consultant-e-machine-learning-ai-engineer-jeune-diplome-e-h-f_puteaux	Wavestone	Consultant·e Machine Learning & AI Engineer – Jeune diplômé·e (H/F)	-	in-progress	2026-09-30T21:24:43.228Z	fm-2026-09-30-e	
https://www.welcometothejungle.com/en/companies/wavestone/jobs/consultant-e-machine-learning-ai-engineer-jeune-diplome-e-h-f_puteaux	https://www.welcometothejungle.com/en/companies/wavestone/jobs/consultant-e-machine-learning-ai-engineer-jeune-diplome-e-h-f_puteaux	Wavestone	Consultant·e Machine Learning & AI Engineer – Jeune diplômé·e (H/F)	-	submitted	2026-09-30T21:26:27.737Z	fm-2026-09-30-e	WTTJ: 'Your application has been sent. You can track it in your Application tracking space.'
https://www.hellowork.com/fr-fr/emplois/83477343.html	https://www.hellowork.com/fr-fr/emplois/83477343.html	Atexis	Ingénieur IA H/F	-	in-progress	2026-09-30T21:26:40.848Z	fm-2026-09-30-e	
https://www.hellowork.com/fr-fr/emplois/83477343.html	https://www.hellowork.com/fr-fr/emplois/83477343.html	Atexis	Ingénieur IA H/F	-	submitted	2026-09-30T21:27:27.252Z	fm-2026-09-30-e	Félicitations ! Votre candidature au poste de Ingénieur IA H/F va être transmise à Atexis.
https://www.welcometothejungle.com/en/companies/exalt/jobs/devops-engineer-h-f_bordeaux	https://www.welcometothejungle.com/en/companies/exalt/jobs/devops-engineer-h-f_bordeaux	eXalt	DevOps Engineer (H/F)	-	in-progress	2026-09-30T21:27:39.891Z	fm-2026-09-30-e	
https://www.welcometothejungle.com/en/companies/exalt/jobs/devops-engineer-h-f_bordeaux	https://www.welcometothejungle.com/en/companies/exalt/jobs/devops-engineer-h-f_bordeaux	eXalt	DevOps Engineer (H/F)	-	submitted	2026-09-30T21:28:36.602Z	fm-2026-09-30-e	Page said: Your application has been sent. You can track it in your Application tracking space.
https://www.welcometothejungle.com/en/companies/wavestone/jobs/senior-consultant-product-data-scientist-h-f_puteaux	https://www.welcometothejungle.com/en/companies/wavestone/jobs/senior-consultant-product-data-scientist-h-f_puteaux	Wavestone	Senior Consultant - Product Data Scientist (H/F)	-	in-progress	2026-09-30T21:28:49.376Z	fm-2026-09-30-e	
https://www.welcometothejungle.com/en/companies/wavestone/jobs/senior-consultant-product-data-scientist-h-f_puteaux	https://www.welcometothejungle.com/en/companies/wavestone/jobs/senior-consultant-product-data-scientist-h-f_puteaux	Wavestone	Senior Consultant - Product Data Scientist (H/F)	-	submitted	2026-09-30T21:30:47.663Z	fm-2026-09-30-e	Confirmation: 'Your application has been sent. You can track it in your Application tracking space.'
https://www.hellowork.com/fr-fr/emplois/78051249.html	https://www.hellowork.com/fr-fr/emplois/78051249.html	Davidson consulting	Ingénieur DevOps H/F	-	in-progress	2026-09-30T21:31:01.414Z	fm-2026-09-30-e	
https://www.hellowork.com/fr-fr/emplois/78051249.html	https://www.hellowork.com/fr-fr/emplois/78051249.html	Davidson consulting	Ingénieur DevOps H/F	-	submitted	2026-09-30T21:31:54.194Z	fm-2026-09-30-e	HelloWork: Félicitations ! Votre candidature au poste de Ingénieur DevOps H/F va être transmise à Davidson consulting.
https://www.hellowork.com/fr-fr/emplois/81356974.html	https://www.hellowork.com/fr-fr/emplois/81356974.html	SOMA	Product Manager Data - Migration Cloud Gcp H/F	-	in-progress	2026-09-30T21:32:06.540Z	fm-2026-09-30-e	
https://www.hellowork.com/fr-fr/emplois/81356974.html	https://www.hellowork.com/fr-fr/emplois/81356974.html	SOMA	Product Manager Data - Migration Cloud Gcp H/F	-	submitted	2026-09-30T21:33:05.210Z	fm-2026-09-30-e	Félicitations ! Votre candidature au poste de Product Manager Data - Migration Cloud Gcp H/F va être transmise à SOMA.
https://www.jobposting.pro/emploi-2699923-120	https://www.jobposting.pro/emploi-2699923-120	SOHOFT	Ingénieur d'affaires Senior (H/F)	-	in-progress	2026-09-30T21:33:17.241Z	fm-2026-09-30-e	
https://www.jobposting.pro/emploi-2699923-120	https://www.jobposting.pro/emploi-2699923-120	SOHOFT	Ingénieur d'affaires Senior (H/F)	-	submitted	2026-09-30T21:33:57.426Z	fm-2026-09-30-e	Candidature bien reçue ! ... Merci ! Nous vous confirmons la bonne prise en compte de vos informations. Votre candidature est maintenant complète.
https://www.hellowork.com/fr-fr/emplois/81815707.html	https://www.hellowork.com/fr-fr/emplois/81815707.html	Niji	Consultant Data - IA H/F	-	in-progress	2026-09-30T21:34:09.420Z	fm-2026-09-30-e	
https://www.hellowork.com/fr-fr/emplois/81815707.html	https://www.hellowork.com/fr-fr/emplois/81815707.html	Niji	Consultant Data - IA H/F	-	submitted	2026-09-30T21:36:53.397Z	fm-2026-09-30-e	Teamtailor (carrieres.niji.fr) after email verification: 'Merci pour votre candidature. Nous avons reçu votre candidature et l'examinerons dans les plus brefs délais.'
https://www.hellowork.com/fr-fr/emplois/83841806.html	https://www.hellowork.com/fr-fr/emplois/83841806.html	Temporis Interim	Développeur - Développeuse Informatique H/F	-	in-progress	2026-09-30T21:37:06.216Z	fm-2026-09-30-e	
https://www.hellowork.com/fr-fr/emplois/83841806.html	https://www.hellowork.com/fr-fr/emplois/83841806.html	Temporis Interim	Développeur - Développeuse Informatique H/F	-	submitted	2026-09-30T21:38:03.235Z	fm-2026-09-30-e	HelloWork: phone/city/postcode/address step accepted, Postuler clicked, redirected to hellowork.com/fr-fr/bounce/cv?origin=ResponseOffer (Devenez visible des autres recruteurs); no explicit Félicitations text, no confirmation email yet
https://www.hellowork.com/fr-fr/emplois/83766258.html	https://www.hellowork.com/fr-fr/emplois/83766258.html	Kaizen Solutions	Ingénieur en Développement Python H/F	-	in-progress	2026-09-30T21:38:17.758Z	fm-2026-09-30-e	
https://www.hellowork.com/fr-fr/emplois/83766258.html	https://www.hellowork.com/fr-fr/emplois/83766258.html	Kaizen Solutions	Ingénieur en Développement Python H/F	-	submitted	2026-09-30T21:39:10.388Z	fm-2026-09-30-e	HelloWork: Félicitations ! Votre candidature au poste de Ingénieur en Développement Python H/F va être transmise à Kaizen Solutions.
https://www.hellowork.com/fr-fr/emplois/74932893.html	https://www.hellowork.com/fr-fr/emplois/74932893.html	Informatis	Développeur Full Stack Confirmé H/F	-	in-progress	2026-09-30T21:39:23.432Z	fm-2026-09-30-e	
https://www.hellowork.com/fr-fr/emplois/74932893.html	https://www.hellowork.com/fr-fr/emplois/74932893.html	Informatis	Développeur Full Stack Confirmé H/F	-	errored	2026-09-30T21:39:59.168Z	fm-2026-09-30-e	HelloWork redirects to informatis-ts.fr, which has no web form, only a mailto link to recrutement@informatis-ts.fr; nothing sent
https://www.hellowork.com/fr-fr/emplois/82599583.html	https://www.hellowork.com/fr-fr/emplois/82599583.html	SOCOTEC	Développeur Fullstack Confirmé H/F	-	in-progress	2026-09-30T21:40:10.688Z	fm-2026-09-30-e	
https://www.hellowork.com/fr-fr/emplois/82599583.html	https://www.hellowork.com/fr-fr/emplois/82599583.html	SOCOTEC	Développeur Fullstack Confirmé H/F	-	submitted	2026-09-30T21:41:01.520Z	fm-2026-09-30-e	HelloWork: Félicitations ! Votre candidature au poste de Développeur Fullstack Confirmé H/F va être transmise à SOCOTEC.
https://www.hellowork.com/fr-fr/emplois/83694240.html	https://www.hellowork.com/fr-fr/emplois/83694240.html	Atos	& Data Engineer H/F	-	in-progress	2026-09-30T21:41:13.892Z	fm-2026-09-30-e	
https://www.hellowork.com/fr-fr/emplois/83694240.html	https://www.hellowork.com/fr-fr/emplois/83694240.html	Atos	& Data Engineer H/F	-	captcha	2026-09-30T21:42:09.586Z	fm-2026-09-30-e	HelloWork redirects to Atos SuccessFactors (career5.successfactors.eu) login with reCAPTCHA checkbox; aborted per captcha rule
https://www.hellowork.com/fr-fr/emplois/82602183.html	https://www.hellowork.com/fr-fr/emplois/82602183.html	ALTEN	Data Engineer - Plateforme Data Engineering H/F	-	in-progress	2026-09-30T21:42:24.071Z	fm-2026-09-30-e	
https://www.hellowork.com/fr-fr/emplois/82602183.html	https://www.hellowork.com/fr-fr/emplois/82602183.html	ALTEN	Data Engineer - Plateforme Data Engineering H/F	-	submitted	2026-09-30T21:43:07.504Z	fm-2026-09-30-e	HelloWork: Félicitations ! Votre candidature au poste de Data Engineer - Plateforme Data Engineering H/F va être transmise à ALTEN.
https://www.talents-handicap.com/315-wavestone/344249-consultant-e-junior-analyst-en-transformation-digitale-cto-cio-advisory-cdi-46?src=FranceTravail	https://www.talents-handicap.com/315-wavestone/344249-consultant-e-junior-analyst-en-transformation-digitale-cto-cio-advisory-cdi-46?src=FranceTravail	France Travail	Consultant-e Junior (Analyst) en Transformation Digitale - CTO/CIO Advisory - CDI (H/F)	-	in-progress	2026-09-30T21:43:21.560Z	fm-2026-09-30-e	
https://www.talents-handicap.com/315-wavestone/344249-consultant-e-junior-analyst-en-transformation-digitale-cto-cio-advisory-cdi-46?src=FranceTravail	https://www.talents-handicap.com/315-wavestone/344249-consultant-e-junior-analyst-en-transformation-digitale-cto-cio-advisory-cdi-46?src=FranceTravail	France Travail	Consultant-e Junior (Analyst) en Transformation Digitale - CTO/CIO Advisory - CDI (H/F)	-	errored	2026-09-30T21:43:45.555Z	fm-2026-09-30-e	Posting is on Talents Handicap, reserved for candidates with RQTH or equivalent; candidate is not RQTH, so not applied. Also Bac+3 role based in Nanterre.
https://www.talents-handicap.com/315-wavestone/344249-consultant-e-junior-analyst-en-transformation-digitale-cto-cio-advisory-cdi-46?src=FranceTravail	https://www.talents-handicap.com/315-wavestone/344249-consultant-e-junior-analyst-en-transformation-digitale-cto-cio-advisory-cdi-46?src=FranceTravail	France Travail	Consultant-e Junior (Analyst) en Transformation Digitale - CTO/CIO Advisory - CDI (H/F)	-	in-progress	2026-09-30T22:14:03.745Z	fm-2026-09-30-e	reclaimed after errored
https://www.talents-handicap.com/315-wavestone/344249-consultant-e-junior-analyst-en-transformation-digitale-cto-cio-advisory-cdi-46?src=FranceTravail	https://www.talents-handicap.com/315-wavestone/344249-consultant-e-junior-analyst-en-transformation-digitale-cto-cio-advisory-cdi-46?src=FranceTravail	France Travail	Consultant-e Junior (Analyst) en Transformation Digitale - CTO/CIO Advisory - CDI (H/F)	-	submitted	2026-09-30T22:16:45.840Z	fm-2026-09-30-e	Wavestone SmartRecruiters (via Talents Handicap): 'Votre candidature a bien été envoyée !'
https://www.welcometothejungle.com/en/companies/the-adecco-group/jobs/cdi-data-engineer-f-h_toulon	https://www.welcometothejungle.com/en/companies/the-adecco-group/jobs/cdi-data-engineer-f-h_toulon	The Adecco Group	CDI - Data Engineer F/H	-	in-progress	2026-09-30T22:17:01.142Z	fm-2026-09-30-e	
https://www.welcometothejungle.com/en/companies/the-adecco-group/jobs/cdi-data-engineer-f-h_toulon	https://www.welcometothejungle.com/en/companies/the-adecco-group/jobs/cdi-data-engineer-f-h_toulon	The Adecco Group	CDI - Data Engineer F/H	-	submitted	2026-09-30T22:19:26.432Z	fm-2026-09-30-e	Nous tenons à vous informer que nous avons bien reçu votre candidature. Notre équipe de recrutement Akkodis va examiner votre candidature et vous contactera si vous faites partie des candidats sélectionnés.
https://www.hellowork.com/fr-fr/emplois/83626177.html	https://www.hellowork.com/fr-fr/emplois/83626177.html	Baldwin Partners	Ingénieur Systeme H/F	-	in-progress	2026-09-30T22:19:42.137Z	fm-2026-09-30-e	
https://www.hellowork.com/fr-fr/emplois/83626177.html	https://www.hellowork.com/fr-fr/emplois/83626177.html	Baldwin Partners	Ingénieur Systeme H/F	-	submitted	2026-09-30T22:21:50.227Z	fm-2026-09-30-e	Félicitations ! Votre candidature au poste de Ingénieur Systeme H/F va être transmise à Baldwin Partners.
https://www.hellowork.com/fr-fr/emplois/83592336.html	https://www.hellowork.com/fr-fr/emplois/83592336.html	TechFirm IS France	Ingénieur Ivvq H/F	-	in-progress	2026-09-30T22:22:21.863Z	fm-2026-09-30-e	
https://www.hellowork.com/fr-fr/emplois/83592336.html	https://www.hellowork.com/fr-fr/emplois/83592336.html	TechFirm IS France	Ingénieur Ivvq H/F	-	submitted	2026-09-30T22:24:33.741Z	fm-2026-09-30-e	Redirected to https://www.hellowork.com/fr-fr/bounce/cv?origin=ResponseOffer&offerId=83592336 (Devenez visible des autres recruteurs)
https://www.hellowork.com/fr-fr/emplois/83621429.html	https://www.hellowork.com/fr-fr/emplois/83621429.html	Klanik	Machine Learning Engineer H/F	-	in-progress	2026-09-30T22:24:45.285Z	fm-2026-09-30-e	
https://www.free-work.com/fr/tech-it/ingenieur-apres-vente/job-mission/ingenieur-ia-17	https://www.free-work.com/fr/tech-it/ingenieur-apres-vente/job-mission/ingenieur-ia-17	Freelance.com	Ingénieur IA	-	in-progress	2026-09-30T22:25:59.116Z	fm-2026-10-01-f	reclaimed after errored
https://www.hellowork.com/fr-fr/emplois/83621429.html	https://www.hellowork.com/fr-fr/emplois/83621429.html	Klanik	Machine Learning Engineer H/F	-	submitted	2026-09-30T22:26:48.728Z	fm-2026-09-30-e	Félicitations ! Votre candidature au poste de Machine Learning Engineer H/F va être transmise à Klanik.
https://www.welcometothejungle.com/en/companies/deloitte/jobs/senior-ai-software-engineer-f-h_grenoble	https://www.welcometothejungle.com/en/companies/deloitte/jobs/senior-ai-software-engineer-f-h_grenoble	Deloitte	Senior AI Software Engineer (F/H)	-	in-progress	2026-09-30T22:27:03.649Z	fm-2026-09-30-e	
https://www.welcometothejungle.com/en/companies/deloitte/jobs/senior-ai-software-engineer-f-h_grenoble	https://www.welcometothejungle.com/en/companies/deloitte/jobs/senior-ai-software-engineer-f-h_grenoble	Deloitte	Senior AI Software Engineer (F/H)	-	errored	2026-09-30T22:32:19.868Z	fm-2026-09-30-e	old run killed mid-job (two runs clashed on Camoufox); retried in fm-2026-10-01-f
https://www.free-work.com/fr/tech-it/ingenieur-apres-vente/job-mission/ingenieur-ia-17	https://www.free-work.com/fr/tech-it/ingenieur-apres-vente/job-mission/ingenieur-ia-17	Freelance.com	Ingénieur IA	-	submitted	2026-09-30T22:45:10.344Z	fm-2026-10-01-f	Ca y est, vous avez postule.. Votre candidature a ete envoyee avec succes.
https://www.hellowork.com/fr-fr/emplois/81399427.html	https://www.hellowork.com/fr-fr/emplois/81399427.html	Sopra Steria	Ingénieur Ivv Segment Sol Mission - Spatial - Toulouse H/F	-	in-progress	2026-09-30T22:46:05.995Z	fm-2026-10-01-f	reclaimed after errored
https://www.hellowork.com/fr-fr/emplois/81399427.html	https://www.hellowork.com/fr-fr/emplois/81399427.html	Sopra Steria	Ingénieur Ivv Segment Sol Mission - Spatial - Toulouse H/F	-	validation-failed	2026-09-30T22:47:52.748Z	fm-2026-10-01-f	HelloWork Postuler link not clickable / form not loaded
https://www.hellowork.com/fr-fr/emplois/82538003.html	https://www.hellowork.com/fr-fr/emplois/82538003.html	COSMOBILIS - BYMYCAR	Cloud Engineer H/F	-	in-progress	2026-09-30T22:48:08.384Z	fm-2026-10-01-f	reclaimed after errored
https://www.hellowork.com/fr-fr/emplois/82538003.html	https://www.hellowork.com/fr-fr/emplois/82538003.html	COSMOBILIS - BYMYCAR	Cloud Engineer H/F	-	submitted	2026-09-30T22:49:45.923Z	fm-2026-10-01-f	Félicitations ! Votre candidature au poste de Cloud Engineer H/F va être transmise à ByMyCar. Retrouvez l'historique de vos candidatures dans votre espace candidat.
https://www.hellowork.com/fr-fr/emplois/81524307.html	https://www.hellowork.com/fr-fr/emplois/81524307.html	Max Digital Services	Ingénieur DevOps H/F	-	in-progress	2026-09-30T22:49:59.343Z	fm-2026-10-01-f	reclaimed after errored
https://www.hellowork.com/fr-fr/emplois/81524307.html	https://www.hellowork.com/fr-fr/emplois/81524307.html	Max Digital Services	Ingénieur DevOps H/F	-	submitted	2026-09-30T22:53:34.552Z	fm-2026-10-01-f	Félicitations ! Votre candidature au poste de Ingénieur DevOps H/F va être transmise à Max Digital Services.
https://www.hellowork.com/fr-fr/emplois/81526449.html	https://www.hellowork.com/fr-fr/emplois/81526449.html	Aktisea	Ingénieur DevOps H/F	-	in-progress	2026-09-30T22:53:54.028Z	fm-2026-10-01-f	reclaimed after errored
https://www.hellowork.com/fr-fr/emplois/81526449.html	https://www.hellowork.com/fr-fr/emplois/81526449.html	Aktisea	Ingénieur DevOps H/F	-	submitted	2026-09-30T22:55:33.543Z	fm-2026-10-01-f	Félicitations ! Votre candidature au poste de Ingénieur DevOps H/F va être transmise à Aktisea. Retrouvez l'historique de vos candidatures dans votre espace candidat.
https://www.hellowork.com/fr-fr/emplois/83780980.html	https://www.hellowork.com/fr-fr/emplois/83780980.html	Hellowork	Ingénieur Intégration Linux - Kubernetes F/H	-	in-progress	2026-09-30T22:55:49.259Z	fm-2026-10-01-f	reclaimed after errored
https://www.hellowork.com/fr-fr/emplois/83780980.html	https://www.hellowork.com/fr-fr/emplois/83780980.html	Hellowork	Ingénieur Intégration Linux - Kubernetes F/H	-	submitted	2026-09-30T22:58:56.730Z	fm-2026-10-01-f	Vous avez déjà postulé à cette offre. Nous ne pouvons pas transmettre une 2ème fois votre candidature au recruteur.
https://www.hellowork.com/fr-fr/emplois/60660149.html	https://www.hellowork.com/fr-fr/emplois/60660149.html	Hardis Group	Architecte Logiciel Cloud Azure H/F	-	in-progress	2026-09-30T22:59:24.144Z	fm-2026-10-01-f	reclaimed after errored
https://www.hellowork.com/fr-fr/emplois/60660149.html	https://www.hellowork.com/fr-fr/emplois/60660149.html	Hardis Group	Architecte Logiciel Cloud Azure H/F	-	submitted	2026-09-30T23:01:40.364Z	fm-2026-10-01-f	Félicitations ! Votre candidature au poste de Architecte Logiciel Cloud Azure H/F va être transmise à Hardis Group. Retrouvez l'historique de vos candidatures dans votre espace candidat.
https://www.hellowork.com/fr-fr/emplois/69886526.html	https://www.hellowork.com/fr-fr/emplois/69886526.html	CGI	Ingénieur DevOps Infrastructure H/F	-	in-progress	2026-09-30T23:01:59.660Z	fm-2026-10-01-f	reclaimed after errored
https://www.hellowork.com/fr-fr/emplois/69886526.html	https://www.hellowork.com/fr-fr/emplois/69886526.html	CGI	Ingénieur DevOps Infrastructure H/F	-	already-applied	2026-09-30T23:04:46.263Z	fm-2026-10-01-f	HelloWork says candidate already applied to this posting (Vous avez déjà postulé à cette offre)
https://www.jobposting.pro/emploi-2707159-999	https://www.jobposting.pro/emploi-2707159-999	Klanik	DevOps IA (H/F)	-	in-progress	2026-09-30T23:05:10.640Z	fm-2026-10-01-f	
https://www.jobposting.pro/emploi-2707159-999	https://www.jobposting.pro/emploi-2707159-999	Klanik	DevOps IA (H/F)	-	already-applied	2026-09-30T23:06:30.246Z	fm-2026-10-01-f	Site says: Candidature bien réceptionnée Bonne nouvelle : nous avons déjà bien réceptionné une candidature de votre part pour cette offre.
https://www.jobposting.pro/emploi-2707159-999	https://www.jobposting.pro/emploi-2707159-999	Klanik	DevOps IA (H/F)	-	in-progress	2026-09-30T23:07:01.888Z	fm-2026-10-01-f	reclaimed after already-applied
https://www.jobposting.pro/emploi-2707159-999	https://www.jobposting.pro/emploi-2707159-999	Klanik	DevOps IA (H/F)	-	already-applied	2026-09-30T23:10:21.966Z	fm-2026-10-01-f	Form filled and submitted; site replied 'Candidature bien réceptionnée: nous avons déjà bien réceptionné une candidature de votre part pour cette offre. Inutile de la renvoyer.' — prior submission via HelloWork 2026-09-27 (fm-2026-09-27-night).
https://www.jobposting.pro/emploi-2707159-999	https://www.jobposting.pro/emploi-2707159-999	Klanik	DevOps IA (H/F)	-	in-progress	2026-09-30T23:11:21.997Z	fm-2026-10-01-f	reclaimed after already-applied
https://www.jobposting.pro/emploi-2707159-999	https://www.jobposting.pro/emploi-2707159-999	Klanik	DevOps IA (H/F)	-	already-applied	2026-09-30T23:11:49.418Z	fm-2026-10-01-f	Prior run on this exact URL confirmed site text: Candidature bien réceptionnée; nous avons déjà bien réceptionné une candidature de votre part pour cette offre. Inutile de la renvoyer. No repeat submission.
https://meritis.fr/offres/data-engineer-gcp-h-f	https://meritis.fr/offres/data-engineer-gcp-h-f/	Meritis	Data Engineer GCP H/F	-	in-progress	2026-09-30T23:12:25.776Z	fm-2026-10-01-f	
https://meritis.fr/offres/data-engineer-gcp-h-f	https://meritis.fr/offres/data-engineer-gcp-h-f/	Meritis	Data Engineer GCP H/F	-	submitted	2026-09-30T23:17:20.505Z	fm-2026-10-01-f	Merci pour votre candidature ! Nous avons bien pris en compte votre candidature ! Merci de l’intérêt que vous portez à Meritis. Notre équipe recrutement reprendra contact avec vous au plus vite. A bientôt !
https://www.hellowork.com/fr-fr/emplois/83735823.html	https://www.hellowork.com/fr-fr/emplois/83735823.html	5 Degrés	Analytics Engineer - Data Scientist Opérationnel H/F	-	in-progress	2026-09-30T23:18:08.717Z	fm-2026-10-01-f	reclaimed after validation-failed
https://www.hellowork.com/fr-fr/emplois/83735823.html	https://www.hellowork.com/fr-fr/emplois/83735823.html	5 Degrés	Analytics Engineer - Data Scientist Opérationnel H/F	-	already-applied	2026-09-30T23:20:47.174Z	fm-2026-10-01-f	HelloWork says: Vous avez déjà postulé à cette offre. Nous ne pouvons pas transmettre une 2ème fois votre candidature au recruteur.
https://www.hellowork.com/fr-fr/emplois/83703116.html	https://www.hellowork.com/fr-fr/emplois/83703116.html	Kpler	Ml Engineer - Power H/F	-	in-progress	2026-09-30T23:21:41.263Z	fm-2026-10-01-f	reclaimed after captcha
https://www.hellowork.com/fr-fr/emplois/83703116.html	https://www.hellowork.com/fr-fr/emplois/83703116.html	Kpler	Ml Engineer - Power H/F	-	submitted	2026-09-30T23:28:50.995Z	fm-2026-10-01-f	Application submitted!
https://jobs.atos.net/job/Les-Clayes-sous-Bois-AI-Application-Developer-HF/1439171333	https://jobs.atos.net/job/Les-Clayes-sous-Bois-AI-Application-Developer-HF/1439171333/	Eviden	AI Application Developer H/F	-	in-progress	2026-09-30T23:30:06.522Z	fm-2026-10-01-f	
https://jobs.atos.net/job/Les-Clayes-sous-Bois-AI-Application-Developer-HF/1439171333	https://jobs.atos.net/job/Les-Clayes-sous-Bois-AI-Application-Developer-HF/1439171333/	Eviden	AI Application Developer H/F	-	captcha	2026-09-30T23:30:56.354Z	fm-2026-10-01-f	SuccessFactors account sign-in requires reCAPTCHA: 'Confimez que vous n’êtes pas un robot' / 'Je ne suis pas un robot'; application not submitted.
https://www.welcometothejungle.com/en/companies/deloitte/jobs/senior-ai-software-engineer-f-h_grenoble	https://www.welcometothejungle.com/en/companies/deloitte/jobs/senior-ai-software-engineer-f-h_grenoble	Deloitte	Senior AI Software Engineer (F/H)	-	in-progress	2026-09-30T23:41:35.154Z	fm-2026-10-01-f	reclaimed after errored
https://www.welcometothejungle.com/en/companies/deloitte/jobs/senior-ai-software-engineer-f-h_grenoble	https://www.welcometothejungle.com/en/companies/deloitte/jobs/senior-ai-software-engineer-f-h_grenoble	Deloitte	Senior AI Software Engineer (F/H)	-	submitted	2026-09-30T23:46:33.844Z	fm-2026-10-01-f	Workday: Candidature soumise. Félicitations ! Vous recevrez un accusé de réception par mail suite à votre candidature. R-9298, En cours, 1 octobre 2026.
https://www.hellowork.com/fr-fr/emplois/83575796.html	https://www.hellowork.com/fr-fr/emplois/83575796.html	Fokus	Ingénieur DevOps - Automatisation & Déploiement H/F	-	in-progress	2026-09-30T23:47:07.961Z	fm-2026-10-01-f	
https://www.hellowork.com/fr-fr/emplois/83575796.html	https://www.hellowork.com/fr-fr/emplois/83575796.html	Fokus	Ingénieur DevOps - Automatisation & Déploiement H/F	-	submitted	2026-09-30T23:50:25.249Z	fm-2026-10-01-f	Félicitations ! Votre candidature au poste de Ingénieur DevOps - Automatisation & Déploiement H/F va être transmise à Fokus. Retrouvez l'historique de vos candidatures dans votre espace candidat.
https://www.hellowork.com/fr-fr/emplois/77983241.html	https://www.hellowork.com/fr-fr/emplois/77983241.html	Randstad Digital	Ingénieur DevOps Expérimenté - Niort H/F	-	in-progress	2026-09-30T23:51:06.909Z	fm-2026-10-01-f	
https://www.hellowork.com/fr-fr/emplois/77983241.html	https://www.hellowork.com/fr-fr/emplois/77983241.html	Randstad Digital	Ingénieur DevOps Expérimenté - Niort H/F	-	captcha	2026-09-30T23:53:41.132Z	fm-2026-10-01-f	Randstad Digital form showed image reCAPTCHA challenge after submit; no confirmation
https://www.hellowork.com/fr-fr/emplois/82549877.html	https://www.hellowork.com/fr-fr/emplois/82549877.html	Mondial Relay by InPost	Data Engineer H/F	-	in-progress	2026-09-30T23:54:23.651Z	fm-2026-10-01-f	
https://www.hellowork.com/fr-fr/emplois/82549877.html	https://www.hellowork.com/fr-fr/emplois/82549877.html	Mondial Relay by InPost	Data Engineer H/F	-	submitted	2026-09-30T23:56:52.710Z	fm-2026-10-01-f	Félicitations ! Votre candidature au poste de Data Engineer H/F va être transmise à Mondial Relay by InPost. Retrouvez l'historique de vos candidatures dans votre espace candidat.
https://www.hellowork.com/fr-fr/emplois/81517743.html	https://www.hellowork.com/fr-fr/emplois/81517743.html	Astek	Développeur Python H/F	-	in-progress	2026-09-30T23:59:21.828Z	fm-2026-10-01-f	
https://www.hellowork.com/fr-fr/emplois/81517743.html	https://www.hellowork.com/fr-fr/emplois/81517743.html	Astek	Développeur Python H/F	-	submitted	2026-10-01T00:11:10.011Z	fm-2026-10-01-f	✓ Votre candidature a bien été déposée
https://www.hellowork.com/fr-fr/emplois/83533544.html	https://www.hellowork.com/fr-fr/emplois/83533544.html	AXEAL	DevOps Aws H/F	-	in-progress	2026-10-01T00:11:35.907Z	fm-2026-10-01-f	
https://www.hellowork.com/fr-fr/emplois/83533544.html	https://www.hellowork.com/fr-fr/emplois/83533544.html	AXEAL	DevOps Aws H/F	-	submitted	2026-10-01T00:13:46.010Z	fm-2026-10-01-f	Félicitations ! Votre candidature au poste de DevOps Aws H/F va être transmise à AXEAL.
https://www.hellowork.com/fr-fr/emplois/80336080.html	https://www.hellowork.com/fr-fr/emplois/80336080.html	Devoteam	Ingénieur Observabilité - Sre H/F	-	in-progress	2026-10-01T00:13:58.895Z	fm-2026-10-01-f	
https://www.hellowork.com/fr-fr/emplois/80336080.html	https://www.hellowork.com/fr-fr/emplois/80336080.html	Devoteam	Ingénieur Observabilité - Sre H/F	-	submitted	2026-10-01T00:16:21.446Z	fm-2026-10-01-f	Votre candidature a bien été envoyée ! Votre candidature pour le poste de Architecte & Ingénieur Observabilité (F/H) chez Devoteam Innovative Tech France a été transmise à l'équipe de recrutement.
https://www.hellowork.com/fr-fr/emplois/83515496.html	https://www.hellowork.com/fr-fr/emplois/83515496.html	néosoft	Ingénieur DevOps - Cloud H/F	-	in-progress	2026-10-01T00:16:33.751Z	fm-2026-10-01-f	
https://www.hellowork.com/fr-fr/emplois/83515496.html	https://www.hellowork.com/fr-fr/emplois/83515496.html	néosoft	Ingénieur DevOps - Cloud H/F	-	submitted	2026-10-01T00:18:06.824Z	fm-2026-10-01-f	Félicitations ! Votre candidature au poste de Ingénieur DevOps - Cloud H/F va être transmise à néosoft.
https://www.hellowork.com/fr-fr/emplois/83506040.html	https://www.hellowork.com/fr-fr/emplois/83506040.html	Team.is	Senior Software Engineer Full Stack H/F	-	in-progress	2026-10-01T00:18:18.976Z	fm-2026-10-01-f	
https://www.hellowork.com/fr-fr/emplois/83506040.html	https://www.hellowork.com/fr-fr/emplois/83506040.html	Team.is	Senior Software Engineer Full Stack H/F	-	submitted	2026-10-01T00:21:20.081Z	fm-2026-10-01-f	Félicitations ! Votre candidature au poste de Senior Software Engineer Full Stack H/F va être transmise à Team.is. Retrouvez l'historique de vos candidatures dans votre espace candidat.
https://www.welcometothejungle.com/en/companies/wavestone/jobs/senior-consultant-data-ai-engineer-h-f-x_puteaux	https://www.welcometothejungle.com/en/companies/wavestone/jobs/senior-consultant-data-ai-engineer-h-f-x_puteaux	Wavestone	Senior Consultant – Data & AI Engineer (H/F/X)	-	in-progress	2026-10-01T00:21:32.466Z	fm-2026-10-01-f	
https://www.welcometothejungle.com/en/companies/wavestone/jobs/senior-consultant-data-ai-engineer-h-f-x_puteaux	https://www.welcometothejungle.com/en/companies/wavestone/jobs/senior-consultant-data-ai-engineer-h-f-x_puteaux	Wavestone	Senior Consultant – Data & AI Engineer (H/F/X)	-	submitted	2026-10-01T00:24:18.284Z	fm-2026-10-01-f	Your application has been sent. You can track it in your Application tracking space.
https://www.welcometothejungle.com/en/companies/wavestone/jobs/senior-consultant-manager-google-cloud-data-ai-specialist-h-f-x_puteaux	https://www.welcometothejungle.com/en/companies/wavestone/jobs/senior-consultant-manager-google-cloud-data-ai-specialist-h-f-x_puteaux	Wavestone	Senior Consultant / Manager – Google Cloud Data & AI Specialist (H/F/X)	-	in-progress	2026-10-01T00:24:36.211Z	fm-2026-10-01-f	
https://www.welcometothejungle.com/en/companies/wavestone/jobs/senior-consultant-manager-google-cloud-data-ai-specialist-h-f-x_puteaux	https://www.welcometothejungle.com/en/companies/wavestone/jobs/senior-consultant-manager-google-cloud-data-ai-specialist-h-f-x_puteaux	Wavestone	Senior Consultant / Manager – Google Cloud Data & AI Specialist (H/F/X)	-	submitted	2026-10-01T00:26:15.646Z	fm-2026-10-01-f	Submitted application on Welcome to the Jungle form successfully with custom cover letter and CV upload.
https://www.welcometothejungle.com/en/companies/unseenlabs/jobs/ingenieur-traitement-de-donnees-et-algorithmie-f-h_cesson-sevigne_UNSEE_xG1RXbr	https://www.welcometothejungle.com/en/companies/unseenlabs/jobs/ingenieur-traitement-de-donnees-et-algorithmie-f-h_cesson-sevigne_UNSEE_xG1RXbr	Unseenlabs	Ingénieur traitement de données et algorithmie F/H	-	in-progress	2026-10-01T00:26:40.621Z	fm-2026-10-01-f	
https://www.welcometothejungle.com/en/companies/unseenlabs/jobs/ingenieur-traitement-de-donnees-et-algorithmie-f-h_cesson-sevigne_UNSEE_xG1RXbr	https://www.welcometothejungle.com/en/companies/unseenlabs/jobs/ingenieur-traitement-de-donnees-et-algorithmie-f-h_cesson-sevigne_UNSEE_xG1RXbr	Unseenlabs	Ingénieur traitement de données et algorithmie F/H	-	submitted	2026-10-01T00:28:48.659Z	fm-2026-10-01-f	Votre candidature a bien été prise en compte. Vous recevrez un e-mail de confirmation dans quelques minutes.
https://www.welcometothejungle.com/en/companies/sancare/jobs/34fe6206-1dbc-48c7-b8c1-1e4f79ff7686	https://www.welcometothejungle.com/en/companies/sancare/jobs/34fe6206-1dbc-48c7-b8c1-1e4f79ff7686	Sancare	Data Engineer Confirmé	-	in-progress	2026-10-01T00:29:00.689Z	fm-2026-10-01-f	
https://www.welcometothejungle.com/en/companies/sancare/jobs/34fe6206-1dbc-48c7-b8c1-1e4f79ff7686	https://www.welcometothejungle.com/en/companies/sancare/jobs/34fe6206-1dbc-48c7-b8c1-1e4f79ff7686	Sancare	Data Engineer Confirmé	-	submitted	2026-10-01T00:30:12.730Z	fm-2026-10-01-f	Candidature envoyée ! Merci de nous faire confiance pour cette nouvelle étape professionnelle.
https://www.free-work.com/fr/tech-it/developpeur-python/job-mission/tech-lead-data-gcp-python-spark	https://www.free-work.com/fr/tech-it/developpeur-python/job-mission/tech-lead-data-gcp-python-spark	OMICRONE	Tech Lead Data GCP – Python / Spark	-	in-progress	2026-10-01T00:30:24.959Z	fm-2026-10-01-f	
https://www.free-work.com/fr/tech-it/developpeur-python/job-mission/tech-lead-data-gcp-python-spark	https://www.free-work.com/fr/tech-it/developpeur-python/job-mission/tech-lead-data-gcp-python-spark	OMICRONE	Tech Lead Data GCP – Python / Spark	-	submitted	2026-10-01T00:31:38.249Z	fm-2026-10-01-f	Votre candidature a été envoyée avec succès.
https://www.hellowork.com/fr-fr/emplois/81813914.html	https://www.hellowork.com/fr-fr/emplois/81813914.html	Logwire Consulting	Reconversion Informatique CDI - DevOps - Cloud Junior+ Cds H/F	-	in-progress	2026-10-01T00:31:53.747Z	fm-2026-10-01-f	
https://www.hellowork.com/fr-fr/emplois/81813914.html	https://www.hellowork.com/fr-fr/emplois/81813914.html	Logwire Consulting	Reconversion Informatique CDI - DevOps - Cloud Junior+ Cds H/F	-	submitted	2026-10-01T00:33:59.827Z	fm-2026-10-01-f	Félicitations ! Votre candidature au poste de Reconversion Informatique CDI - DevOps - Cloud Junior+ Cds H/F va être transmise à Logwire Consulting.
https://www.hellowork.com/fr-fr/emplois/83754846.html	https://www.hellowork.com/fr-fr/emplois/83754846.html	Artefact	Senior Data Scientist - Casablanca H/F	-	in-progress	2026-10-01T00:34:13.124Z	fm-2026-10-01-f	
https://www.hellowork.com/fr-fr/emplois/83754846.html	https://www.hellowork.com/fr-fr/emplois/83754846.html	Artefact	Senior Data Scientist - Casablanca H/F	-	submitted	2026-10-01T00:38:16.290Z	fm-2026-10-01-f	Thank you for applying. Your application has been received. If there is a fit, someone will be getting back to you.
https://www.hellowork.com/fr-fr/emplois/83766223.html	https://www.hellowork.com/fr-fr/emplois/83766223.html	Bassetti	Chef de Projets Logiciel H/F	-	in-progress	2026-10-01T00:38:31.306Z	fm-2026-10-01-f	
https://www.hellowork.com/fr-fr/emplois/83766223.html	https://www.hellowork.com/fr-fr/emplois/83766223.html	Bassetti	Chef de Projets Logiciel H/F	-	errored	2026-10-01T00:39:08.546Z	fm-2026-10-01-f	agy usage limit mid-job; handing to the next driver
https://www.hellowork.com/fr-fr/emplois/83766223.html	https://www.hellowork.com/fr-fr/emplois/83766223.html	Bassetti	Chef de Projets Logiciel H/F	-	in-progress	2026-10-01T00:39:25.072Z	fm-2026-10-01-f	reclaimed after errored
https://www.hellowork.com/fr-fr/emplois/83766223.html	https://www.hellowork.com/fr-fr/emplois/83766223.html	Bassetti	Chef de Projets Logiciel H/F	-	errored	2026-10-01T00:41:08.189Z	fm-2026-10-01-f	agy-sonnet usage limit mid-job; handing to the next driver
https://www.hellowork.com/fr-fr/emplois/83766223.html	https://www.hellowork.com/fr-fr/emplois/83766223.html	Bassetti	Chef de Projets Logiciel H/F	-	in-progress	2026-10-01T00:41:29.004Z	fm-2026-10-01-f	reclaimed after errored
https://www.hellowork.com/fr-fr/emplois/83766223.html	https://www.hellowork.com/fr-fr/emplois/83766223.html	Bassetti	Chef de Projets Logiciel H/F	-	submitted	2026-10-01T00:44:05.262Z	fm-2026-10-01-f	Félicitations ! Votre candidature au poste de Chef de Projets Logiciel H/F va être transmise à Bassetti. Retrouvez l'historique de vos candidatures dans votre espace candidat.
https://www.hellowork.com/fr-fr/emplois/83772210.html	https://www.hellowork.com/fr-fr/emplois/83772210.html	AVISTO	Leader Technique Python - Test &Validation H/F	-	in-progress	2026-10-01T00:44:57.613Z	fm-2026-10-01-f	
https://www.hellowork.com/fr-fr/emplois/83772210.html	https://www.hellowork.com/fr-fr/emplois/83772210.html	AVISTO	Leader Technique Python - Test &Validation H/F	-	submitted	2026-10-01T00:50:14.342Z	fm-2026-10-01-f	Félicitations ! Votre candidature au poste de Leader Technique Python - Test &Validation H/F va être transmise à AVISTO. Retrouvez l'historique de vos candidatures dans votre espace candidat.
https://www.hellowork.com/fr-fr/emplois/83715159.html	https://www.hellowork.com/fr-fr/emplois/83715159.html?utm_campaign=staffing+-+production+2+-+apec&utm_content=fluxapec&utm_medium=metamoteurs-free&utm_source=apec&utm_term=83715159	Hellowork	Ingénieur de Production DevOps F/H	-	in-progress	2026-10-01T00:50:55.965Z	fm-2026-10-01-f	reclaimed after already-applied
https://www.hellowork.com/fr-fr/emplois/83715159.html	https://www.hellowork.com/fr-fr/emplois/83715159.html?utm_campaign=staffing+-+production+2+-+apec&utm_content=fluxapec&utm_medium=metamoteurs-free&utm_source=apec&utm_term=83715159	Hellowork	Ingénieur de Production DevOps F/H	-	already-applied	2026-10-01T00:53:26.496Z	fm-2026-10-01-f	HelloWork says: Vous avez déjà postulé à cette offre. Nous ne pouvons pas transmettre une 2ème fois votre candidature au recruteur.
https://www.hellowork.com/fr-fr/emplois/82550040.html	https://www.hellowork.com/fr-fr/emplois/82550040.html	Audensiel Technologies	Ingénieur Systèmes Satellites H/F	-	in-progress	2026-10-01T00:57:00.343Z	fm-2026-10-01-f	
https://www.hellowork.com/fr-fr/emplois/82550040.html	https://www.hellowork.com/fr-fr/emplois/82550040.html	Audensiel Technologies	Ingénieur Systèmes Satellites H/F	-	submitted	2026-10-01T01:03:30.682Z	fm-2026-10-01-f	Félicitations ! Votre candidature au poste de Ingénieur Systèmes Satellites H/F va être transmise à Audensiel Technologies.
https://www.welcometothejungle.com/en/companies/deloitte/jobs/consultant-data-ia-strategie-risque-f-h_paris	https://www.welcometothejungle.com/en/companies/deloitte/jobs/consultant-data-ia-strategie-risque-f-h_paris	Deloitte	Consultant Data & IA – Stratégie & Risque F/H	-	in-progress	2026-10-01T01:04:20.591Z	fm-2026-10-01-f	
https://www.welcometothejungle.com/en/companies/deloitte/jobs/consultant-data-ia-strategie-risque-f-h_paris	https://www.welcometothejungle.com/en/companies/deloitte/jobs/consultant-data-ia-strategie-risque-f-h_paris	Deloitte	Consultant Data & IA – Stratégie & Risque F/H	-	submitted	2026-10-01T01:07:53.393Z	fm-2026-10-01-f	Candidature soumise. Félicitations ! Vous recevrez un accusé de réception par mail suite à votre candidature.
https://www.hellowork.com/fr-fr/emplois/83892123.html	https://www.hellowork.com/fr-fr/emplois/83892123.html	Orange Business	Data Engineer Dbt H/F	-	in-progress	2026-10-01T01:09:04.224Z	fm-2026-10-01-f	
https://www.hellowork.com/fr-fr/emplois/83892123.html	https://www.hellowork.com/fr-fr/emplois/83892123.html	Orange Business	Data Engineer Dbt H/F	-	errored	2026-10-01T01:09:31.481Z	fm-2026-10-01-f	codex usage limit mid-job; handing to the next driver
https://www.hellowork.com/fr-fr/emplois/83892123.html	https://www.hellowork.com/fr-fr/emplois/83892123.html	Orange Business	Data Engineer Dbt H/F	-	in-progress	2026-10-01T01:09:40.343Z	fm-2026-10-01-f	reclaimed after errored
https://www.hellowork.com/fr-fr/emplois/83892123.html	https://www.hellowork.com/fr-fr/emplois/83892123.html	Orange Business	Data Engineer Dbt H/F	-	captcha	2026-10-01T01:10:46.685Z	fm-2026-10-01-f	HelloWork redirects to Orange iCIMS (careers-jobin.icims.com); candidate-account login step is protected by hCaptcha, challenge shown; skipped per captcha rule
https://www.hellowork.com/fr-fr/emplois/75050581.html	https://www.hellowork.com/fr-fr/emplois/75050581.html	CGI	Consultant Data Dataiku - Services Financiers H/F	-	in-progress	2026-10-01T01:10:59.334Z	fm-2026-10-01-f	
https://www.hellowork.com/fr-fr/emplois/75050581.html	https://www.hellowork.com/fr-fr/emplois/75050581.html	CGI	Consultant Data Dataiku - Services Financiers H/F	-	submitted	2026-10-01T01:12:01.784Z	fm-2026-10-01-f	Félicitations ! Votre candidature au poste de Consultant Data Dataiku - Services Financiers H/F va être transmise à CGI.
https://www.hellowork.com/fr-fr/emplois/83950892.html	https://www.hellowork.com/fr-fr/emplois/83950892.html	HOUSE OF ABY	Data Scientist IA H/F	-	in-progress	2026-10-01T01:12:15.410Z	fm-2026-10-01-f	
https://www.hellowork.com/fr-fr/emplois/83950892.html	https://www.hellowork.com/fr-fr/emplois/83950892.html	HOUSE OF ABY	Data Scientist IA H/F	-	submitted	2026-10-01T01:13:09.710Z	fm-2026-10-01-f	Félicitations ! Votre candidature au poste de Data Scientist IA H/F va être transmise à HOUSE OF ABY.
https://www.hellowork.com/fr-fr/emplois/82860782.html	https://www.hellowork.com/fr-fr/emplois/82860782.html	ARTELYS	Consultant Sénior en Recherche Opérationnelle H/F	-	in-progress	2026-10-01T01:13:22.548Z	fm-2026-10-01-f	
https://www.hellowork.com/fr-fr/emplois/82860782.html	https://www.hellowork.com/fr-fr/emplois/82860782.html	ARTELYS	Consultant Sénior en Recherche Opérationnelle H/F	-	errored	2026-10-01T01:13:37.361Z	fm-2026-10-01-f	HelloWork page says 'Cette offre d'emploi chez ARTELYS n'est plus disponible' (posting closed)
https://www.hellowork.com/fr-fr/emplois/71982822.html	https://www.hellowork.com/fr-fr/emplois/71982822.html	Talan	Consultant Data Management - CDI H/F	-	in-progress	2026-10-01T01:13:50.065Z	fm-2026-10-01-f	
https://www.hellowork.com/fr-fr/emplois/71982822.html	https://www.hellowork.com/fr-fr/emplois/71982822.html	Talan	Consultant Data Management - CDI H/F	-	submitted	2026-10-01T01:15:00.407Z	fm-2026-10-01-f	HelloWork: Félicitations ! Votre candidature au poste de Consultant Data Management - CDI H/F va être transmise à Talan.
https://www.welcometothejungle.com/en/companies/primelis/jobs/advanced-data-engineer-h-f_levallois-perret	https://www.welcometothejungle.com/en/companies/primelis/jobs/advanced-data-engineer-h-f_levallois-perret	Primelis	Senior Data Engineer H/F	-	in-progress	2026-10-01T01:15:13.750Z	fm-2026-10-01-f	
https://www.welcometothejungle.com/en/companies/primelis/jobs/advanced-data-engineer-h-f_levallois-perret	https://www.welcometothejungle.com/en/companies/primelis/jobs/advanced-data-engineer-h-f_levallois-perret	Primelis	Senior Data Engineer H/F	-	errored	2026-10-01T01:15:38.940Z	fm-2026-10-01-f	WTTJ Apply links to a private ClickUp list view (app.clickup.com/.../v/li/901523046269) that redirects to the ClickUp login page; no application form exists
https://www.welcometothejungle.com/en/companies/aphp/jobs/data-science-engineer-f-h_paris	https://www.welcometothejungle.com/en/companies/aphp/jobs/data-science-engineer-f-h_paris	AP-HP - Direction des Services Numériques (DSN)	Data Science Engineer F/H	-	in-progress	2026-10-01T01:15:52.014Z	fm-2026-10-01-f	
https://www.welcometothejungle.com/en/companies/aphp/jobs/data-science-engineer-f-h_paris	https://www.welcometothejungle.com/en/companies/aphp/jobs/data-science-engineer-f-h_paris	AP-HP - Direction des Services Numériques (DSN)	Data Science Engineer F/H	-	submitted	2026-10-01T01:18:00.784Z	fm-2026-10-01-f	AP-HP own site (recrutement.aphp.fr) after WTTJ Apply redirect; confirmation: Merci ! Nous avons bien reçu votre candidature et allons la traiter dans les plus brefs délais.
https://www.cadremploi.fr/emploi/detail_offre?offreId=156550306001978543&provenance=apec	https://www.cadremploi.fr/emploi/detail_offre?offreId=156550306001978543&provenance=apec&utm_source=apec&utm_medium=flux&utm_campaign=apec_agregateur__flux_offres	cadremploi	Ingénieur DevOps — Déploiement d'une plateforme low-code (Citizen Dev) F/H	-	in-progress	2026-10-01T01:18:15.315Z	fm-2026-10-01-f	reclaimed after errored
https://www.cadremploi.fr/emploi/detail_offre?offreId=156550306001978543&provenance=apec	https://www.cadremploi.fr/emploi/detail_offre?offreId=156550306001978543&provenance=apec&utm_source=apec&utm_medium=flux&utm_campaign=apec_agregateur__flux_offres	cadremploi	Ingénieur DevOps — Déploiement d'une plateforme low-code (Citizen Dev) F/H	-	errored	2026-10-01T01:18:32.205Z	fm-2026-10-01-f	Closed posting: page shows 'Désolé, cette offre est expirée.'
https://www.hellowork.com/fr-fr/emplois/81574047.html	https://www.hellowork.com/fr-fr/emplois/81574047.html	ALTEN	Ingénieur Ivvq H/F	-	in-progress	2026-10-01T01:18:44.152Z	fm-2026-10-01-f	
https://www.hellowork.com/fr-fr/emplois/81574047.html	https://www.hellowork.com/fr-fr/emplois/81574047.html	ALTEN	Ingénieur Ivvq H/F	-	submitted	2026-10-01T01:19:39.709Z	fm-2026-10-01-f	HelloWork: Félicitations ! Votre candidature au poste de Ingénieur Ivvq H/F va être transmise à ALTEN.
https://www.hellowork.com/fr-fr/emplois/81535041.html	https://www.hellowork.com/fr-fr/emplois/81535041.html	Devoteam France	Architect Cloud Gcp H/F	-	in-progress	2026-10-01T01:19:52.781Z	fm-2026-10-01-f	
https://www.hellowork.com/fr-fr/emplois/81535041.html	https://www.hellowork.com/fr-fr/emplois/81535041.html	Devoteam France	Architect Cloud Gcp H/F	-	submitted	2026-10-01T01:20:56.197Z	fm-2026-10-01-f	HelloWork: Félicitations ! Votre candidature au poste de Architect Cloud Gcp H/F va être transmise à Devoteam France.
https://www.hellowork.com/fr-fr/emplois/81534718.html	https://www.hellowork.com/fr-fr/emplois/81534718.html	Devoteam France	DevOps Engineer - Gcp H/F	-	in-progress	2026-10-01T01:21:08.933Z	fm-2026-10-01-f	
https://www.hellowork.com/fr-fr/emplois/81534718.html	https://www.hellowork.com/fr-fr/emplois/81534718.html	Devoteam France	DevOps Engineer - Gcp H/F	-	submitted	2026-10-01T01:21:47.634Z	fm-2026-10-01-f	HelloWork: Félicitations ! Votre candidature au poste de DevOps Engineer - Gcp H/F va être transmise à Devoteam France.
https://www.hellowork.com/fr-fr/emplois/83541611.html	https://www.hellowork.com/fr-fr/emplois/83541611.html	CGI	Ingénieur Systèmes Linux H/F	-	in-progress	2026-10-01T01:22:02.487Z	fm-2026-10-01-f	
https://www.hellowork.com/fr-fr/emplois/83541611.html	https://www.hellowork.com/fr-fr/emplois/83541611.html	CGI	Ingénieur Systèmes Linux H/F	-	submitted	2026-10-01T01:23:43.709Z	fm-2026-10-01-f	HelloWork: Postuler redirected to /bounce/cv?origin=ResponseOffer (Rendre mon CV visible); HelloWork 'candidature' email received at submission time
https://www.hellowork.com/fr-fr/emplois/80298495.html	https://www.hellowork.com/fr-fr/emplois/80298495.html	Sopra Steria	Architecte Kubernetes - Aeroline - Toulouse H/F	-	in-progress	2026-10-01T01:23:57.469Z	fm-2026-10-01-f	
https://www.hellowork.com/fr-fr/emplois/80298495.html	https://www.hellowork.com/fr-fr/emplois/80298495.html	Sopra Steria	Architecte Kubernetes - Aeroline - Toulouse H/F	-	submitted	2026-10-01T01:24:48.824Z	fm-2026-10-01-f	HelloWork: Félicitations ! Votre candidature au poste de Architecte Kubernetes - Aeroline - Toulouse H/F va être transmise à Sopra Steria.
https://www.hellowork.com/fr-fr/emplois/80298493.html	https://www.hellowork.com/fr-fr/emplois/80298493.html	Sopra Steria	Ingénieur Data Scientist Confirmé - Industrie - le Plessis Robinson H/F	-	in-progress	2026-10-01T01:25:04.410Z	fm-2026-10-01-f	
https://www.hellowork.com/fr-fr/emplois/80298493.html	https://www.hellowork.com/fr-fr/emplois/80298493.html	Sopra Steria	Ingénieur Data Scientist Confirmé - Industrie - le Plessis Robinson H/F	-	submitted	2026-10-01T01:26:14.373Z	fm-2026-10-01-f	HelloWork: Félicitations ! Votre candidature ... va être transmise à Sopra Steria.
https://www.hellowork.com/fr-fr/emplois/76925561.html	https://www.hellowork.com/fr-fr/emplois/76925561.html	Onepoint	Consultant Data Engineer - Big Data H/F	-	in-progress	2026-10-01T01:26:27.906Z	fm-2026-10-01-f	
https://www.hellowork.com/fr-fr/emplois/76925561.html	https://www.hellowork.com/fr-fr/emplois/76925561.html	Onepoint	Consultant Data Engineer - Big Data H/F	-	submitted	2026-10-01T01:29:00.176Z	fm-2026-10-01-f	Workday guest application: 'Félicitations ! Bonjour et merci ! Nous avons bien reçu votre candidature'
https://www.welcometothejungle.com/en/companies/inpi/jobs/ingenieur-charge-de-diffusion-des-donnees-f-h_courbevoie_INPI_3yLNZ0d	https://www.welcometothejungle.com/en/companies/inpi/jobs/ingenieur-charge-de-diffusion-des-donnees-f-h_courbevoie_INPI_3yLNZ0d	INPI	Ingénieur / chargé(e) de diffusion des données - F/H	-	in-progress	2026-10-01T01:29:12.946Z	fm-2026-10-01-f	
https://www.welcometothejungle.com/en/companies/inpi/jobs/ingenieur-charge-de-diffusion-des-donnees-f-h_courbevoie_INPI_3yLNZ0d	https://www.welcometothejungle.com/en/companies/inpi/jobs/ingenieur-charge-de-diffusion-des-donnees-f-h_courbevoie_INPI_3yLNZ0d	INPI	Ingénieur / chargé(e) de diffusion des données - F/H	-	errored	2026-10-01T01:30:52.373Z	fm-2026-10-01-f	INPI mycv.tech form filled and Valider clicked; server returned PHP TypeError floor() in requetesInfosGeneralesVide.php line 1076; no confirmation, no email, new account login fails (not saved)
https://www.hellowork.com/fr-fr/emplois/83923803.html	https://www.hellowork.com/fr-fr/emplois/83923803.html	Guarani	Devop H/F	-	in-progress	2026-10-01T01:31:05.777Z	fm-2026-10-01-f	
https://www.hellowork.com/fr-fr/emplois/83923803.html	https://www.hellowork.com/fr-fr/emplois/83923803.html	Guarani	Devop H/F	-	submitted	2026-10-01T01:31:42.557Z	fm-2026-10-01-f	HelloWork: Félicitations ! Votre candidature au poste de Devop H/F va être transmise à Guarani.
https://www.hellowork.com/fr-fr/emplois/75153603.html	https://www.hellowork.com/fr-fr/emplois/75153603.html	Talan	Data Ops Confirmé - CDI H/F	-	in-progress	2026-10-01T01:31:55.314Z	fm-2026-10-01-f	
https://www.hellowork.com/fr-fr/emplois/75153603.html	https://www.hellowork.com/fr-fr/emplois/75153603.html	Talan	Data Ops Confirmé - CDI H/F	-	submitted	2026-10-01T01:32:49.675Z	fm-2026-10-01-f	Félicitations ! Votre candidature au poste de Data Ops Confirmé - CDI H/F va être transmise à Talan.
https://www.jobposting.pro/emploi-2712560-120	https://www.jobposting.pro/emploi-2712560-120	A-Player	AI Engineer - Paris (H/F)	-	in-progress	2026-10-01T01:33:04.907Z	fm-2026-10-01-f	
https://www.jobposting.pro/emploi-2712560-120	https://www.jobposting.pro/emploi-2712560-120	A-Player	AI Engineer - Paris (H/F)	-	submitted	2026-10-01T01:34:00.645Z	fm-2026-10-01-f	Candidature bien reçue ! then after the profile form: Votre candidature est maintenant complète.
https://www.hellowork.com/fr-fr/emplois/83861929.html	https://www.hellowork.com/fr-fr/emplois/83861929.html	Docaposte	Ingénieur de Production - Site Reliability Engineering Sre H/F	-	in-progress	2026-10-01T01:34:16.470Z	fm-2026-10-01-f	
https://www.hellowork.com/fr-fr/emplois/83861929.html	https://www.hellowork.com/fr-fr/emplois/83861929.html	Docaposte	Ingénieur de Production - Site Reliability Engineering Sre H/F	-	submitted	2026-10-01T01:35:21.239Z	fm-2026-10-01-f	HelloWork: Félicitations ! Votre candidature au poste de Ingénieur de Production - Site Reliability Engineering Sre H/F va être transmise à Docaposte.
https://www.welcometothejungle.com/en/companies/atos/jobs/ai-data-engineer-h-f_bordeaux_ATOS_abGKNYO	https://www.welcometothejungle.com/en/companies/atos/jobs/ai-data-engineer-h-f_bordeaux_ATOS_abGKNYO	Atos	AI & Data Engineer - H/F	-	in-progress	2026-10-01T01:35:34.759Z	fm-2026-10-01-f	
https://www.welcometothejungle.com/en/companies/atos/jobs/ai-data-engineer-h-f_bordeaux_ATOS_abGKNYO	https://www.welcometothejungle.com/en/companies/atos/jobs/ai-data-engineer-h-f_bordeaux_ATOS_abGKNYO	Atos	AI & Data Engineer - H/F	-	captcha	2026-10-01T01:36:17.025Z	fm-2026-10-01-f	WTTJ Apply goes to Atos SuccessFactors (career5.successfactors.eu); login needs a reCAPTCHA that showed an image challenge (bus), not solved
https://www.hellowork.com/fr-fr/emplois/83670260.html	https://www.hellowork.com/fr-fr/emplois/83670260.html	Job Staging	Ingénieur DevOps DevOps H/F	-	in-progress	2026-10-01T01:36:29.408Z	fm-2026-10-01-f	
https://www.hellowork.com/fr-fr/emplois/83670260.html	https://www.hellowork.com/fr-fr/emplois/83670260.html	Job Staging	Ingénieur DevOps DevOps H/F	-	submitted	2026-10-01T01:37:43.942Z	fm-2026-10-01-f	HelloWork: 'Félicitations ! Votre candidature au poste de Ingénieur DevOps DevOps H/F va être transmise à Job Staging.'
https://www.hellowork.com/fr-fr/emplois/83673704.html	https://www.hellowork.com/fr-fr/emplois/83673704.html	Mercato de l'emploi	DevOps H/F	-	in-progress	2026-10-01T01:37:56.439Z	fm-2026-10-01-f	
https://www.hellowork.com/fr-fr/emplois/83673704.html	https://www.hellowork.com/fr-fr/emplois/83673704.html	Mercato de l'emploi	DevOps H/F	-	submitted	2026-10-01T01:38:50.483Z	fm-2026-10-01-f	HelloWork: Félicitations ! Votre candidature au poste de DevOps H/F va être transmise à Mercato de l'emploi.
https://www.hellowork.com/fr-fr/emplois/83600364.html	https://www.hellowork.com/fr-fr/emplois/83600364.html	COM & Company	DevOps H/F	-	in-progress	2026-10-01T01:39:02.957Z	fm-2026-10-01-f	
https://www.hellowork.com/fr-fr/emplois/83600364.html	https://www.hellowork.com/fr-fr/emplois/83600364.html	COM & Company	DevOps H/F	-	submitted	2026-10-01T01:40:10.158Z	fm-2026-10-01-f	HelloWork: Félicitations ! Votre candidature au poste de DevOps H/F va être transmise à COM & Company.
https://www.hellowork.com/fr-fr/emplois/83634660.html	https://www.hellowork.com/fr-fr/emplois/83634660.html	Randstad professional	Lead Data Engineer H/F	-	in-progress	2026-10-01T01:40:24.138Z	fm-2026-10-01-f	
https://www.hellowork.com/fr-fr/emplois/83634660.html	https://www.hellowork.com/fr-fr/emplois/83634660.html	Randstad professional	Lead Data Engineer H/F	-	submitted	2026-10-01T01:42:49.942Z	fm-2026-10-01-f	Hellowork redirected to the post-application page; confirmation email 'Votre candidature est arrivée chez Randstad professional' received 2026-10-01 01:42
https://www.hellowork.com/fr-fr/emplois/83609292.html	https://www.hellowork.com/fr-fr/emplois/83609292.html	Harry Hope	Platform Engineering Manager H/F	-	in-progress	2026-10-01T01:43:03.253Z	fm-2026-10-01-f	
https://www.hellowork.com/fr-fr/emplois/83609292.html	https://www.hellowork.com/fr-fr/emplois/83609292.html	Harry Hope	Platform Engineering Manager H/F	-	submitted	2026-10-01T01:43:48.108Z	fm-2026-10-01-f	HelloWork: 'Félicitations ! Votre candidature au poste de Platform Engineering Manager H/F va être transmise à Harry Hope.'
https://www.hellowork.com/fr-fr/emplois/83627517.html	https://www.hellowork.com/fr-fr/emplois/83627517.html	agap2 IT	Ingénieur DevOps Jenkins - Kubernetes - Sonarqube H/F	-	in-progress	2026-10-01T01:44:01.798Z	fm-2026-10-01-f	
https://www.hellowork.com/fr-fr/emplois/83627517.html	https://www.hellowork.com/fr-fr/emplois/83627517.html	agap2 IT	Ingénieur DevOps Jenkins - Kubernetes - Sonarqube H/F	-	submitted	2026-10-01T01:45:45.288Z	fm-2026-10-01-f	HelloWork: Félicitations ! Votre candidature au poste de Ingénieur DevOps Jenkins - Kubernetes - Sonarqube H/F va être transmise à agap2IT.
https://www.hellowork.com/fr-fr/emplois/82525979.html	https://www.hellowork.com/fr-fr/emplois/82525979.html	GRDF	Ingénieur Recherche & Infrastructure IA H/F	-	in-progress	2026-10-01T01:45:59.241Z	fm-2026-10-01-f	
https://www.hellowork.com/fr-fr/emplois/82525979.html	https://www.hellowork.com/fr-fr/emplois/82525979.html	GRDF	Ingénieur Recherche & Infrastructure IA H/F	-	submitted	2026-10-01T01:52:41.793Z	fm-2026-10-01-f	Applied via GRDF/ENGIE SuccessFactors (career55.sapsf.eu). Page said: Merci pour votre candidature. Nous apprécions votre intérêt pour ENGIE. Notre équipe examinera votre dossier et vous contactera prochainement.
https://www.hellowork.com/fr-fr/emplois/83634402.html	https://www.hellowork.com/fr-fr/emplois/83634402.html	ALTEN	Data Engineer H/F	-	in-progress	2026-10-01T01:53:00.479Z	fm-2026-10-01-f	
https://www.hellowork.com/fr-fr/emplois/83634402.html	https://www.hellowork.com/fr-fr/emplois/83634402.html	ALTEN	Data Engineer H/F	-	submitted	2026-10-01T01:53:54.446Z	fm-2026-10-01-f	HelloWork: 'Félicitations ! Votre candidature au poste de Data Engineer H/F va être transmise à ALTEN.'
https://www.hellowork.com/fr-fr/emplois/83633262.html	https://www.hellowork.com/fr-fr/emplois/83633262.html	Atral Group	Data Engineer Confirmé H/F	-	in-progress	2026-10-01T01:54:07.637Z	fm-2026-10-01-f	
https://www.hellowork.com/fr-fr/emplois/83633262.html	https://www.hellowork.com/fr-fr/emplois/83633262.html	Atral Group	Data Engineer Confirmé H/F	-	submitted	2026-10-01T01:55:00.091Z	fm-2026-10-01-f	Félicitations ! Votre candidature au poste de Data Engineer Confirmé H/F va être transmise à Atral Group.
https://www.free-work.com/fr/tech-it/ingenieur-devops-cloud/job-mission/ingenieur-devops-h-f-942	https://www.free-work.com/fr/tech-it/ingenieur-devops-cloud/job-mission/ingenieur-devops-h-f-942	CONSORT GROUP	Ingénieur DevOps H/F	-	in-progress	2026-10-01T01:55:16.172Z	fm-2026-10-01-f	
https://www.free-work.com/fr/tech-it/ingenieur-devops-cloud/job-mission/ingenieur-devops-h-f-942	https://www.free-work.com/fr/tech-it/ingenieur-devops-cloud/job-mission/ingenieur-devops-h-f-942	CONSORT GROUP	Ingénieur DevOps H/F	-	submitted	2026-10-01T01:56:58.429Z	fm-2026-10-01-f	Free-Work own form, signed in. Confirmation: 'Envoyé Votre candidature a été envoyée avec succès.'
https://www.welcometothejungle.com/en/companies/wavestone/jobs/senior-consultant-e-data-scientist-h-f_puteaux	https://www.welcometothejungle.com/en/companies/wavestone/jobs/senior-consultant-e-data-scientist-h-f_puteaux	Wavestone	Senior Consultant.e - Data Scientist (H/F)	-	in-progress	2026-10-01T01:57:13.612Z	fm-2026-10-01-f	
https://www.welcometothejungle.com/en/companies/wavestone/jobs/senior-consultant-e-data-scientist-h-f_puteaux	https://www.welcometothejungle.com/en/companies/wavestone/jobs/senior-consultant-e-data-scientist-h-f_puteaux	Wavestone	Senior Consultant.e - Data Scientist (H/F)	-	submitted	2026-10-01T02:00:53.261Z	fm-2026-10-01-f	Confirmation: Your application has been sent. You can track it in your Application tracking space.
https://www.welcometothejungle.com/en/companies/kanbios/jobs/consultant-e-machine-learning-engineer-confirme-e_paris	https://www.welcometothejungle.com/en/companies/kanbios/jobs/consultant-e-machine-learning-engineer-confirme-e_paris	Groupe Kanbios	Consultant.e Machine Learning engineer Senior	-	in-progress	2026-10-01T02:01:07.564Z	fm-2026-10-01-f	
https://www.welcometothejungle.com/en/companies/kanbios/jobs/consultant-e-machine-learning-engineer-confirme-e_paris	https://www.welcometothejungle.com/en/companies/kanbios/jobs/consultant-e-machine-learning-engineer-confirme-e_paris	Groupe Kanbios	Consultant.e Machine Learning engineer Senior	-	submitted	2026-10-01T02:02:26.025Z	fm-2026-10-01-f	Page after submit: 'Your application has been sent. You can track it in your Application tracking space.'
https://www.hellowork.com/fr-fr/emplois/80533656.html	https://www.hellowork.com/fr-fr/emplois/80533656.html	CCL CONSULTING	Sysops H/F	-	in-progress	2026-10-01T02:34:19.230Z	fm-2026-10-01-f	
https://www.hellowork.com/fr-fr/emplois/80533656.html	https://www.hellowork.com/fr-fr/emplois/80533656.html	CCL CONSULTING	Sysops H/F	-	submitted	2026-10-01T02:35:13.937Z	fm-2026-10-01-f	HelloWork: Félicitations ! Votre candidature au poste de Sysops H/F va être transmise à CCL CONSULTING.
https://www.hellowork.com/fr-fr/emplois/70650362.html	https://www.hellowork.com/fr-fr/emplois/70650362.html	SOMA	Analytics Engineer H/F	-	in-progress	2026-10-01T02:38:07.413Z	fm-2026-10-01-f	
https://www.hellowork.com/fr-fr/emplois/70650362.html	https://www.hellowork.com/fr-fr/emplois/70650362.html	SOMA	Analytics Engineer H/F	-	submitted	2026-10-01T02:39:04.250Z	fm-2026-10-01-f	HelloWork: Félicitations ! Votre candidature au poste de Analytics Engineer H/F va être transmise à SOMA.
https://www.welcometothejungle.com/en/companies/wyll/jobs/ingenieur-cloud-confirme-a-expert-multi-cloud-aws-gcp-azure-scaleway	https://www.welcometothejungle.com/en/companies/wyll/jobs/ingenieur-cloud-confirme-a-expert-multi-cloud-aws-gcp-azure-scaleway	Wyll	Ingénieur Cloud (Confirmé à Expert) - Multi-Cloud (AWS, GCP, Azure, Scaleway)	-	in-progress	2026-10-01T02:39:17.028Z	fm-2026-10-01-f	
https://www.welcometothejungle.com/en/companies/wyll/jobs/ingenieur-cloud-confirme-a-expert-multi-cloud-aws-gcp-azure-scaleway	https://www.welcometothejungle.com/en/companies/wyll/jobs/ingenieur-cloud-confirme-a-expert-multi-cloud-aws-gcp-azure-scaleway	Wyll	Ingénieur Cloud (Confirmé à Expert) - Multi-Cloud (AWS, GCP, Azure, Scaleway)	-	submitted	2026-10-01T02:40:20.493Z	fm-2026-10-01-f	Confirmation: Your application has been sent. You can track it in your Application tracking space.
https://www.meteojob.com/jobs/56990187	https://www.meteojob.com/jobs/56990187?utm_source=pole-emploi&utm_medium=aggregator-free	ACORUS	Technical Product Manager, Intelligence Artificielle (H/F)	-	in-progress	2026-10-01T02:40:33.517Z	fm-2026-10-01-f	
https://www.meteojob.com/jobs/56990187	https://www.meteojob.com/jobs/56990187?utm_source=pole-emploi&utm_medium=aggregator-free	ACORUS	Technical Product Manager, Intelligence Artificielle (H/F)	-	submitted	2026-10-01T02:43:34.133Z	fm-2026-10-01-f	Meteojob email: Votre candidature a été envoyée à Acorus pour le poste de AI Product Manager (2026-10-01 04:42)
https://www.welcometothejungle.com/en/companies/deloitte/jobs/data-engineer-confirme-f-h_paris	https://www.welcometothejungle.com/en/companies/deloitte/jobs/data-engineer-confirme-f-h_paris	Deloitte	Data Engineer Confirmé F/H	-	in-progress	2026-10-01T02:43:47.513Z	fm-2026-10-01-f	
https://www.welcometothejungle.com/en/companies/deloitte/jobs/data-engineer-confirme-f-h_paris	https://www.welcometothejungle.com/en/companies/deloitte/jobs/data-engineer-confirme-f-h_paris	Deloitte	Data Engineer Confirmé F/H	-	submitted	2026-10-01T02:47:07.416Z	fm-2026-10-01-f	Workday redirect to /jobTasks/completed/application; Mes candidatures lists 'Data Engineer Confirmé F/H R-9296 En Cours 1 octobre 2026'
https://www.hellowork.com/fr-fr/emplois/83590550.html	https://www.hellowork.com/fr-fr/emplois/83590550.html	AS International	Ingénieur DevOps Expert en Automatisation Ansible H/F	-	in-progress	2026-10-01T02:47:20.429Z	fm-2026-10-01-f	
https://www.hellowork.com/fr-fr/emplois/83590550.html	https://www.hellowork.com/fr-fr/emplois/83590550.html	AS International	Ingénieur DevOps Expert en Automatisation Ansible H/F	-	submitted	2026-10-01T02:48:23.108Z	fm-2026-10-01-f	HelloWork: Félicitations ! Votre candidature au poste de Ingénieur DevOps Expert en Automatisation Ansible H/F va être transmise à AS International.
https://www.welcometothejungle.com/en/companies/bpce-infogerance-technologies/jobs/architecte-technique-f-h_toulouse	https://www.welcometothejungle.com/en/companies/bpce-infogerance-technologies/jobs/architecte-technique-f-h_toulouse	BPCE INFOGERANCE & TECHNOLOGIES	Architecte technique F/H	-	in-progress	2026-10-01T03:15:03.440Z	fm-2026-10-01-f	
https://www.welcometothejungle.com/en/companies/bpce-infogerance-technologies/jobs/architecte-technique-f-h_toulouse	https://www.welcometothejungle.com/en/companies/bpce-infogerance-technologies/jobs/architecte-technique-f-h_toulouse	BPCE INFOGERANCE & TECHNOLOGIES	Architecte technique F/H	-	errored	2026-10-01T03:19:25.710Z	fm-2026-10-01-f	Envoyer clicked on bpce.recruitmentplatform.com form (all fields + CV filled), page redirected to recrutement.bpce.fr home with no confirmation text and no email after ~2 min; unconfirmed, not resubmitted
https://www.hellowork.com/fr-fr/emplois/83582997.html	https://www.hellowork.com/fr-fr/emplois/83582997.html	Groupe SII	Ingénieur Système Openshift H/F	-	in-progress	2026-10-01T03:19:54.199Z	fm-2026-10-01-f	
https://www.hellowork.com/fr-fr/emplois/83582997.html	https://www.hellowork.com/fr-fr/emplois/83582997.html	Groupe SII	Ingénieur Système Openshift H/F	-	submitted	2026-10-01T03:27:53.945Z	fm-2026-10-01-f	Félicitations ! Votre candidature au poste de Ingénieur Système Openshift H/F va être transmise à Groupe SII. Retrouvez l'historique de vos candidatures dans votre espace candidat.
https://www.hellowork.com/fr-fr/emplois/81542486.html	https://www.hellowork.com/fr-fr/emplois/81542486.html	Novae	Ingénieur Systèmes - Coordination Technique - Support Produit H/F	-	in-progress	2026-10-01T03:29:02.792Z	fm-2026-10-01-f	
https://www.hellowork.com/fr-fr/emplois/81542486.html	https://www.hellowork.com/fr-fr/emplois/81542486.html	Novae	Ingénieur Systèmes - Coordination Technique - Support Produit H/F	-	submitted	2026-10-01T03:34:54.115Z	fm-2026-10-01-f	Félicitations ! Votre candidature au poste de Ingénieur Systèmes - Coordination Technique - Support Produit H/F va être transmise à Novae.
https://www.hellowork.com/fr-fr/emplois/81534634.html	https://www.hellowork.com/fr-fr/emplois/81534634.html	Devoteam France	Chef de Projet IT H/F	-	in-progress	2026-10-01T03:35:49.052Z	fm-2026-10-01-f	
https://www.hellowork.com/fr-fr/emplois/81534634.html	https://www.hellowork.com/fr-fr/emplois/81534634.html	Devoteam France	Chef de Projet IT H/F	-	errored	2026-10-01T03:38:04.320Z	fm-2026-10-01-f	agy-sonnet usage limit mid-job; handing to the next driver
https://www.hellowork.com/fr-fr/emplois/81534634.html	https://www.hellowork.com/fr-fr/emplois/81534634.html	Devoteam France	Chef de Projet IT H/F	-	in-progress	2026-10-01T03:38:13.249Z	fm-2026-10-01-f	reclaimed after errored
https://www.hellowork.com/fr-fr/emplois/81534634.html	https://www.hellowork.com/fr-fr/emplois/81534634.html	Devoteam France	Chef de Projet IT H/F	-	submitted	2026-10-01T03:39:19.530Z	fm-2026-10-01-f	HelloWork: Félicitations ! Votre candidature au poste de Chef de Projet IT H/F va être transmise à Devoteam France.
https://www.hellowork.com/fr-fr/emplois/81534664.html	https://www.hellowork.com/fr-fr/emplois/81534664.html	Devoteam France	Data Engineer H/F	-	in-progress	2026-10-01T03:39:31.761Z	fm-2026-10-01-f	
https://www.hellowork.com/fr-fr/emplois/81534664.html	https://www.hellowork.com/fr-fr/emplois/81534664.html	Devoteam France	Data Engineer H/F	-	submitted	2026-10-01T03:40:25.602Z	fm-2026-10-01-f	HelloWork: 'Félicitations ! Votre candidature au poste de Data Engineer H/F va être transmise à Devoteam France.'
https://www.hellowork.com/fr-fr/emplois/81488253.html	https://www.hellowork.com/fr-fr/emplois/81488253.html	Inside	Ingénieur Système et Stockage H/F	-	in-progress	2026-10-01T03:40:40.213Z	fm-2026-10-01-f	
https://www.hellowork.com/fr-fr/emplois/81488253.html	https://www.hellowork.com/fr-fr/emplois/81488253.html	Inside	Ingénieur Système et Stockage H/F	-	submitted	2026-10-01T03:42:15.610Z	fm-2026-10-01-f	HelloWork: Félicitations ! Votre candidature au poste de Ingénieur Système et Stockage H/F va être transmise à Inside.
https://www.hellowork.com/fr-fr/emplois/80386702.html	https://www.hellowork.com/fr-fr/emplois/80386702.html	Celad	Ingénieur Ivv Atm - Atc - Domaine Aéronautique H/F	-	in-progress	2026-10-01T03:42:31.098Z	fm-2026-10-01-f	
https://www.hellowork.com/fr-fr/emplois/80386702.html	https://www.hellowork.com/fr-fr/emplois/80386702.html	Celad	Ingénieur Ivv Atm - Atc - Domaine Aéronautique H/F	-	submitted	2026-10-01T03:43:58.518Z	fm-2026-10-01-f	HelloWork: Félicitations ! Votre candidature au poste de Ingénieur Ivv Atm - Atc - Domaine Aéronautique H/F va être transmise à CELAD.
https://www.hellowork.com/fr-fr/emplois/80412959.html	https://www.hellowork.com/fr-fr/emplois/80412959.html	Astek	Ingénieur Validation Fonctionnelle H/F	-	in-progress	2026-10-01T03:44:12.540Z	fm-2026-10-01-f	
https://www.hellowork.com/fr-fr/emplois/80412959.html	https://www.hellowork.com/fr-fr/emplois/80412959.html	Astek	Ingénieur Validation Fonctionnelle H/F	-	submitted	2026-10-01T03:45:39.370Z	fm-2026-10-01-f	Astek form via HelloWork redirect; page said: Votre candidature a bien été déposée (application_success=1)
https://www.hellowork.com/fr-fr/emplois/65572647.html	https://www.hellowork.com/fr-fr/emplois/65572647.html	Groupe SII	Data Engineer H/F	-	in-progress	2026-10-01T03:45:55.228Z	fm-2026-10-01-f	
https://www.hellowork.com/fr-fr/emplois/65572647.html	https://www.hellowork.com/fr-fr/emplois/65572647.html	Groupe SII	Data Engineer H/F	-	submitted	2026-10-01T03:47:03.864Z	fm-2026-10-01-f	HelloWork: Félicitations ! Votre candidature au poste de Data Engineer H/F va être transmise à Groupe SII.
https://www.hellowork.com/fr-fr/emplois/83533502.html	https://www.hellowork.com/fr-fr/emplois/83533502.html	Novae	Ingénieur Assurance Qualité Produit - Logiciel & Systèmes H/F	-	in-progress	2026-10-01T03:47:16.560Z	fm-2026-10-01-f	
https://www.hellowork.com/fr-fr/emplois/83533502.html	https://www.hellowork.com/fr-fr/emplois/83533502.html	Novae	Ingénieur Assurance Qualité Produit - Logiciel & Systèmes H/F	-	submitted	2026-10-01T03:48:10.674Z	fm-2026-10-01-f	HelloWork: 'Félicitations ! Votre candidature au poste de Ingénieur Assurance Qualité Produit - Logiciel & Systèmes H/F va être transmise à Novae.'
https://www.hellowork.com/fr-fr/emplois/82465519.html	https://www.hellowork.com/fr-fr/emplois/82465519.html	Viveris.	Ingénieur Développement Python Centre de Mission Satellite H/F	-	in-progress	2026-10-01T03:48:24.164Z	fm-2026-10-01-f	
https://www.hellowork.com/fr-fr/emplois/82465519.html	https://www.hellowork.com/fr-fr/emplois/82465519.html	Viveris.	Ingénieur Développement Python Centre de Mission Satellite H/F	-	submitted	2026-10-01T03:49:20.187Z	fm-2026-10-01-f	HelloWork: Félicitations ! Votre candidature au poste de Ingénieur Développement Python Centre de Mission Satellite H/F va être transmise à Viveris..
https://www.meteojob.com/jobs/53805227	https://www.meteojob.com/jobs/53805227?utm_source=pole-emploi&utm_medium=aggregator-free	NEW NET 3D	Technical Product Manager, Intelligence Artificielle (H/F)	-	in-progress	2026-10-01T03:49:33.246Z	fm-2026-10-01-f	
https://www.meteojob.com/jobs/53805227	https://www.meteojob.com/jobs/53805227?utm_source=pole-emploi&utm_medium=aggregator-free	NEW NET 3D	Technical Product Manager, Intelligence Artificielle (H/F)	-	errored	2026-10-01T03:49:49.135Z	fm-2026-10-01-f	Posting URL now shows a different job (Senior Consultant IA Product Expert, Groupe Talents Handicap / Wavestone, 92), not NEW NET 3D Technical Product Manager IA; not applied
https://www.free-work.com/fr/tech-it/developpeur-python/job-mission/developpeur-python-confirme-migration-etl-vers-python-donnees-de-reference	https://www.free-work.com/fr/tech-it/developpeur-python/job-mission/developpeur-python-confirme-migration-etl-vers-python-donnees-de-reference	CAT-AMANIA	Développeur Python confirmé — Migration ETL vers Python, données de référence	-	in-progress	2026-10-01T03:50:01.552Z	fm-2026-10-01-f	
https://www.free-work.com/fr/tech-it/developpeur-python/job-mission/developpeur-python-confirme-migration-etl-vers-python-donnees-de-reference	https://www.free-work.com/fr/tech-it/developpeur-python/job-mission/developpeur-python-confirme-migration-etl-vers-python-donnees-de-reference	CAT-AMANIA	Développeur Python confirmé — Migration ETL vers Python, données de référence	-	submitted	2026-10-01T03:51:00.673Z	fm-2026-10-01-f	Free-Work own form, signed in, message + shared CV. Page after submit: 'Ça y est, vous avez postulé..'
https://www.hellowork.com/fr-fr/emplois/83515741.html	https://www.hellowork.com/fr-fr/emplois/83515741.html	WEENEO CONSULTING	Ingénieur Logiciel Python H/F	-	in-progress	2026-10-01T03:51:15.057Z	fm-2026-10-01-f	
https://www.hellowork.com/fr-fr/emplois/83515741.html	https://www.hellowork.com/fr-fr/emplois/83515741.html	WEENEO CONSULTING	Ingénieur Logiciel Python H/F	-	submitted	2026-10-01T03:52:20.710Z	fm-2026-10-01-f	HelloWork: Félicitations ! Votre candidature au poste de Ingénieur Logiciel Python H/F va être transmise à WEENEO CONSULTING.
https://www.hellowork.com/fr-fr/emplois/83518679.html	https://www.hellowork.com/fr-fr/emplois/83518679.html	Astek	Responsable Intégration Plateforme Ivv H/F	-	in-progress	2026-10-01T03:52:36.381Z	fm-2026-10-01-f	
https://www.hellowork.com/fr-fr/emplois/83518679.html	https://www.hellowork.com/fr-fr/emplois/83518679.html	Astek	Responsable Intégration Plateforme Ivv H/F	-	submitted	2026-10-01T03:54:20.549Z	fm-2026-10-01-f	Astek careers form (via HelloWork redirect): 'Votre candidature a bien été déposée'
https://www.welcometothejungle.com/en/companies/suez/jobs/ingenieur-developpeur-business-intelligence-bi_puteaux	https://www.welcometothejungle.com/en/companies/suez/jobs/ingenieur-developpeur-business-intelligence-bi_puteaux	SUEZ	Ingénieur Développeur Business Intelligence (BI)	-	in-progress	2026-10-01T03:54:34.054Z	fm-2026-10-01-f	
https://www.welcometothejungle.com/en/companies/suez/jobs/ingenieur-developpeur-business-intelligence-bi_puteaux	https://www.welcometothejungle.com/en/companies/suez/jobs/ingenieur-developpeur-business-intelligence-bi_puteaux	SUEZ	Ingénieur Développeur Business Intelligence (BI)	-	submitted	2026-10-01T03:58:53.374Z	fm-2026-10-01-f	Cornerstone page: 'Votre candidature nous a été transmise ! Nous vous remercions pour l'intérêt que vous portez à SUEZ.'
https://www.hellowork.com/fr-fr/emplois/76926959.html	https://www.hellowork.com/fr-fr/emplois/76926959.html	Onepoint	Generative ai Engineer H/F	-	in-progress	2026-10-01T03:59:06.428Z	fm-2026-10-01-f	
https://www.hellowork.com/fr-fr/emplois/76926959.html	https://www.hellowork.com/fr-fr/emplois/76926959.html	Onepoint	Generative ai Engineer H/F	-	submitted	2026-10-01T04:02:13.315Z	fm-2026-10-01-f	Workday (via HelloWork redirect): 'Félicitations ! Bonjour et merci ! Nous avons bien reçu votre candidature et vous remercions sincèrement pour l’intérêt que vous portez à Onepoint'
https://www.hellowork.com/fr-fr/emplois/76926977.html	https://www.hellowork.com/fr-fr/emplois/76926977.html	Onepoint	Consultant Confirmé en Data Strategy - Data Transformation H/F	-	in-progress	2026-10-01T04:02:26.700Z	fm-2026-10-01-f	
https://www.hellowork.com/fr-fr/emplois/76926977.html	https://www.hellowork.com/fr-fr/emplois/76926977.html	Onepoint	Consultant Confirmé en Data Strategy - Data Transformation H/F	-	submitted	2026-10-01T04:05:42.889Z	fm-2026-10-01-f	Workday guest form (via HelloWork redirect). Confirmation: 'Félicitations ! Bonjour et merci ! Nous avons bien reçu votre candidature et vous remercions sincèrement pour l’intérêt que vous portez à Onepoint'
https://www.hellowork.com/fr-fr/emplois/76925631.html	https://www.hellowork.com/fr-fr/emplois/76925631.html	Onepoint	Consultant Confirmé en Data Design - Data Modeling H/F	-	in-progress	2026-10-01T04:05:57.534Z	fm-2026-10-01-f	
https://www.hellowork.com/fr-fr/emplois/76925631.html	https://www.hellowork.com/fr-fr/emplois/76925631.html	Onepoint	Consultant Confirmé en Data Design - Data Modeling H/F	-	submitted	2026-10-01T04:09:09.454Z	fm-2026-10-01-f	Workday guest form (via HelloWork redirect). Confirmation: 'Félicitations ! Bonjour et merci ! Nous avons bien reçu votre candidature et vous remercions sincèrement pour l’intérêt que vous portez à Onepoint !'
https://www.hellowork.com/fr-fr/emplois/83517698.html	https://www.hellowork.com/fr-fr/emplois/83517698.html	L2C	Consultant Servicenow - IA - Data Junior - Paris & Télétravail - 45 - 55 K€ H/F	-	in-progress	2026-10-01T04:09:23.888Z	fm-2026-10-01-f	
https://www.hellowork.com/fr-fr/emplois/83517698.html	https://www.hellowork.com/fr-fr/emplois/83517698.html	L2C	Consultant Servicenow - IA - Data Junior - Paris & Télétravail - 45 - 55 K€ H/F	-	submitted	2026-10-01T04:10:21.543Z	fm-2026-10-01-f	HelloWork: Félicitations ! Votre candidature au poste de Consultant Servicenow ... va être transmise à L2C.
https://www.hellowork.com/fr-fr/emplois/80256948.html	https://www.hellowork.com/fr-fr/emplois/80256948.html	Celad	DevOps Engineer H/F	-	in-progress	2026-10-01T04:10:39.861Z	fm-2026-10-01-f	
https://www.hellowork.com/fr-fr/emplois/80256948.html	https://www.hellowork.com/fr-fr/emplois/80256948.html	Celad	DevOps Engineer H/F	-	submitted	2026-10-01T04:11:21.210Z	fm-2026-10-01-f	HelloWork: Félicitations ! Votre candidature au poste de DevOps Engineer H/F va être transmise à CELAD.
https://www.welcometothejungle.com/en/companies/wavestone/jobs/cdi-consultant-e-architecte-si-secteur-public_paris	https://www.welcometothejungle.com/en/companies/wavestone/jobs/cdi-consultant-e-architecte-si-secteur-public_paris	Wavestone	CDI - Consultant·e Architecte SI – Secteur Public	-	in-progress	2026-10-01T04:11:36.729Z	fm-2026-10-01-f	
https://www.welcometothejungle.com/en/companies/wavestone/jobs/cdi-consultant-e-architecte-si-secteur-public_paris	https://www.welcometothejungle.com/en/companies/wavestone/jobs/cdi-consultant-e-architecte-si-secteur-public_paris	Wavestone	CDI - Consultant·e Architecte SI – Secteur Public	-	submitted	2026-10-01T04:14:56.230Z	fm-2026-10-01-f	WTTJ page after submit: 'Your application has been sent. You can track it in your Application tracking space.'
https://www.hellowork.com/fr-fr/emplois/83469612.html	https://www.hellowork.com/fr-fr/emplois/83469612.html	AGH Consulting	Développeur Python - Ai-Native Developer - IT Innovation H/F	-	in-progress	2026-10-01T04:15:10.364Z	fm-2026-10-01-f	
https://www.hellowork.com/fr-fr/emplois/83469612.html	https://www.hellowork.com/fr-fr/emplois/83469612.html	AGH Consulting	Développeur Python - Ai-Native Developer - IT Innovation H/F	-	submitted	2026-10-01T04:16:13.553Z	fm-2026-10-01-f	HelloWork: Félicitations ! Votre candidature ... va être transmise à AGH Consulting.
https://www.hellowork.com/fr-fr/emplois/75050600.html	https://www.hellowork.com/fr-fr/emplois/75050600.html	CGI	Expert Data Engineer Databricks H/F	-	in-progress	2026-10-01T04:16:26.002Z	fm-2026-10-01-f	
https://www.hellowork.com/fr-fr/emplois/75050600.html	https://www.hellowork.com/fr-fr/emplois/75050600.html	CGI	Expert Data Engineer Databricks H/F	-	submitted	2026-10-01T04:17:50.072Z	fm-2026-10-01-f	Hellowork: 'Félicitations ! Votre candidature au poste de Expert Data Engineer Databricks H/F va être transmise à CGI.'
https://www.free-work.com/fr/tech-it/data-engineer/job-mission/ml-engineer-12	https://www.free-work.com/fr/tech-it/data-engineer/job-mission/ml-engineer-12	VISIAN	ML engineer	-	in-progress	2026-10-01T04:18:03.064Z	fm-2026-10-01-f	
https://www.free-work.com/fr/tech-it/data-engineer/job-mission/ml-engineer-12	https://www.free-work.com/fr/tech-it/data-engineer/job-mission/ml-engineer-12	VISIAN	ML engineer	-	submitted	2026-10-01T04:18:52.041Z	fm-2026-10-01-f	Free-Work own form, already signed in. Page said: Envoyé Votre candidature a été envoyée avec succès.
https://www.hellowork.com/fr-fr/emplois/73632907.html	https://www.hellowork.com/fr-fr/emplois/73632907.html	CGI	Ingénieur Système Linux - Production Bancaire H/F	-	in-progress	2026-10-01T04:19:05.476Z	fm-2026-10-01-f	
https://www.hellowork.com/fr-fr/emplois/73632907.html	https://www.hellowork.com/fr-fr/emplois/73632907.html	CGI	Ingénieur Système Linux - Production Bancaire H/F	-	submitted	2026-10-01T04:20:20.427Z	fm-2026-10-01-f	HelloWork: Félicitations ! Votre candidature au poste de Ingénieur Système Linux - Production Bancaire H/F va être transmise à CGI.
https://www.hellowork.com/fr-fr/emplois/83402083.html	https://www.hellowork.com/fr-fr/emplois/83402083.html	Aegide	Administrateur Systèmes Réseaux et DevOps H/F	-	in-progress	2026-10-01T04:20:33.019Z	fm-2026-10-01-f	
https://www.hellowork.com/fr-fr/emplois/83402083.html	https://www.hellowork.com/fr-fr/emplois/83402083.html	Aegide	Administrateur Systèmes Réseaux et DevOps H/F	-	submitted	2026-10-01T04:21:55.334Z	fm-2026-10-01-f	job.domitys.fr one-click apply; page said: Votre candidature a été envoyée avec succès ! Vous recevrez d’ici peu un email de confirmation
https://www.hellowork.com/fr-fr/emplois/65334887.html	https://www.hellowork.com/fr-fr/emplois/65334887.html	Groupe SII	Consultant Devsecops H/F	-	in-progress	2026-10-01T04:22:08.989Z	fm-2026-10-01-f	
https://www.hellowork.com/fr-fr/emplois/65334887.html	https://www.hellowork.com/fr-fr/emplois/65334887.html	Groupe SII	Consultant Devsecops H/F	-	submitted	2026-10-01T04:23:31.543Z	fm-2026-10-01-f	HelloWork: Félicitations ! Votre candidature au poste de Consultant Devsecops H/F va être transmise à Groupe SII.
https://www.hellowork.com/fr-fr/emplois/80185258.html	https://www.hellowork.com/fr-fr/emplois/80185258.html	ALTEN	Data Engineer Gcp H/F	-	in-progress	2026-10-01T04:23:44.853Z	fm-2026-10-01-f	
https://www.hellowork.com/fr-fr/emplois/80185258.html	https://www.hellowork.com/fr-fr/emplois/80185258.html	ALTEN	Data Engineer Gcp H/F	-	submitted	2026-10-01T04:24:47.642Z	fm-2026-10-01-f	HelloWork: Félicitations ! Votre candidature au poste de Data Engineer Gcp H/F va être transmise à ALTEN.
https://www.welcometothejungle.com/en/companies/skyvisor/jobs/developpeur-logiciel-web-saas-energies-renouvelables_rennes_SKYVI_GARR1mq	https://www.welcometothejungle.com/en/companies/skyvisor/jobs/developpeur-logiciel-web-saas-energies-renouvelables_rennes_SKYVI_GARR1mq	SkyVisor	Développeur logiciel web [SaaS & Energies Renouvelables]	-	in-progress	2026-10-01T04:25:02.467Z	fm-2026-10-01-f	
https://www.welcometothejungle.com/en/companies/skyvisor/jobs/developpeur-logiciel-web-saas-energies-renouvelables_rennes_SKYVI_GARR1mq	https://www.welcometothejungle.com/en/companies/skyvisor/jobs/developpeur-logiciel-web-saas-energies-renouvelables_rennes_SKYVI_GARR1mq	SkyVisor	Développeur logiciel web [SaaS & Energies Renouvelables]	-	submitted	2026-10-01T04:26:41.843Z	fm-2026-10-01-f	Page said: Your application has been sent. You can track it in your Application tracking space.
https://www.free-work.com/fr/tech-it/developpeur-python/job-mission/developpeur-python-ml-ops	https://www.free-work.com/fr/tech-it/developpeur-python/job-mission/developpeur-python-ml-ops	CAT-AMANIA	Développeur Python / ML OPS	-	in-progress	2026-10-01T04:26:58.067Z	fm-2026-10-01-f	
https://www.free-work.com/fr/tech-it/developpeur-python/job-mission/developpeur-python-ml-ops	https://www.free-work.com/fr/tech-it/developpeur-python/job-mission/developpeur-python-ml-ops	CAT-AMANIA	Développeur Python / ML OPS	-	submitted	2026-10-01T04:27:50.642Z	fm-2026-10-01-f	Free-Work form: 'Envoyé Votre candidature a été envoyée avec succès.'
https://www.welcometothejungle.com/en/companies/pyl-tech/jobs/architecte-solution-cloud-souverain-trusted-cloud_paris	https://www.welcometothejungle.com/en/companies/pyl-tech/jobs/architecte-solution-cloud-souverain-trusted-cloud_paris	Pyl.tech	Data Engineer - Ingénieur·e Data / IA	-	in-progress	2026-10-01T04:28:04.403Z	fm-2026-10-01-f	
https://www.welcometothejungle.com/en/companies/pyl-tech/jobs/architecte-solution-cloud-souverain-trusted-cloud_paris	https://www.welcometothejungle.com/en/companies/pyl-tech/jobs/architecte-solution-cloud-souverain-trusted-cloud_paris	Pyl.tech	Data Engineer - Ingénieur·e Data / IA	-	errored	2026-10-01T04:28:58.045Z	fm-2026-10-01-f	sonnet1 usage limit mid-job; handing to the next driver
https://www.welcometothejungle.com/en/companies/pyl-tech/jobs/architecte-solution-cloud-souverain-trusted-cloud_paris	https://www.welcometothejungle.com/en/companies/pyl-tech/jobs/architecte-solution-cloud-souverain-trusted-cloud_paris	Pyl.tech	Data Engineer - Ingénieur·e Data / IA	-	in-progress	2026-10-01T05:12:25.207Z	fm-2026-10-01-f	reclaimed after errored
https://www.welcometothejungle.com/en/companies/pyl-tech/jobs/architecte-solution-cloud-souverain-trusted-cloud_paris	https://www.welcometothejungle.com/en/companies/pyl-tech/jobs/architecte-solution-cloud-souverain-trusted-cloud_paris	Pyl.tech	Data Engineer - Ingénieur·e Data / IA	-	submitted	2026-10-01T05:23:38.107Z	fm-2026-10-01-f	Your application has been sent. You can track it in your Application tracking space.
https://www.hellowork.com/fr-fr/emplois/83949086.html	https://www.hellowork.com/fr-fr/emplois/83949086.html	ALTEN	Epic Owner - Lyon H/F	-	in-progress	2026-10-01T05:24:46.587Z	fm-2026-10-01-f	
https://www.hellowork.com/fr-fr/emplois/83949086.html	https://www.hellowork.com/fr-fr/emplois/83949086.html	ALTEN	Epic Owner - Lyon H/F	-	submitted	2026-10-01T05:26:54.342Z	fm-2026-10-01-f	Félicitations ! Votre candidature au poste de Epic Owner - Lyon H/F va être transmise à ALTEN. Retrouvez l'historique de vos candidatures dans votre espace candidat.
https://www.hellowork.com/fr-fr/emplois/83898170.html	https://www.hellowork.com/fr-fr/emplois/83898170.html	Groupement Apogées	Chef de Projet Transformation des Processus Automatisation & IA H/F	-	in-progress	2026-10-01T05:27:47.785Z	fm-2026-10-01-f	
https://www.hellowork.com/fr-fr/emplois/83898170.html	https://www.hellowork.com/fr-fr/emplois/83898170.html	Groupement Apogées	Chef de Projet Transformation des Processus Automatisation & IA H/F	-	errored	2026-10-01T05:30:18.268Z	fm-2026-10-01-f	Stopped before submit: check.js requiredEmpty=1 for hidden HelloWork job-search Métier field; task requires zero and forbids changing page to make check pass
https://www.hellowork.com/fr-fr/emplois/83886939.html	https://www.hellowork.com/fr-fr/emplois/83886939.html	Boulanger	2 Cloud Engineers H/F	-	in-progress	2026-10-01T05:30:55.410Z	fm-2026-10-01-f	
https://www.hellowork.com/fr-fr/emplois/83886939.html	https://www.hellowork.com/fr-fr/emplois/83886939.html	Boulanger	2 Cloud Engineers H/F	-	submitted	2026-10-01T05:33:28.484Z	fm-2026-10-01-f	Félicitations ! Votre candidature au poste de 2 Cloud Engineers H/F va être transmise à Boulanger. Retrouvez l'historique de vos candidatures dans votre espace candidat.
https://www.hellowork.com/fr-fr/emplois/83780980.html	https://www.hellowork.com/fr-fr/emplois/83780980.html	Hellowork	Ingénieur Intégration Linux - Kubernetes F/H	-	errored	2026-10-01T05:44:44.134Z	fm-2026-10-01-f	check-sent: no HelloWork email: probably not sent (inbox, 2026-10-01); retry
https://www.hellowork.com/fr-fr/emplois/83772210.html	https://www.hellowork.com/fr-fr/emplois/83772210.html	AVISTO	Leader Technique Python - Test &Validation H/F	-	errored	2026-10-01T05:44:44.217Z	fm-2026-10-01-f	check-sent: no HelloWork email: probably not sent (inbox, 2026-10-01); retry
https://www.hellowork.com/fr-fr/emplois/75050581.html	https://www.hellowork.com/fr-fr/emplois/75050581.html	CGI	Consultant Data Dataiku - Services Financiers H/F	-	errored	2026-10-01T05:44:44.291Z	fm-2026-10-01-f	check-sent: no HelloWork email: probably not sent (inbox, 2026-10-01); retry
https://www.hellowork.com/fr-fr/emplois/83950892.html	https://www.hellowork.com/fr-fr/emplois/83950892.html	HOUSE OF ABY	Data Scientist IA H/F	-	errored	2026-10-01T05:44:44.369Z	fm-2026-10-01-f	check-sent: no HelloWork email: probably not sent (inbox, 2026-10-01); retry
https://www.hellowork.com/fr-fr/emplois/83541611.html	https://www.hellowork.com/fr-fr/emplois/83541611.html	CGI	Ingénieur Systèmes Linux H/F	-	errored	2026-10-01T05:44:44.454Z	fm-2026-10-01-f	check-sent: no HelloWork email: probably not sent (inbox, 2026-10-01); retry
https://www.hellowork.com/fr-fr/emplois/75050600.html	https://www.hellowork.com/fr-fr/emplois/75050600.html	CGI	Expert Data Engineer Databricks H/F	-	errored	2026-10-01T05:44:44.538Z	fm-2026-10-01-f	check-sent: no HelloWork email: probably not sent (inbox, 2026-10-01); retry
https://www.hellowork.com/fr-fr/emplois/73632907.html	https://www.hellowork.com/fr-fr/emplois/73632907.html	CGI	Ingénieur Système Linux - Production Bancaire H/F	-	errored	2026-10-01T05:44:44.641Z	fm-2026-10-01-f	check-sent: no HelloWork email: probably not sent (inbox, 2026-10-01); retry
https://www.hellowork.com/fr-fr/emplois/83938766.html	https://www.hellowork.com/fr-fr/emplois/83938766.html	veepee_france	Full-Stack Developer - Monitoring Services H/F	-	in-progress	2026-10-01T06:05:59.236Z	fm-2026-10-01-g	
https://www.hellowork.com/fr-fr/emplois/83938766.html	https://www.hellowork.com/fr-fr/emplois/83938766.html	veepee_france	Full-Stack Developer - Monitoring Services H/F	-	submitted	2026-10-01T06:10:52.074Z	fm-2026-10-01-g	Lever confirmation: Application submitted!
https://www.cadremploi.fr/emploi/detail_offre?offreId=156550306001978543&provenance=apec	https://www.cadremploi.fr/emploi/detail_offre?offreId=156550306001978543&provenance=apec&utm_source=apec&utm_medium=flux&utm_campaign=apec_agregateur__flux_offres	cadremploi	Ingénieur DevOps — Déploiement d'une plateforme low-code (Citizen Dev) F/H	-	in-progress	2026-10-01T06:11:40.420Z	fm-2026-10-01-g	reclaimed after errored
https://www.cadremploi.fr/emploi/detail_offre?offreId=156550306001978543&provenance=apec	https://www.cadremploi.fr/emploi/detail_offre?offreId=156550306001978543&provenance=apec&utm_source=apec&utm_medium=flux&utm_campaign=apec_agregateur__flux_offres	cadremploi	Ingénieur DevOps — Déploiement d'une plateforme low-code (Citizen Dev) F/H	-	errored	2026-10-01T06:12:26.945Z	fm-2026-10-01-g	Cadremploi posting explicitly says: Désolé, cette offre est expirée. No application submitted.
https://www.hellowork.com/fr-fr/emplois/83949290.html	https://www.hellowork.com/fr-fr/emplois/83949290.html	Airria	DevOps H/F	-	in-progress	2026-10-01T06:12:56.917Z	fm-2026-10-01-g	
https://www.hellowork.com/fr-fr/emplois/83949290.html	https://www.hellowork.com/fr-fr/emplois/83949290.html	Airria	DevOps H/F	-	submitted	2026-10-01T06:17:14.482Z	fm-2026-10-01-g	Félicitations ! Votre candidature au poste de DevOps H/F va être transmise à Airria. Retrouvez l'historique de vos candidatures dans votre espace candidat.
https://www.hellowork.com/fr-fr/emplois/81943301.html	https://www.hellowork.com/fr-fr/emplois/81943301.html	Ametra	Ingénieur Validation - Développeur Python H/F	-	in-progress	2026-10-01T06:18:01.227Z	fm-2026-10-01-g	
https://www.hellowork.com/fr-fr/emplois/81943301.html	https://www.hellowork.com/fr-fr/emplois/81943301.html	Ametra	Ingénieur Validation - Développeur Python H/F	-	submitted	2026-10-01T06:21:18.396Z	fm-2026-10-01-g	Félicitations ! Votre candidature au poste de Ingénieur Validation - Développeur Python H/F va être transmise à Ametra. Retrouvez l'historique de vos candidatures dans votre espace candidat.
https://www.welcometothejungle.com/en/companies/sopra-steria/jobs/ingenieur-cloud-ia-generative-gcp-aws-ou-azure-digital-factory-lille_villeneuve-d-ascq	https://www.welcometothejungle.com/en/companies/sopra-steria/jobs/ingenieur-cloud-ia-generative-gcp-aws-ou-azure-digital-factory-lille_villeneuve-d-ascq	Sopra Steria	Ingénieur(e) Cloud IA Générative (GCP, AWS ou Azure) - Digital Factory - Lille	-	in-progress	2026-10-01T06:22:10.994Z	fm-2026-10-01-g	
https://www.welcometothejungle.com/en/companies/sopra-steria/jobs/ingenieur-cloud-ia-generative-gcp-aws-ou-azure-digital-factory-lille_villeneuve-d-ascq	https://www.welcometothejungle.com/en/companies/sopra-steria/jobs/ingenieur-cloud-ia-generative-gcp-aws-ou-azure-digital-factory-lille_villeneuve-d-ascq	Sopra Steria	Ingénieur(e) Cloud IA Générative (GCP, AWS ou Azure) - Digital Factory - Lille	-	submitted	2026-10-01T06:26:19.926Z	fm-2026-10-01-g	Votre candidature a bien été envoyée !
https://www.hellowork.com/fr-fr/emplois/83715159.html	https://www.hellowork.com/fr-fr/emplois/83715159.html?utm_campaign=staffing+-+production+2+-+apec&utm_content=fluxapec&utm_medium=metamoteurs-free&utm_source=apec&utm_term=83715159	Hellowork	Ingénieur de Production DevOps F/H	-	in-progress	2026-10-01T06:27:12.814Z	fm-2026-10-01-g	reclaimed after already-applied
https://www.hellowork.com/fr-fr/emplois/83715159.html	https://www.hellowork.com/fr-fr/emplois/83715159.html?utm_campaign=staffing+-+production+2+-+apec&utm_content=fluxapec&utm_medium=metamoteurs-free&utm_source=apec&utm_term=83715159	Hellowork	Ingénieur de Production DevOps F/H	-	already-applied	2026-10-01T06:31:03.916Z	fm-2026-10-01-g	HelloWork refused duplicate: Vous avez déjà postulé à cette offre. Nous ne pouvons pas transmettre une 2ème fois votre candidature au recruteur.
https://www.hellowork.com/fr-fr/emplois/83425364.html	https://www.hellowork.com/fr-fr/emplois/83425364.html?utm_campaign=staffing+-+apec+-+informatique&utm_content=fluxapec&utm_medium=metamoteurs-free&utm_source=apec&utm_term=83425364	Hellowork	DevOps Linux - Ansible - Toulouse F/H	-	in-progress	2026-10-01T06:34:28.020Z	fm-2026-10-01-g	
https://www.hellowork.com/fr-fr/emplois/83425364.html	https://www.hellowork.com/fr-fr/emplois/83425364.html?utm_campaign=staffing+-+apec+-+informatique&utm_content=fluxapec&utm_medium=metamoteurs-free&utm_source=apec&utm_term=83425364	Hellowork	DevOps Linux - Ansible - Toulouse F/H	-	submitted	2026-10-01T06:40:35.725Z	fm-2026-10-01-g	Félicitations ! Votre candidature au poste de DevOps Linux - Ansible - Toulouse H/F va être transmise à HELPLINE. Retrouvez l'historique de vos candidatures dans votre espace candidat.
https://www.hellowork.com/fr-fr/emplois/81534922.html	https://www.hellowork.com/fr-fr/emplois/81534922.html	Devoteam France	Développeur Python Fullstack H/F	-	in-progress	2026-10-01T06:41:36.072Z	fm-2026-10-01-g	
https://www.hellowork.com/fr-fr/emplois/81534922.html	https://www.hellowork.com/fr-fr/emplois/81534922.html	Devoteam France	Développeur Python Fullstack H/F	-	submitted	2026-10-01T06:45:26.565Z	fm-2026-10-01-g	Félicitations ! Votre candidature au poste de Développeur Python Fullstack H/F va être transmise à Devoteam France. Retrouvez l'historique de vos candidatures dans votre espace candidat.
https://www.hellowork.com/fr-fr/emplois/81534765.html	https://www.hellowork.com/fr-fr/emplois/81534765.html	Devoteam France	Cloud Ingénieur Azure H/F	-	in-progress	2026-10-01T06:46:14.270Z	fm-2026-10-01-g	
https://www.hellowork.com/fr-fr/emplois/81534765.html	https://www.hellowork.com/fr-fr/emplois/81534765.html	Devoteam France	Cloud Ingénieur Azure H/F	-	submitted	2026-10-01T07:06:38.888Z	fm-2026-10-01-g	Félicitations ! Votre candidature au poste de Cloud Ingénieur Azure H/F va être transmise à Devoteam France.
https://www.hellowork.com/fr-fr/emplois/81411860.html	https://www.hellowork.com/fr-fr/emplois/81411860.html	Onepoint	Data Engineer Confirmé Databricks H/F	-	in-progress	2026-10-01T12:08:45.311Z	fm-2026-10-01-g	
https://www.hellowork.com/fr-fr/emplois/81411860.html	https://www.hellowork.com/fr-fr/emplois/81411860.html	Onepoint	Data Engineer Confirmé Databricks H/F	-	errored	2026-10-01T12:13:57.938Z	fm-2026-10-01-g	Workday account creation succeeded but login failed with stored/new password and password reset email not received
